ISO-10303-21;
HEADER;
/* Generated by software containing ST-Developer
 * from STEP Tools, Inc. (www.steptools.com) 
 */

FILE_DESCRIPTION(
/* description */ (''),
/* implementation_level */ '2;1');

FILE_NAME(
/* name */ 'D:/Desktop/12mm Push Button Amazon.step',
/* time_stamp */ '2021-01-21T11:51:57+01:00',
/* author */ (''),
/* organization */ (''),
/* preprocessor_version */ 'ST-DEVELOPER v18.1',
/* originating_system */ 'Autodesk Translation Framework v9.7.1.1290',
/* authorisation */ '');

FILE_SCHEMA (('AUTOMOTIVE_DESIGN { 1 0 10303 214 3 1 1 }'));
ENDSEC;

DATA;
#10=MECHANICAL_DESIGN_GEOMETRIC_PRESENTATION_REPRESENTATION('',(#13,#14,
#15,#16),#3491);
#11=SHAPE_REPRESENTATION_RELATIONSHIP('SRR','None',#3498,#12);
#12=ADVANCED_BREP_SHAPE_REPRESENTATION('',(#17,#18,#19,#20),#3490);
#13=STYLED_ITEM('',(#3508),#17);
#14=STYLED_ITEM('',(#3509),#18);
#15=STYLED_ITEM('',(#3510),#19);
#16=STYLED_ITEM('',(#3510),#20);
#17=MANIFOLD_SOLID_BREP('Body1',#952);
#18=MANIFOLD_SOLID_BREP('Body2',#953);
#19=MANIFOLD_SOLID_BREP('Body3',#954);
#20=MANIFOLD_SOLID_BREP('Body4',#955);
#21=SPHERICAL_SURFACE('',#1006,8.75);
#22=SPHERICAL_SURFACE('',#1014,5.99999999999999);
#23=FACE_BOUND('',#142,.T.);
#24=FACE_BOUND('',#145,.T.);
#25=FACE_BOUND('',#158,.T.);
#26=FACE_BOUND('',#160,.T.);
#27=FACE_BOUND('',#172,.T.);
#28=FACE_BOUND('',#174,.T.);
#29=CONICAL_SURFACE('',#1003,5.50000008940697,0.785398163397448);
#30=B_SPLINE_SURFACE_WITH_KNOTS('',3,3,((#2359,#2360,#2361,#2362,#2363,
#2364,#2365,#2366,#2367,#2368,#2369,#2370,#2371,#2372,#2373,#2374,#2375,
#2376,#2377,#2378,#2379,#2380,#2381,#2382,#2383,#2384,#2385,#2386,#2387,
#2388,#2389,#2390,#2391,#2392,#2393,#2394,#2395,#2396,#2397,#2398,#2399,
#2400,#2401,#2402,#2403,#2404,#2405,#2406,#2407,#2408,#2409,#2410,#2411,
#2412,#2413,#2414,#2415,#2416,#2417,#2418,#2419,#2420,#2421,#2422,#2423,
#2424,#2425,#2426,#2427,#2428,#2429,#2430,#2431,#2432,#2433,#2434,#2435,
#2436,#2437,#2438,#2439,#2440,#2441,#2442,#2443,#2444,#2445,#2446,#2447,
#2448,#2449),(#2450,#2451,#2452,#2453,#2454,#2455,#2456,#2457,#2458,#2459,
#2460,#2461,#2462,#2463,#2464,#2465,#2466,#2467,#2468,#2469,#2470,#2471,
#2472,#2473,#2474,#2475,#2476,#2477,#2478,#2479,#2480,#2481,#2482,#2483,
#2484,#2485,#2486,#2487,#2488,#2489,#2490,#2491,#2492,#2493,#2494,#2495,
#2496,#2497,#2498,#2499,#2500,#2501,#2502,#2503,#2504,#2505,#2506,#2507,
#2508,#2509,#2510,#2511,#2512,#2513,#2514,#2515,#2516,#2517,#2518,#2519,
#2520,#2521,#2522,#2523,#2524,#2525,#2526,#2527,#2528,#2529,#2530,#2531,
#2532,#2533,#2534,#2535,#2536,#2537,#2538,#2539,#2540),(#2541,#2542,#2543,
#2544,#2545,#2546,#2547,#2548,#2549,#2550,#2551,#2552,#2553,#2554,#2555,
#2556,#2557,#2558,#2559,#2560,#2561,#2562,#2563,#2564,#2565,#2566,#2567,
#2568,#2569,#2570,#2571,#2572,#2573,#2574,#2575,#2576,#2577,#2578,#2579,
#2580,#2581,#2582,#2583,#2584,#2585,#2586,#2587,#2588,#2589,#2590,#2591,
#2592,#2593,#2594,#2595,#2596,#2597,#2598,#2599,#2600,#2601,#2602,#2603,
#2604,#2605,#2606,#2607,#2608,#2609,#2610,#2611,#2612,#2613,#2614,#2615,
#2616,#2617,#2618,#2619,#2620,#2621,#2622,#2623,#2624,#2625,#2626,#2627,
#2628,#2629,#2630,#2631),(#2632,#2633,#2634,#2635,#2636,#2637,#2638,#2639,
#2640,#2641,#2642,#2643,#2644,#2645,#2646,#2647,#2648,#2649,#2650,#2651,
#2652,#2653,#2654,#2655,#2656,#2657,#2658,#2659,#2660,#2661,#2662,#2663,
#2664,#2665,#2666,#2667,#2668,#2669,#2670,#2671,#2672,#2673,#2674,#2675,
#2676,#2677,#2678,#2679,#2680,#2681,#2682,#2683,#2684,#2685,#2686,#2687,
#2688,#2689,#2690,#2691,#2692,#2693,#2694,#2695,#2696,#2697,#2698,#2699,
#2700,#2701,#2702,#2703,#2704,#2705,#2706,#2707,#2708,#2709,#2710,#2711,
#2712,#2713,#2714,#2715,#2716,#2717,#2718,#2719,#2720,#2721,#2722)),
 .UNSPECIFIED.,.F.,.F.,.F.,(4,4),(4,1,1,1,1,1,1,1,1,1,1,1,1,1,1,1,1,1,1,
1,1,1,1,1,1,1,1,1,1,1,1,1,1,1,1,1,1,1,1,1,1,1,1,1,1,1,1,1,1,1,1,1,1,1,1,
1,1,1,1,1,1,1,1,1,1,1,1,1,1,1,1,1,1,1,1,1,1,1,1,1,1,1,1,1,1,1,1,1,4),(0.,
0.0498541957445243),(24.59066074531,25.0903901738996,25.5901196024892,26.0898490310788,
26.5895784596684,27.089307888258,27.5890373168477,28.0887667454373,28.5884961740269,
29.0882256026165,29.5879550312061,30.0876844597957,30.5874138883853,31.0871433169749,
31.5868727455645,32.0866021741541,32.5863316027437,33.0860610313334,33.585790459923,
34.0855198885126,34.5852493171022,35.0849787456918,35.5847081742814,36.084437602871,
36.5841670314606,37.0838964600502,37.5836258886398,38.0833553172294,38.5830847458191,
39.0828141744087,39.5825436029983,40.0822730315879,40.5820024601775,41.0817318887671,
41.5814613173567,42.0811907459463,42.5809201745359,43.0806496031255,43.5803790317151,
44.0801084603047,44.5798378888944,45.079567317484,45.5792967460736,46.0790261746632,
46.5787556032528,47.0784850318424,47.578214460432,48.0779438890216,48.5776733176112,
49.0774027462008,49.5771321747904,50.0768616033801,50.5765910319697,51.0763204605593,
51.5760498891489,52.0757793177385,52.5755087463281,53.0752381749177,53.5749676035073,
54.0746970320969,54.5744264606865,55.0741558892761,55.5738853178658,56.0736147464554,
56.573344175045,57.0730736036346,57.5728030322242,58.0725324608138,58.5722618894034,
59.071991317993,59.5717207465826,60.0714501751722,60.5711796037618,61.0709090323514,
61.5706384609411,62.0703678895307,62.5700973181203,63.0698267467099,63.5695561752995,
64.0692856038891,64.5690150324787,65.0687444610683,65.5684738896579,66.0682033182475,
66.5679327468371,67.0676621754268,67.5673916040164,68.067121032606,68.5668504611956),
 .UNSPECIFIED.);
#31=B_SPLINE_SURFACE_WITH_KNOTS('',3,3,((#2967,#2968,#2969,#2970,#2971,
#2972,#2973,#2974,#2975,#2976,#2977,#2978,#2979,#2980,#2981,#2982,#2983,
#2984,#2985,#2986,#2987,#2988,#2989,#2990,#2991,#2992,#2993,#2994,#2995,
#2996,#2997,#2998,#2999,#3000,#3001,#3002,#3003,#3004,#3005,#3006,#3007,
#3008,#3009,#3010,#3011,#3012,#3013,#3014,#3015,#3016,#3017,#3018,#3019,
#3020,#3021,#3022,#3023,#3024,#3025,#3026,#3027,#3028,#3029,#3030,#3031,
#3032,#3033,#3034,#3035,#3036,#3037,#3038,#3039,#3040,#3041,#3042,#3043,
#3044,#3045,#3046,#3047,#3048,#3049,#3050,#3051,#3052,#3053,#3054,#3055,
#3056,#3057),(#3058,#3059,#3060,#3061,#3062,#3063,#3064,#3065,#3066,#3067,
#3068,#3069,#3070,#3071,#3072,#3073,#3074,#3075,#3076,#3077,#3078,#3079,
#3080,#3081,#3082,#3083,#3084,#3085,#3086,#3087,#3088,#3089,#3090,#3091,
#3092,#3093,#3094,#3095,#3096,#3097,#3098,#3099,#3100,#3101,#3102,#3103,
#3104,#3105,#3106,#3107,#3108,#3109,#3110,#3111,#3112,#3113,#3114,#3115,
#3116,#3117,#3118,#3119,#3120,#3121,#3122,#3123,#3124,#3125,#3126,#3127,
#3128,#3129,#3130,#3131,#3132,#3133,#3134,#3135,#3136,#3137,#3138,#3139,
#3140,#3141,#3142,#3143,#3144,#3145,#3146,#3147,#3148),(#3149,#3150,#3151,
#3152,#3153,#3154,#3155,#3156,#3157,#3158,#3159,#3160,#3161,#3162,#3163,
#3164,#3165,#3166,#3167,#3168,#3169,#3170,#3171,#3172,#3173,#3174,#3175,
#3176,#3177,#3178,#3179,#3180,#3181,#3182,#3183,#3184,#3185,#3186,#3187,
#3188,#3189,#3190,#3191,#3192,#3193,#3194,#3195,#3196,#3197,#3198,#3199,
#3200,#3201,#3202,#3203,#3204,#3205,#3206,#3207,#3208,#3209,#3210,#3211,
#3212,#3213,#3214,#3215,#3216,#3217,#3218,#3219,#3220,#3221,#3222,#3223,
#3224,#3225,#3226,#3227,#3228,#3229,#3230,#3231,#3232,#3233,#3234,#3235,
#3236,#3237,#3238,#3239),(#3240,#3241,#3242,#3243,#3244,#3245,#3246,#3247,
#3248,#3249,#3250,#3251,#3252,#3253,#3254,#3255,#3256,#3257,#3258,#3259,
#3260,#3261,#3262,#3263,#3264,#3265,#3266,#3267,#3268,#3269,#3270,#3271,
#3272,#3273,#3274,#3275,#3276,#3277,#3278,#3279,#3280,#3281,#3282,#3283,
#3284,#3285,#3286,#3287,#3288,#3289,#3290,#3291,#3292,#3293,#3294,#3295,
#3296,#3297,#3298,#3299,#3300,#3301,#3302,#3303,#3304,#3305,#3306,#3307,
#3308,#3309,#3310,#3311,#3312,#3313,#3314,#3315,#3316,#3317,#3318,#3319,
#3320,#3321,#3322,#3323,#3324,#3325,#3326,#3327,#3328,#3329,#3330)),
 .UNSPECIFIED.,.F.,.F.,.F.,(4,4),(4,1,1,1,1,1,1,1,1,1,1,1,1,1,1,1,1,1,1,
1,1,1,1,1,1,1,1,1,1,1,1,1,1,1,1,1,1,1,1,1,1,1,1,1,1,1,1,1,1,1,1,1,1,1,1,
1,1,1,1,1,1,1,1,1,1,1,1,1,1,1,1,1,1,1,1,1,1,1,1,1,1,1,1,1,1,1,1,1,4),(0.,
0.0498541957445243),(27.9177446138821,28.4174740424717,28.9172034710614,
29.416932899651,29.9166623282406,30.4163917568302,30.9161211854198,31.4158506140094,
31.915580042599,32.4153094711886,32.9150388997782,33.4147683283678,33.9144977569574,
34.4142271855471,34.9139566141367,35.4136860427263,35.9134154713159,36.4131448999055,
36.9128743284951,37.4126037570847,37.9123331856743,38.4120626142639,38.9117920428535,
39.4115214714431,39.9112509000328,40.4109803286224,40.910709757212,41.4104391858016,
41.9101686143912,42.4098980429808,42.9096274715704,43.40935690016,43.9090863287496,
44.4088157573392,44.9085451859288,45.4082746145184,45.9080040431081,46.4077334716977,
46.9074629002873,47.4071923288769,47.9069217574665,48.4066511860561,48.9063806146457,
49.4061100432353,49.9058394718249,50.4055689004145,50.9052983290041,51.4050277575938,
51.9047571861834,52.404486614773,52.9042160433626,53.4039454719522,53.9036749005418,
54.4034043291314,54.903133757721,55.4028631863106,55.9025926149002,56.4023220434898,
56.9020514720794,57.4017809006691,57.9015103292587,58.4012397578483,58.9009691864379,
59.4006986150275,59.9004280436171,60.4001574722067,60.8998869007963,61.3996163293859,
61.8993457579755,62.3990751865651,62.8988046151548,63.3985340437444,63.898263472334,
64.3979929009236,64.8977223295132,65.3974517581028,65.8971811866924,66.396910615282,
66.8966400438716,67.3963694724612,67.8960989010508,68.3958283296405,68.8955577582301,
69.3952871868197,69.8950166154093,70.3947460439989,70.8944754725885,71.3942049011781,
71.8939343297677),.UNSPECIFIED.);
#32=PLANE('',#988);
#33=PLANE('',#992);
#34=PLANE('',#994);
#35=PLANE('',#1002);
#36=PLANE('',#1004);
#37=PLANE('',#1009);
#38=PLANE('',#1010);
#39=PLANE('',#1012);
#40=PLANE('',#1019);
#41=PLANE('',#1023);
#42=PLANE('',#1027);
#43=PLANE('',#1028);
#44=PLANE('',#1029);
#45=PLANE('',#1030);
#46=PLANE('',#1031);
#47=PLANE('',#1032);
#48=PLANE('',#1033);
#49=PLANE('',#1034);
#50=PLANE('',#1035);
#51=PLANE('',#1039);
#52=PLANE('',#1043);
#53=PLANE('',#1044);
#54=PLANE('',#1045);
#55=PLANE('',#1046);
#56=PLANE('',#1047);
#57=PLANE('',#1048);
#58=PLANE('',#1049);
#59=PLANE('',#1050);
#60=FACE_OUTER_BOUND('',#116,.T.);
#61=FACE_OUTER_BOUND('',#117,.T.);
#62=FACE_OUTER_BOUND('',#118,.T.);
#63=FACE_OUTER_BOUND('',#119,.T.);
#64=FACE_OUTER_BOUND('',#120,.T.);
#65=FACE_OUTER_BOUND('',#121,.T.);
#66=FACE_OUTER_BOUND('',#122,.T.);
#67=FACE_OUTER_BOUND('',#123,.T.);
#68=FACE_OUTER_BOUND('',#124,.T.);
#69=FACE_OUTER_BOUND('',#125,.T.);
#70=FACE_OUTER_BOUND('',#126,.T.);
#71=FACE_OUTER_BOUND('',#127,.T.);
#72=FACE_OUTER_BOUND('',#128,.T.);
#73=FACE_OUTER_BOUND('',#129,.T.);
#74=FACE_OUTER_BOUND('',#130,.T.);
#75=FACE_OUTER_BOUND('',#131,.T.);
#76=FACE_OUTER_BOUND('',#132,.T.);
#77=FACE_OUTER_BOUND('',#133,.T.);
#78=FACE_OUTER_BOUND('',#134,.T.);
#79=FACE_OUTER_BOUND('',#135,.T.);
#80=FACE_OUTER_BOUND('',#136,.T.);
#81=FACE_OUTER_BOUND('',#137,.T.);
#82=FACE_OUTER_BOUND('',#138,.T.);
#83=FACE_OUTER_BOUND('',#139,.T.);
#84=FACE_OUTER_BOUND('',#140,.T.);
#85=FACE_OUTER_BOUND('',#141,.T.);
#86=FACE_OUTER_BOUND('',#143,.T.);
#87=FACE_OUTER_BOUND('',#144,.T.);
#88=FACE_OUTER_BOUND('',#146,.T.);
#89=FACE_OUTER_BOUND('',#147,.T.);
#90=FACE_OUTER_BOUND('',#148,.T.);
#91=FACE_OUTER_BOUND('',#149,.T.);
#92=FACE_OUTER_BOUND('',#150,.T.);
#93=FACE_OUTER_BOUND('',#151,.T.);
#94=FACE_OUTER_BOUND('',#152,.T.);
#95=FACE_OUTER_BOUND('',#153,.T.);
#96=FACE_OUTER_BOUND('',#154,.T.);
#97=FACE_OUTER_BOUND('',#155,.T.);
#98=FACE_OUTER_BOUND('',#156,.T.);
#99=FACE_OUTER_BOUND('',#157,.T.);
#100=FACE_OUTER_BOUND('',#159,.T.);
#101=FACE_OUTER_BOUND('',#161,.T.);
#102=FACE_OUTER_BOUND('',#162,.T.);
#103=FACE_OUTER_BOUND('',#163,.T.);
#104=FACE_OUTER_BOUND('',#164,.T.);
#105=FACE_OUTER_BOUND('',#165,.T.);
#106=FACE_OUTER_BOUND('',#166,.T.);
#107=FACE_OUTER_BOUND('',#167,.T.);
#108=FACE_OUTER_BOUND('',#168,.T.);
#109=FACE_OUTER_BOUND('',#169,.T.);
#110=FACE_OUTER_BOUND('',#170,.T.);
#111=FACE_OUTER_BOUND('',#171,.T.);
#112=FACE_OUTER_BOUND('',#173,.T.);
#113=FACE_OUTER_BOUND('',#175,.T.);
#114=FACE_OUTER_BOUND('',#176,.T.);
#115=FACE_OUTER_BOUND('',#177,.T.);
#116=EDGE_LOOP('',(#605,#606,#607,#608,#609,#610,#611,#612));
#117=EDGE_LOOP('',(#613,#614,#615,#616));
#118=EDGE_LOOP('',(#617,#618,#619,#620));
#119=EDGE_LOOP('',(#621,#622,#623,#624));
#120=EDGE_LOOP('',(#625,#626,#627,#628));
#121=EDGE_LOOP('',(#629,#630,#631,#632));
#122=EDGE_LOOP('',(#633,#634,#635,#636,#637));
#123=EDGE_LOOP('',(#638,#639,#640,#641));
#124=EDGE_LOOP('',(#642,#643,#644,#645));
#125=EDGE_LOOP('',(#646,#647,#648,#649));
#126=EDGE_LOOP('',(#650,#651,#652,#653));
#127=EDGE_LOOP('',(#654,#655,#656,#657));
#128=EDGE_LOOP('',(#658,#659,#660,#661));
#129=EDGE_LOOP('',(#662,#663,#664,#665));
#130=EDGE_LOOP('',(#666));
#131=EDGE_LOOP('',(#667,#668,#669,#670));
#132=EDGE_LOOP('',(#671,#672,#673,#674));
#133=EDGE_LOOP('',(#675,#676,#677,#678,#679,#680,#681,#682,#683,#684,#685,
#686,#687,#688,#689,#690,#691,#692));
#134=EDGE_LOOP('',(#693,#694,#695,#696,#697));
#135=EDGE_LOOP('',(#698,#699,#700,#701));
#136=EDGE_LOOP('',(#702,#703,#704,#705,#706,#707,#708,#709,#710,#711,#712,
#713,#714,#715,#716,#717,#718));
#137=EDGE_LOOP('',(#719,#720,#721));
#138=EDGE_LOOP('',(#722,#723,#724,#725));
#139=EDGE_LOOP('',(#726));
#140=EDGE_LOOP('',(#727,#728,#729,#730,#731,#732));
#141=EDGE_LOOP('',(#733));
#142=EDGE_LOOP('',(#734));
#143=EDGE_LOOP('',(#735,#736,#737,#738));
#144=EDGE_LOOP('',(#739));
#145=EDGE_LOOP('',(#740));
#146=EDGE_LOOP('',(#741));
#147=EDGE_LOOP('',(#742));
#148=EDGE_LOOP('',(#743,#744,#745,#746,#747));
#149=EDGE_LOOP('',(#748,#749,#750,#751,#752));
#150=EDGE_LOOP('',(#753,#754,#755,#756));
#151=EDGE_LOOP('',(#757,#758,#759,#760));
#152=EDGE_LOOP('',(#761,#762,#763,#764));
#153=EDGE_LOOP('',(#765,#766,#767,#768));
#154=EDGE_LOOP('',(#769,#770,#771,#772));
#155=EDGE_LOOP('',(#773,#774,#775,#776));
#156=EDGE_LOOP('',(#777,#778,#779,#780));
#157=EDGE_LOOP('',(#781,#782,#783,#784,#785,#786));
#158=EDGE_LOOP('',(#787,#788,#789,#790));
#159=EDGE_LOOP('',(#791,#792,#793,#794,#795,#796));
#160=EDGE_LOOP('',(#797,#798,#799,#800));
#161=EDGE_LOOP('',(#801,#802,#803,#804));
#162=EDGE_LOOP('',(#805,#806,#807,#808));
#163=EDGE_LOOP('',(#809,#810,#811,#812));
#164=EDGE_LOOP('',(#813,#814,#815,#816));
#165=EDGE_LOOP('',(#817,#818,#819,#820));
#166=EDGE_LOOP('',(#821,#822,#823,#824));
#167=EDGE_LOOP('',(#825,#826,#827,#828));
#168=EDGE_LOOP('',(#829,#830,#831,#832));
#169=EDGE_LOOP('',(#833,#834,#835,#836));
#170=EDGE_LOOP('',(#837,#838,#839,#840));
#171=EDGE_LOOP('',(#841,#842,#843,#844,#845,#846));
#172=EDGE_LOOP('',(#847,#848,#849,#850));
#173=EDGE_LOOP('',(#851,#852,#853,#854,#855,#856));
#174=EDGE_LOOP('',(#857,#858,#859,#860));
#175=EDGE_LOOP('',(#861,#862,#863,#864));
#176=EDGE_LOOP('',(#865,#866,#867,#868));
#177=EDGE_LOOP('',(#869,#870,#871,#872));
#178=CIRCLE('',#970,5.954);
#179=CIRCLE('',#971,5.954);
#180=CIRCLE('',#972,5.954);
#181=CIRCLE('',#979,5.954);
#182=CIRCLE('',#981,5.52225);
#183=CIRCLE('',#989,5.043560250458);
#184=CIRCLE('',#991,5.043560250458);
#185=CIRCLE('',#993,5.954);
#186=CIRCLE('',#995,5.52225);
#187=CIRCLE('',#998,5.954);
#188=CIRCLE('',#1000,5.00000008940697);
#189=CIRCLE('',#1001,5.00000008940697);
#190=CIRCLE('',#1005,6.8053287944081);
#191=CIRCLE('',#1007,8.75);
#192=CIRCLE('',#1008,8.75);
#193=CIRCLE('',#1011,5.043560250458);
#194=CIRCLE('',#1013,2.71615537110821);
#195=CIRCLE('',#1015,5.99999999999999);
#196=CIRCLE('',#1016,5.043560250458);
#197=CIRCLE('',#1017,5.043560250458);
#198=CIRCLE('',#1021,0.75);
#199=CIRCLE('',#1022,0.75);
#200=CIRCLE('',#1025,0.75);
#201=CIRCLE('',#1026,0.75);
#202=CIRCLE('',#1037,0.75);
#203=CIRCLE('',#1038,0.75);
#204=CIRCLE('',#1041,0.75);
#205=CIRCLE('',#1042,0.75);
#206=B_SPLINE_CURVE_WITH_KNOTS('',3,(#1294,#1295,#1296,#1297,#1298,#1299,
#1300,#1301,#1302,#1303,#1304,#1305,#1306,#1307,#1308,#1309,#1310,#1311,
#1312,#1313,#1314,#1315,#1316,#1317,#1318,#1319,#1320,#1321,#1322,#1323,
#1324),.UNSPECIFIED.,.F.,.F.,(4,3,3,3,3,3,3,3,3,3,4),(-6.63977457560554,
-6.49648257166492,-5.99675314307531,-5.4970237144857,-4.99729428589609,
-4.49756485730648,-3.99783542871687,-3.49810600012726,-2.99837657153765,
-2.49864714294804,-2.08828766802167),.UNSPECIFIED.);
#207=B_SPLINE_CURVE_WITH_KNOTS('',3,(#1332,#1333,#1334,#1335,#1336,#1337,
#1338,#1339,#1340,#1341,#1342,#1343,#1344,#1345,#1346,#1347,#1348,#1349,
#1350,#1351,#1352,#1353,#1354,#1355,#1356),.UNSPECIFIED.,.F.,.F.,(4,3,3,
3,3,3,3,3,4),(0.,0.499729428589604,0.999458857179215,1.49918828576883,1.99891771435844,
2.49864714294804,2.99837657153765,3.49810600012726,3.68367313699809),
 .UNSPECIFIED.);
#208=B_SPLINE_CURVE_WITH_KNOTS('',3,(#1361,#1362,#1363,#1364,#1365,#1366,
#1367,#1368,#1369,#1370,#1371,#1372,#1373,#1374,#1375,#1376,#1377,#1378,
#1379,#1380,#1381,#1382,#1383,#1384,#1385,#1386,#1387,#1388,#1389,#1390,
#1391,#1392,#1393,#1394,#1395,#1396,#1397,#1398,#1399,#1400),
 .UNSPECIFIED.,.F.,.F.,(4,3,3,3,3,3,3,3,3,3,3,3,3,4),(-12.9229598827851,
-12.4932357147402,-11.9935062861506,-11.493776857561,-10.9940474289714,
-10.4943180003818,-9.99458857179217,-9.49485914320257,-8.99512971461296,
-8.49540028602335,-7.99567085743374,-7.49594142884413,-6.99621200025453,
-6.63977457560554),.UNSPECIFIED.);
#209=B_SPLINE_CURVE_WITH_KNOTS('',3,(#1401,#1402,#1403,#1404,#1405,#1406,
#1407,#1408,#1409,#1410,#1411,#1412,#1413,#1414,#1415,#1416,#1417,#1418,
#1419,#1420,#1421,#1422,#1423,#1424,#1425,#1426,#1427,#1428,#1429,#1430,
#1431,#1432,#1433,#1434,#1435,#1436,#1437,#1438,#1439,#1440),
 .UNSPECIFIED.,.F.,.F.,(4,3,3,3,3,3,3,3,3,3,3,3,3,4),(3.68367313699809,
3.99783542871687,4.49756485730648,4.99729428589609,5.4970237144857,5.99675314307531,
6.49648257166491,6.99621200025452,7.49594142884413,7.99567085743374,8.49540028602335,
8.99512971461296,9.49485914320256,9.96685844417767),.UNSPECIFIED.);
#210=B_SPLINE_CURVE_WITH_KNOTS('',3,(#1445,#1446,#1447,#1448,#1449,#1450,
#1451,#1452,#1453,#1454,#1455,#1456,#1457,#1458,#1459,#1460,#1461,#1462,
#1463,#1464,#1465,#1466,#1467,#1468,#1469,#1470,#1471,#1472,#1473,#1474,
#1475,#1476,#1477,#1478,#1479,#1480,#1481,#1482,#1483,#1484,#1485,#1486,
#1487),.UNSPECIFIED.,.F.,.F.,(4,3,3,3,3,3,3,3,3,3,3,3,3,3,4),(-19.2061451899647,
-18.9897182864051,-18.4899888578155,-17.9902594292259,-17.4905300006363,
-16.9908005720467,-16.4910711434571,-15.9913417148675,-15.4916122862779,
-14.9918828576883,-14.4921534290987,-13.9924240005091,-13.4926945719194,
-12.9929651433298,-12.9229598827851),.UNSPECIFIED.);
#211=B_SPLINE_CURVE_WITH_KNOTS('',3,(#1488,#1489,#1490,#1491,#1492,#1493,
#1494,#1495,#1496,#1497,#1498,#1499,#1500,#1501,#1502,#1503,#1504,#1505,
#1506,#1507,#1508,#1509,#1510,#1511,#1512,#1513,#1514,#1515,#1516,#1517,
#1518,#1519,#1520,#1521,#1522,#1523,#1524,#1525,#1526,#1527,#1528,#1529,
#1530),.UNSPECIFIED.,.F.,.F.,(4,3,3,3,3,3,3,3,3,3,3,3,3,3,4),(9.96685844417767,
9.99458857179217,10.4943180003818,10.9940474289714,11.493776857561,11.9935062861506,
12.4932357147402,12.9929651433298,13.4926945719194,13.992424000509,14.4921534290987,
14.9918828576883,15.4916122862779,15.9913417148675,16.2500437513573),
 .UNSPECIFIED.);
#212=B_SPLINE_CURVE_WITH_KNOTS('',3,(#1535,#1536,#1537,#1538,#1539,#1540,
#1541,#1542,#1543,#1544,#1545,#1546,#1547,#1548,#1549,#1550,#1551,#1552,
#1553,#1554,#1555,#1556,#1557,#1558,#1559,#1560,#1561,#1562,#1563,#1564,
#1565,#1566,#1567,#1568,#1569,#1570,#1571,#1572,#1573,#1574,#1575,#1576,
#1577),.UNSPECIFIED.,.F.,.F.,(4,3,3,3,3,3,3,3,3,3,3,3,3,3,4),(-25.4893304971443,
-25.4862008580701,-24.9864714294804,-24.4867420008908,-23.9870125723012,
-23.4872831437116,-22.987553715122,-22.4878242865324,-21.9880948579428,
-21.4883654293532,-20.9886360007636,-20.488906572174,-19.9891771435844,
-19.4894477149947,-19.2061451899647),.UNSPECIFIED.);
#213=B_SPLINE_CURVE_WITH_KNOTS('',3,(#1578,#1579,#1580,#1581,#1582,#1583,
#1584,#1585,#1586,#1587,#1588,#1589,#1590,#1591,#1592,#1593,#1594,#1595,
#1596,#1597,#1598,#1599,#1600,#1601,#1602,#1603,#1604,#1605,#1606,#1607,
#1608,#1609,#1610,#1611,#1612,#1613,#1614,#1615,#1616,#1617,#1618,#1619,
#1620),.UNSPECIFIED.,.F.,.F.,(4,3,3,3,3,3,3,3,3,3,3,3,3,3,4),(16.2500437513573,
16.4910711434571,16.9908005720467,17.4905300006363,17.9902594292259,18.4899888578155,
18.9897182864051,19.4894477149947,19.9891771435844,20.488906572174,20.9886360007636,
21.4883654293532,21.9880948579428,22.4878242865324,22.5332290585368),
 .UNSPECIFIED.);
#214=B_SPLINE_CURVE_WITH_KNOTS('',3,(#1625,#1626,#1627,#1628,#1629,#1630,
#1631,#1632,#1633,#1634,#1635,#1636,#1637,#1638,#1639,#1640,#1641,#1642,
#1643,#1644,#1645,#1646,#1647,#1648,#1649,#1650,#1651,#1652,#1653,#1654,
#1655,#1656,#1657,#1658,#1659,#1660,#1661,#1662,#1663,#1664),
 .UNSPECIFIED.,.F.,.F.,(4,3,3,3,3,3,3,3,3,3,3,3,3,4),(-31.7725158043239,
-31.4829540011454,-30.9832245725558,-30.4834951439661,-29.9837657153765,
-29.4840362867869,-28.9843068581973,-28.4845774296077,-27.9848480010181,
-27.4851185724285,-26.9853891438389,-26.4856597152493,-25.9859302866597,
-25.4893304971443),.UNSPECIFIED.);
#215=B_SPLINE_CURVE_WITH_KNOTS('',3,(#1665,#1666,#1667,#1668,#1669,#1670,
#1671,#1672,#1673,#1674,#1675,#1676,#1677,#1678,#1679,#1680,#1681,#1682,
#1683,#1684,#1685,#1686,#1687,#1688,#1689,#1690,#1691,#1692,#1693,#1694,
#1695,#1696,#1697,#1698,#1699,#1700,#1701,#1702,#1703,#1704),
 .UNSPECIFIED.,.F.,.F.,(4,3,3,3,3,3,3,3,3,3,3,3,3,4),(22.5332290585368,
22.987553715122,23.4872831437116,23.9870125723012,24.4867420008908,24.9864714294805,
25.4862008580701,25.9859302866597,26.4856597152493,26.9853891438389,27.4851185724285,
27.9848480010181,28.4845774296077,28.8164143657164),.UNSPECIFIED.);
#216=B_SPLINE_CURVE_WITH_KNOTS('',3,(#1709,#1710,#1711,#1712,#1713,#1714,
#1715,#1716,#1717,#1718,#1719,#1720,#1721,#1722,#1723,#1724,#1725,#1726,
#1727,#1728,#1729,#1730,#1731,#1732,#1733,#1734,#1735,#1736,#1737,#1738,
#1739,#1740,#1741,#1742,#1743,#1744,#1745,#1746,#1747,#1748,#1749,#1750,
#1751),.UNSPECIFIED.,.F.,.F.,(4,3,3,3,3,3,3,3,3,3,3,3,3,3,4),(-38.0557011115035,
-37.9794365728103,-37.4797071442207,-36.9799777156311,-36.4802482870414,
-35.9805188584518,-35.4807894298622,-34.9810600012726,-34.481330572683,
-33.9816011440934,-33.4818717155038,-32.9821422869142,-32.4824128583246,
-31.982683429735,-31.7725158043239),.UNSPECIFIED.);
#217=B_SPLINE_CURVE_WITH_KNOTS('',3,(#1752,#1753,#1754,#1755,#1756,#1757,
#1758,#1759,#1760,#1761,#1762,#1763,#1764,#1765,#1766,#1767,#1768,#1769,
#1770,#1771,#1772,#1773,#1774,#1775,#1776,#1777,#1778,#1779,#1780,#1781,
#1782,#1783,#1784,#1785,#1786,#1787,#1788,#1789,#1790,#1791,#1792,#1793,
#1794),.UNSPECIFIED.,.F.,.F.,(4,3,3,3,3,3,3,3,3,3,3,3,3,3,4),(28.8164143657164,
28.9843068581973,29.4840362867869,29.9837657153765,30.4834951439661,30.9832245725558,
31.4829540011454,31.982683429735,32.4824128583246,32.9821422869142,33.4818717155038,
33.9816011440934,34.481330572683,34.9810600012726,35.099599672896),
 .UNSPECIFIED.);
#218=B_SPLINE_CURVE_WITH_KNOTS('',3,(#1801,#1802,#1803,#1804,#1805,#1806,
#1807,#1808,#1809,#1810,#1811,#1812,#1813,#1814,#1815,#1816,#1817,#1818,
#1819,#1820,#1821,#1822,#1823,#1824,#1825,#1826,#1827,#1828,#1829,#1830,
#1831,#1832,#1833,#1834,#1835,#1836,#1837),.UNSPECIFIED.,.F.,.F.,(4,3,3,
3,3,3,3,3,3,3,3,3,4),(-43.9761897158856,-43.476460287296,-42.9767308587064,
-42.4770014301168,-41.9772720015272,-41.4775425729375,-40.9778131443479,
-40.4780837157583,-39.9783542871687,-39.4786248585791,-38.9788954299895,
-38.4791660013999,-38.0557011115035),.UNSPECIFIED.);
#219=B_SPLINE_CURVE_WITH_KNOTS('',3,(#1838,#1839,#1840,#1841,#1842,#1843,
#1844,#1845,#1846,#1847,#1848,#1849,#1850,#1851,#1852,#1853,#1854,#1855,
#1856,#1857,#1858,#1859,#1860,#1861,#1862,#1863,#1864,#1865,#1866,#1867,
#1868,#1869,#1870,#1871,#1872,#1873,#1874,#1875,#1876,#1877),
 .UNSPECIFIED.,.F.,.F.,(4,3,3,3,3,3,3,3,3,3,3,3,3,4),(35.099599672896,35.4807894298622,
35.9805188584518,36.4802482870414,36.9799777156311,37.4797071442207,37.9794365728103,
38.4791660013999,38.9788954299895,39.4786248585791,39.9783542871687,40.4780837157583,
40.9778131443479,41.3827849800756),.UNSPECIFIED.);
#220=B_SPLINE_CURVE_WITH_KNOTS('',3,(#1883,#1884,#1885,#1886,#1887,#1888,
#1889,#1890,#1891,#1892,#1893),.UNSPECIFIED.,.F.,.F.,(4,1,1,1,1,1,1,1,4),
(65.9734457253856,66.396910615282,66.8966400438716,67.3963694724612,67.8960989010508,
68.3958283296405,68.8955577582301,69.3952871868197,69.805646661746),
 .UNSPECIFIED.);
#221=B_SPLINE_CURVE_WITH_KNOTS('',3,(#1896,#1897,#1898,#1899,#1900,#1901,
#1902,#1903,#1904),.UNSPECIFIED.,.F.,.F.,(4,1,1,1,1,1,4),(65.9734457253857,
66.0682033182475,66.5679327468371,67.0676621754268,67.5673916040164,68.067121032606,
68.5668504611956),.UNSPECIFIED.);
#222=B_SPLINE_CURVE_WITH_KNOTS('',3,(#1909,#1910,#1911,#1912,#1913,#1914,
#1915,#1916,#1917,#1918,#1919,#1920,#1921,#1922,#1923,#1924,#1925),
 .UNSPECIFIED.,.F.,.F.,(4,1,1,1,1,1,1,1,1,1,1,1,1,1,4),(59.6902604182061,
59.9004280436171,60.4001574722067,60.8998869007963,61.3996163293859,61.8993457579755,
62.3990751865651,62.8988046151548,63.3985340437444,63.898263472334,64.3979929009236,
64.8977223295132,65.3974517581028,65.8971811866924,65.9734457253856),
 .UNSPECIFIED.);
#223=B_SPLINE_CURVE_WITH_KNOTS('',3,(#1926,#1927,#1928,#1929,#1930,#1931,
#1932,#1933,#1934,#1935,#1936,#1937,#1938,#1939,#1940,#1941),
 .UNSPECIFIED.,.F.,.F.,(4,1,1,1,1,1,1,1,1,1,1,1,1,4),(59.6902604182061,
60.0714501751722,60.5711796037618,61.0709090323514,61.5706384609411,62.0703678895307,
62.5700973181203,63.0698267467099,63.5695561752995,64.0692856038891,64.5690150324787,
65.0687444610683,65.5684738896579,65.9734457253857),.UNSPECIFIED.);
#224=B_SPLINE_CURVE_WITH_KNOTS('',3,(#1946,#1947,#1948,#1949,#1950,#1951,
#1952,#1953,#1954,#1955,#1956,#1957,#1958,#1959,#1960,#1961),
 .UNSPECIFIED.,.F.,.F.,(4,1,1,1,1,1,1,1,1,1,1,1,1,4),(53.4070751110265,
53.9036749005418,54.4034043291314,54.903133757721,55.4028631863106,55.9025926149002,
56.4023220434898,56.9020514720794,57.4017809006691,57.9015103292587,58.4012397578483,
58.9009691864379,59.4006986150275,59.6902604182061),.UNSPECIFIED.);
#225=B_SPLINE_CURVE_WITH_KNOTS('',3,(#1962,#1963,#1964,#1965,#1966,#1967,
#1968,#1969,#1970,#1971,#1972,#1973,#1974,#1975,#1976,#1977,#1978),
 .UNSPECIFIED.,.F.,.F.,(4,1,1,1,1,1,1,1,1,1,1,1,1,1,4),(53.4070751110265,
53.5749676035073,54.0746970320969,54.5744264606865,55.0741558892761,55.5738853178658,
56.0736147464554,56.573344175045,57.0730736036346,57.5728030322242,58.0725324608138,
58.5722618894034,59.071991317993,59.5717207465826,59.6902604182061),
 .UNSPECIFIED.);
#226=B_SPLINE_CURVE_WITH_KNOTS('',3,(#1983,#1984,#1985,#1986,#1987,#1988,
#1989,#1990,#1991,#1992,#1993,#1994,#1995,#1996,#1997,#1998,#1999),
 .UNSPECIFIED.,.F.,.F.,(4,1,1,1,1,1,1,1,1,1,1,1,1,1,4),(47.1238898038469,
47.4071923288769,47.9069217574665,48.4066511860561,48.9063806146457,49.4061100432353,
49.9058394718249,50.4055689004145,50.9052983290041,51.4050277575938,51.9047571861834,
52.404486614773,52.9042160433626,53.4039454719522,53.4070751110265),
 .UNSPECIFIED.);
#227=B_SPLINE_CURVE_WITH_KNOTS('',3,(#2000,#2001,#2002,#2003,#2004,#2005,
#2006,#2007,#2008,#2009,#2010,#2011,#2012,#2013,#2014,#2015),
 .UNSPECIFIED.,.F.,.F.,(4,1,1,1,1,1,1,1,1,1,1,1,1,4),(47.1238898038469,
47.578214460432,48.0779438890216,48.5776733176112,49.0774027462008,49.5771321747904,
50.0768616033801,50.5765910319697,51.0763204605593,51.5760498891489,52.0757793177385,
52.5755087463281,53.0752381749177,53.4070751110265),.UNSPECIFIED.);
#228=B_SPLINE_CURVE_WITH_KNOTS('',3,(#2020,#2021,#2022,#2023,#2024,#2025,
#2026,#2027,#2028,#2029,#2030,#2031,#2032,#2033,#2034,#2035,#2036),
 .UNSPECIFIED.,.F.,.F.,(4,1,1,1,1,1,1,1,1,1,1,1,1,1,4),(40.8407044966673,
40.910709757212,41.4104391858016,41.9101686143912,42.4098980429808,42.9096274715704,
43.40935690016,43.9090863287496,44.4088157573392,44.9085451859288,45.4082746145184,
45.9080040431081,46.4077334716977,46.9074629002873,47.1238898038469),
 .UNSPECIFIED.);
#229=B_SPLINE_CURVE_WITH_KNOTS('',3,(#2037,#2038,#2039,#2040,#2041,#2042,
#2043,#2044,#2045,#2046,#2047,#2048,#2049,#2050,#2051,#2052,#2053),
 .UNSPECIFIED.,.F.,.F.,(4,1,1,1,1,1,1,1,1,1,1,1,1,1,4),(40.8407044966673,
41.0817318887671,41.5814613173567,42.0811907459463,42.5809201745359,43.0806496031255,
43.5803790317151,44.0801084603047,44.5798378888944,45.079567317484,45.5792967460736,
46.0790261746632,46.5787556032528,47.0784850318424,47.1238898038469),
 .UNSPECIFIED.);
#230=B_SPLINE_CURVE_WITH_KNOTS('',3,(#2058,#2059,#2060,#2061,#2062,#2063,
#2064,#2065,#2066,#2067,#2068,#2069,#2070,#2071,#2072,#2073),
 .UNSPECIFIED.,.F.,.F.,(4,1,1,1,1,1,1,1,1,1,1,1,1,4),(34.5575191894877,
34.9139566141367,35.4136860427263,35.9134154713159,36.4131448999055,36.9128743284951,
37.4126037570847,37.9123331856743,38.4120626142639,38.9117920428535,39.4115214714431,
39.9112509000328,40.4109803286224,40.8407044966673),.UNSPECIFIED.);
#231=B_SPLINE_CURVE_WITH_KNOTS('',3,(#2074,#2075,#2076,#2077,#2078,#2079,
#2080,#2081,#2082,#2083,#2084,#2085,#2086,#2087,#2088,#2089,#2090),
 .UNSPECIFIED.,.F.,.F.,(4,1,1,1,1,1,1,1,1,1,1,1,1,1,4),(34.5575191894877,
34.5852493171022,35.0849787456918,35.5847081742814,36.084437602871,36.5841670314606,
37.0838964600502,37.5836258886398,38.0833553172294,38.5830847458191,39.0828141744087,
39.5825436029983,40.0822730315879,40.5820024601775,40.8407044966673),
 .UNSPECIFIED.);
#232=B_SPLINE_CURVE_WITH_KNOTS('',3,(#2095,#2096,#2097,#2098,#2099,#2100,
#2101,#2102,#2103,#2104,#2105,#2106,#2107,#2108,#2109,#2110,#2111),
 .UNSPECIFIED.,.F.,.F.,(4,1,1,1,1,1,1,1,1,1,1,1,1,1,4),(28.2743338823081,
28.4174740424717,28.9172034710614,29.416932899651,29.9166623282406,30.4163917568302,
30.9161211854198,31.4158506140094,31.915580042599,32.4153094711886,32.9150388997782,
33.4147683283678,33.9144977569574,34.4142271855471,34.5575191894877),
 .UNSPECIFIED.);
#233=B_SPLINE_CURVE_WITH_KNOTS('',3,(#2112,#2113,#2114,#2115,#2116,#2117,
#2118,#2119,#2120,#2121,#2122,#2123,#2124,#2125,#2126,#2127),
 .UNSPECIFIED.,.F.,.F.,(4,1,1,1,1,1,1,1,1,1,1,1,1,4),(28.2743338823081,
28.5884961740269,29.0882256026165,29.5879550312061,30.0876844597957,30.5874138883853,
31.0871433169749,31.5868727455645,32.0866021741541,32.5863316027437,33.0860610313334,
33.585790459923,34.0855198885126,34.5575191894877),.UNSPECIFIED.);
#234=B_SPLINE_CURVE_WITH_KNOTS('',3,(#2136,#2137,#2138,#2139,#2140,#2141,
#2142,#2143,#2144,#2145,#2146,#2147,#2148,#2149,#2150,#2151,#2152,#2153,
#2154,#2155,#2156,#2157,#2158,#2159,#2160,#2161,#2162,#2163,#2164,#2165,
#2166,#2167,#2168,#2169,#2170,#2171,#2172,#2173,#2174,#2175,#2176,#2177,
#2178,#2179,#2180,#2181,#2182,#2183,#2184,#2185,#2186,#2187,#2188,#2189,
#2190,#2191,#2192,#2193,#2194,#2195,#2196,#2197,#2198,#2199,#2200,#2201,
#2202,#2203,#2204,#2205,#2206,#2207,#2208,#2209,#2210,#2211,#2212,#2213,
#2214,#2215,#2216,#2217,#2218,#2219,#2220,#2221,#2222,#2223,#2224,#2225,
#2226,#2227,#2228,#2229,#2230,#2231,#2232,#2233,#2234,#2235,#2236,#2237,
#2238,#2239,#2240,#2241,#2242,#2243,#2244),.UNSPECIFIED.,.F.,.F.,(4,3,3,
3,3,3,3,3,3,3,3,3,3,3,3,3,3,3,3,3,3,3,3,3,3,3,3,3,3,3,3,3,3,3,3,3,4),(-1.2032891700229,
-1.15369472856915,-1.10578192608608,-1.07671653989254,-1.05997324537189,
-1.04989939738509,-1.00141740303629,-0.952832174642054,-0.913045505589911,
-0.906099343850317,-0.898642880818428,-0.873258836537768,-0.824991618111819,
-0.776119388686105,-0.728896026903677,-0.693478505566857,-0.684118857005594,
-0.677583539903349,-0.62805970744076,-0.587225941556394,-0.53789612132988,
-0.488356288141681,-0.464320618662745,-0.457990694064805,-0.408241261482946,
-0.358175016129005,-0.308281061803383,-0.296070932310192,-0.259062065771418,
-0.242870686660705,-0.232677067094162,-0.226576681086953,-0.17684399650144,
-0.126294993513103,-0.0757288228637616,-0.0257992380087608,0.),
 .UNSPECIFIED.);
#235=B_SPLINE_CURVE_WITH_KNOTS('',3,(#2247,#2248,#2249,#2250,#2251,#2252,
#2253,#2254,#2255,#2256,#2257,#2258,#2259,#2260,#2261,#2262,#2263,#2264,
#2265,#2266,#2267,#2268,#2269,#2270,#2271,#2272,#2273,#2274,#2275,#2276,
#2277,#2278,#2279,#2280,#2281,#2282,#2283,#2284,#2285,#2286,#2287,#2288,
#2289,#2290,#2291,#2292,#2293,#2294,#2295,#2296,#2297,#2298,#2299,#2300,
#2301,#2302,#2303,#2304,#2305,#2306,#2307,#2308,#2309,#2310,#2311,#2312,
#2313,#2314,#2315,#2316,#2317,#2318,#2319,#2320,#2321,#2322,#2323,#2324,
#2325,#2326,#2327,#2328,#2329,#2330,#2331,#2332,#2333,#2334,#2335,#2336,
#2337,#2338,#2339,#2340,#2341,#2342,#2343,#2344,#2345,#2346,#2347,#2348,
#2349,#2350,#2351,#2352,#2353,#2354,#2355,#2356,#2357,#2358),
 .UNSPECIFIED.,.F.,.F.,(4,3,3,3,3,3,3,3,3,3,3,3,3,3,3,3,3,3,3,3,3,3,3,3,
3,3,3,3,3,3,3,3,3,3,3,3,3,4),(-1.20139487401788,-1.15100836700388,-1.14824572834523,
-1.09775376352224,-1.06727932438556,-1.04938992132524,-1.0382061092706,
-0.988019386904378,-0.938016564919713,-0.895987407674256,-0.888203712735716,
-0.882190302753449,-0.853958250428799,-0.804494777018799,-0.754676947609317,
-0.707063693605007,-0.671353753101774,-0.663032900460693,-0.656520761786573,
-0.607284645622255,-0.564223931592075,-0.514931304768547,-0.465757172621275,
-0.442475824971406,-0.436460369254379,-0.387741007454989,-0.338991401497097,
-0.290775755871878,-0.279506391422329,-0.244568092494538,-0.229112588537738,
-0.218841904842427,-0.212812517301262,-0.164892596886693,-0.116607140808712,
-0.0685821560512679,-0.0214632799472292,0.),.UNSPECIFIED.);
#236=B_SPLINE_CURVE_WITH_KNOTS('',3,(#2723,#2724,#2725,#2726,#2727,#2728,
#2729),.UNSPECIFIED.,.F.,.F.,(4,3,4),(41.3827849800756,41.4775425729375,
41.8879020478639),.UNSPECIFIED.);
#237=B_SPLINE_CURVE_WITH_KNOTS('',3,(#2731,#2732,#2733,#2734,#2735,#2736,
#2737,#2738,#2739,#2740,#2741,#2742,#2743,#2744,#2745,#2746,#2747,#2748,
#2749,#2750,#2751,#2752,#2753,#2754,#2755,#2756,#2757,#2758,#2759,#2760,
#2761,#2762,#2763,#2764,#2765,#2766,#2767,#2768,#2769,#2770,#2771,#2772,
#2773,#2774,#2775,#2776,#2777,#2778,#2779,#2780,#2781,#2782,#2783,#2784,
#2785,#2786,#2787,#2788,#2789,#2790,#2791,#2792,#2793,#2794,#2795,#2796,
#2797,#2798,#2799,#2800,#2801,#2802,#2803,#2804,#2805,#2806,#2807,#2808,
#2809,#2810,#2811,#2812,#2813,#2814,#2815,#2816,#2817,#2818,#2819,#2820,
#2821,#2822,#2823,#2824,#2825,#2826,#2827,#2828,#2829,#2830,#2831,#2832,
#2833,#2834,#2835,#2836,#2837,#2838,#2839),.UNSPECIFIED.,.F.,.F.,(4,3,3,
3,3,3,3,3,3,3,3,3,3,3,3,3,3,3,3,3,3,3,3,3,3,3,3,3,3,3,3,3,3,3,3,3,4),(-1.20328917002289,
-1.15369472856913,-1.10578192238996,-1.07671653665844,-1.05997324335702,
-1.04989939749694,-1.00141740185094,-0.95283217465155,-0.91304550559466,
-0.906099344015097,-0.898642880897205,-0.87325883653777,-0.824991622194052,
-0.776119393359709,-0.72889603040888,-0.693478508195758,-0.684118867226948,
-0.677583541939714,-0.628059710021365,-0.587225941556392,-0.537896129650249,
-0.488356295457122,-0.464320625063756,-0.45799069894563,-0.408241275159601,
-0.358175031233034,-0.308281060037589,-0.2960709323102,-0.259062065771425,
-0.242870686660711,-0.232677067743285,-0.226576681843944,-0.176843966826098,
-0.126294954395082,-0.0757287924976656,-0.0257992439948311,0.),
 .UNSPECIFIED.);
#238=B_SPLINE_CURVE_WITH_KNOTS('',3,(#2840,#2841,#2842,#2843,#2844,#2845,
#2846),.UNSPECIFIED.,.F.,.F.,(4,1,1,1,4),(26.6789484133317,27.089307888258,
27.5890373168477,28.0887667454373,28.2743338823081),.UNSPECIFIED.);
#239=B_SPLINE_CURVE_WITH_KNOTS('',3,(#2849,#2850,#2851,#2852,#2853,#2854,
#2855,#2856,#2857,#2858,#2859,#2860,#2861,#2862,#2863,#2864,#2865,#2866,
#2867,#2868,#2869,#2870,#2871,#2872,#2873,#2874,#2875,#2876,#2877,#2878,
#2879,#2880,#2881,#2882,#2883,#2884,#2885,#2886,#2887,#2888,#2889,#2890,
#2891,#2892,#2893,#2894,#2895,#2896,#2897,#2898,#2899,#2900,#2901,#2902,
#2903,#2904,#2905,#2906,#2907,#2908,#2909,#2910,#2911,#2912,#2913,#2914,
#2915,#2916,#2917,#2918,#2919,#2920,#2921,#2922,#2923,#2924,#2925,#2926,
#2927,#2928,#2929,#2930,#2931,#2932,#2933,#2934,#2935,#2936,#2937,#2938,
#2939,#2940,#2941,#2942,#2943,#2944,#2945,#2946,#2947,#2948,#2949,#2950,
#2951,#2952,#2953,#2954,#2955,#2956,#2957,#2958,#2959,#2960),
 .UNSPECIFIED.,.F.,.F.,(4,3,3,3,3,3,3,3,3,3,3,3,3,3,3,3,3,3,3,3,3,3,3,3,
3,3,3,3,3,3,3,3,3,3,3,3,3,4),(-1.20139487401788,-1.15100836976003,-1.14824572834523,
-1.09775376401443,-1.06727932481622,-1.04938992199135,-1.03820610919097,
-0.9880193862807,-0.938016563909985,-0.895987407169395,-0.888203710935914,
-0.882190299968414,-0.853958250428805,-0.804494777459701,-0.754676947134046,
-0.707063693248556,-0.671353752834439,-0.663032898292428,-0.656520761385082,
-0.607284640698218,-0.564223931592088,-0.514931302452794,-0.465757183912516,
-0.442475834851243,-0.436460375637707,-0.387741011013094,-0.338991415135598,
-0.290775800417066,-0.279506391422329,-0.244568092494538,-0.229112590177273,
-0.218841905703001,-0.212812517977765,-0.16489262021317,-0.116607157608348,
-0.0685821481225694,-0.0214632264860998,0.),.UNSPECIFIED.);
#240=B_SPLINE_CURVE_WITH_KNOTS('',3,(#2963,#2964,#2965,#2966),
 .UNSPECIFIED.,.F.,.F.,(4,4),(27.9177446138821,28.2743338823081),
 .UNSPECIFIED.);
#241=LINE('',#1292,#312);
#242=LINE('',#1328,#313);
#243=LINE('',#1360,#314);
#244=LINE('',#1444,#315);
#245=LINE('',#1534,#316);
#246=LINE('',#1624,#317);
#247=LINE('',#1708,#318);
#248=LINE('',#1798,#319);
#249=LINE('',#1881,#320);
#250=LINE('',#1908,#321);
#251=LINE('',#1945,#322);
#252=LINE('',#1982,#323);
#253=LINE('',#2019,#324);
#254=LINE('',#2057,#325);
#255=LINE('',#2094,#326);
#256=LINE('',#2134,#327);
#257=LINE('',#3337,#328);
#258=LINE('',#3341,#329);
#259=LINE('',#3363,#330);
#260=LINE('',#3367,#331);
#261=LINE('',#3369,#332);
#262=LINE('',#3371,#333);
#263=LINE('',#3372,#334);
#264=LINE('',#3377,#335);
#265=LINE('',#3381,#336);
#266=LINE('',#3383,#337);
#267=LINE('',#3384,#338);
#268=LINE('',#3391,#339);
#269=LINE('',#3393,#340);
#270=LINE('',#3395,#341);
#271=LINE('',#3396,#342);
#272=LINE('',#3400,#343);
#273=LINE('',#3402,#344);
#274=LINE('',#3404,#345);
#275=LINE('',#3405,#346);
#276=LINE('',#3407,#347);
#277=LINE('',#3408,#348);
#278=LINE('',#3411,#349);
#279=LINE('',#3413,#350);
#280=LINE('',#3414,#351);
#281=LINE('',#3417,#352);
#282=LINE('',#3419,#353);
#283=LINE('',#3420,#354);
#284=LINE('',#3422,#355);
#285=LINE('',#3424,#356);
#286=LINE('',#3429,#357);
#287=LINE('',#3431,#358);
#288=LINE('',#3433,#359);
#289=LINE('',#3434,#360);
#290=LINE('',#3440,#361);
#291=LINE('',#3443,#362);
#292=LINE('',#3445,#363);
#293=LINE('',#3446,#364);
#294=LINE('',#3453,#365);
#295=LINE('',#3455,#366);
#296=LINE('',#3457,#367);
#297=LINE('',#3458,#368);
#298=LINE('',#3462,#369);
#299=LINE('',#3464,#370);
#300=LINE('',#3466,#371);
#301=LINE('',#3467,#372);
#302=LINE('',#3469,#373);
#303=LINE('',#3470,#374);
#304=LINE('',#3473,#375);
#305=LINE('',#3475,#376);
#306=LINE('',#3476,#377);
#307=LINE('',#3479,#378);
#308=LINE('',#3481,#379);
#309=LINE('',#3482,#380);
#310=LINE('',#3484,#381);
#311=LINE('',#3486,#382);
#312=VECTOR('',#1055,6.00000008940697);
#313=VECTOR('',#1058,6.00000008940697);
#314=VECTOR('',#1065,6.00000008940697);
#315=VECTOR('',#1068,6.00000008940697);
#316=VECTOR('',#1071,6.00000008940697);
#317=VECTOR('',#1074,6.00000008940697);
#318=VECTOR('',#1077,6.00000008940697);
#319=VECTOR('',#1080,6.00000008940697);
#320=VECTOR('',#1085,5.52225);
#321=VECTOR('',#1090,5.52225);
#322=VECTOR('',#1093,5.52225);
#323=VECTOR('',#1096,5.52225);
#324=VECTOR('',#1099,5.52225);
#325=VECTOR('',#1102,5.52225);
#326=VECTOR('',#1105,5.52225);
#327=VECTOR('',#1114,5.043560250458);
#328=VECTOR('',#1133,5.00000008940697);
#329=VECTOR('',#1140,5.50000008940697);
#330=VECTOR('',#1171,5.043560250458);
#331=VECTOR('',#1174,10.);
#332=VECTOR('',#1175,10.);
#333=VECTOR('',#1176,10.);
#334=VECTOR('',#1177,10.);
#335=VECTOR('',#1182,10.);
#336=VECTOR('',#1187,10.);
#337=VECTOR('',#1188,10.);
#338=VECTOR('',#1189,10.);
#339=VECTOR('',#1198,10.);
#340=VECTOR('',#1199,10.);
#341=VECTOR('',#1200,10.);
#342=VECTOR('',#1201,10.);
#343=VECTOR('',#1204,10.);
#344=VECTOR('',#1205,10.);
#345=VECTOR('',#1206,10.);
#346=VECTOR('',#1207,10.);
#347=VECTOR('',#1210,10.);
#348=VECTOR('',#1211,10.);
#349=VECTOR('',#1214,10.);
#350=VECTOR('',#1215,10.);
#351=VECTOR('',#1216,10.);
#352=VECTOR('',#1219,10.);
#353=VECTOR('',#1220,10.);
#354=VECTOR('',#1221,10.);
#355=VECTOR('',#1224,10.);
#356=VECTOR('',#1227,10.);
#357=VECTOR('',#1232,10.);
#358=VECTOR('',#1233,10.);
#359=VECTOR('',#1234,10.);
#360=VECTOR('',#1235,10.);
#361=VECTOR('',#1242,10.);
#362=VECTOR('',#1245,10.);
#363=VECTOR('',#1246,10.);
#364=VECTOR('',#1247,10.);
#365=VECTOR('',#1256,10.);
#366=VECTOR('',#1257,10.);
#367=VECTOR('',#1258,10.);
#368=VECTOR('',#1259,10.);
#369=VECTOR('',#1262,10.);
#370=VECTOR('',#1263,10.);
#371=VECTOR('',#1264,10.);
#372=VECTOR('',#1265,10.);
#373=VECTOR('',#1268,10.);
#374=VECTOR('',#1269,10.);
#375=VECTOR('',#1272,10.);
#376=VECTOR('',#1273,10.);
#377=VECTOR('',#1274,10.);
#378=VECTOR('',#1277,10.);
#379=VECTOR('',#1278,10.);
#380=VECTOR('',#1279,10.);
#381=VECTOR('',#1282,10.);
#382=VECTOR('',#1285,10.);
#383=VERTEX_POINT('',#1290);
#384=VERTEX_POINT('',#1291);
#385=VERTEX_POINT('',#1293);
#386=VERTEX_POINT('',#1325);
#387=VERTEX_POINT('',#1327);
#388=VERTEX_POINT('',#1330);
#389=VERTEX_POINT('',#1358);
#390=VERTEX_POINT('',#1359);
#391=VERTEX_POINT('',#1442);
#392=VERTEX_POINT('',#1443);
#393=VERTEX_POINT('',#1532);
#394=VERTEX_POINT('',#1533);
#395=VERTEX_POINT('',#1622);
#396=VERTEX_POINT('',#1623);
#397=VERTEX_POINT('',#1706);
#398=VERTEX_POINT('',#1707);
#399=VERTEX_POINT('',#1796);
#400=VERTEX_POINT('',#1797);
#401=VERTEX_POINT('',#1799);
#402=VERTEX_POINT('',#1879);
#403=VERTEX_POINT('',#1880);
#404=VERTEX_POINT('',#1882);
#405=VERTEX_POINT('',#1894);
#406=VERTEX_POINT('',#1906);
#407=VERTEX_POINT('',#1907);
#408=VERTEX_POINT('',#1943);
#409=VERTEX_POINT('',#1944);
#410=VERTEX_POINT('',#1980);
#411=VERTEX_POINT('',#1981);
#412=VERTEX_POINT('',#2017);
#413=VERTEX_POINT('',#2018);
#414=VERTEX_POINT('',#2055);
#415=VERTEX_POINT('',#2056);
#416=VERTEX_POINT('',#2092);
#417=VERTEX_POINT('',#2093);
#418=VERTEX_POINT('',#2129);
#419=VERTEX_POINT('',#2132);
#420=VERTEX_POINT('',#2245);
#421=VERTEX_POINT('',#2730);
#422=VERTEX_POINT('',#2848);
#423=VERTEX_POINT('',#3334);
#424=VERTEX_POINT('',#3336);
#425=VERTEX_POINT('',#3343);
#426=VERTEX_POINT('',#3346);
#427=VERTEX_POINT('',#3351);
#428=VERTEX_POINT('',#3354);
#429=VERTEX_POINT('',#3357);
#430=VERTEX_POINT('',#3359);
#431=VERTEX_POINT('',#3365);
#432=VERTEX_POINT('',#3366);
#433=VERTEX_POINT('',#3368);
#434=VERTEX_POINT('',#3370);
#435=VERTEX_POINT('',#3374);
#436=VERTEX_POINT('',#3376);
#437=VERTEX_POINT('',#3380);
#438=VERTEX_POINT('',#3382);
#439=VERTEX_POINT('',#3389);
#440=VERTEX_POINT('',#3390);
#441=VERTEX_POINT('',#3392);
#442=VERTEX_POINT('',#3394);
#443=VERTEX_POINT('',#3398);
#444=VERTEX_POINT('',#3399);
#445=VERTEX_POINT('',#3401);
#446=VERTEX_POINT('',#3403);
#447=VERTEX_POINT('',#3410);
#448=VERTEX_POINT('',#3412);
#449=VERTEX_POINT('',#3416);
#450=VERTEX_POINT('',#3418);
#451=VERTEX_POINT('',#3427);
#452=VERTEX_POINT('',#3428);
#453=VERTEX_POINT('',#3430);
#454=VERTEX_POINT('',#3432);
#455=VERTEX_POINT('',#3436);
#456=VERTEX_POINT('',#3438);
#457=VERTEX_POINT('',#3442);
#458=VERTEX_POINT('',#3444);
#459=VERTEX_POINT('',#3451);
#460=VERTEX_POINT('',#3452);
#461=VERTEX_POINT('',#3454);
#462=VERTEX_POINT('',#3456);
#463=VERTEX_POINT('',#3460);
#464=VERTEX_POINT('',#3461);
#465=VERTEX_POINT('',#3463);
#466=VERTEX_POINT('',#3465);
#467=VERTEX_POINT('',#3472);
#468=VERTEX_POINT('',#3474);
#469=VERTEX_POINT('',#3478);
#470=VERTEX_POINT('',#3480);
#471=EDGE_CURVE('',#383,#384,#241,.T.);
#472=EDGE_CURVE('',#383,#385,#206,.T.);
#473=EDGE_CURVE('',#385,#386,#178,.T.);
#474=EDGE_CURVE('',#386,#387,#242,.T.);
#475=EDGE_CURVE('',#387,#387,#179,.T.);
#476=EDGE_CURVE('',#386,#388,#180,.T.);
#477=EDGE_CURVE('',#388,#384,#207,.T.);
#478=EDGE_CURVE('',#389,#390,#243,.T.);
#479=EDGE_CURVE('',#389,#383,#208,.T.);
#480=EDGE_CURVE('',#384,#390,#209,.T.);
#481=EDGE_CURVE('',#391,#392,#244,.T.);
#482=EDGE_CURVE('',#391,#389,#210,.T.);
#483=EDGE_CURVE('',#390,#392,#211,.T.);
#484=EDGE_CURVE('',#393,#394,#245,.T.);
#485=EDGE_CURVE('',#393,#391,#212,.T.);
#486=EDGE_CURVE('',#392,#394,#213,.T.);
#487=EDGE_CURVE('',#395,#396,#246,.T.);
#488=EDGE_CURVE('',#395,#393,#214,.T.);
#489=EDGE_CURVE('',#394,#396,#215,.T.);
#490=EDGE_CURVE('',#397,#398,#247,.T.);
#491=EDGE_CURVE('',#397,#395,#216,.T.);
#492=EDGE_CURVE('',#396,#398,#217,.T.);
#493=EDGE_CURVE('',#399,#400,#248,.T.);
#494=EDGE_CURVE('',#401,#399,#181,.F.);
#495=EDGE_CURVE('',#401,#397,#218,.T.);
#496=EDGE_CURVE('',#398,#400,#219,.T.);
#497=EDGE_CURVE('',#402,#403,#249,.T.);
#498=EDGE_CURVE('',#402,#404,#220,.T.);
#499=EDGE_CURVE('',#405,#404,#182,.T.);
#500=EDGE_CURVE('',#403,#405,#221,.T.);
#501=EDGE_CURVE('',#406,#407,#250,.T.);
#502=EDGE_CURVE('',#406,#402,#222,.T.);
#503=EDGE_CURVE('',#407,#403,#223,.T.);
#504=EDGE_CURVE('',#408,#409,#251,.T.);
#505=EDGE_CURVE('',#408,#406,#224,.T.);
#506=EDGE_CURVE('',#409,#407,#225,.T.);
#507=EDGE_CURVE('',#410,#411,#252,.T.);
#508=EDGE_CURVE('',#410,#408,#226,.T.);
#509=EDGE_CURVE('',#411,#409,#227,.T.);
#510=EDGE_CURVE('',#412,#413,#253,.T.);
#511=EDGE_CURVE('',#412,#410,#228,.T.);
#512=EDGE_CURVE('',#413,#411,#229,.T.);
#513=EDGE_CURVE('',#414,#415,#254,.T.);
#514=EDGE_CURVE('',#414,#412,#230,.T.);
#515=EDGE_CURVE('',#415,#413,#231,.T.);
#516=EDGE_CURVE('',#416,#417,#255,.T.);
#517=EDGE_CURVE('',#416,#414,#232,.T.);
#518=EDGE_CURVE('',#417,#415,#233,.T.);
#519=EDGE_CURVE('',#418,#418,#183,.T.);
#520=EDGE_CURVE('',#419,#419,#184,.T.);
#521=EDGE_CURVE('',#419,#418,#256,.T.);
#522=EDGE_CURVE('',#404,#401,#234,.T.);
#523=EDGE_CURVE('',#420,#401,#185,.F.);
#524=EDGE_CURVE('',#420,#405,#235,.T.);
#525=EDGE_CURVE('',#400,#420,#236,.T.);
#526=EDGE_CURVE('',#421,#388,#237,.T.);
#527=EDGE_CURVE('',#421,#417,#238,.T.);
#528=EDGE_CURVE('',#385,#422,#239,.T.);
#529=EDGE_CURVE('',#422,#421,#186,.T.);
#530=EDGE_CURVE('',#422,#416,#240,.T.);
#531=EDGE_CURVE('',#399,#420,#187,.F.);
#532=EDGE_CURVE('',#423,#423,#188,.T.);
#533=EDGE_CURVE('',#423,#424,#257,.T.);
#534=EDGE_CURVE('',#424,#424,#189,.T.);
#535=EDGE_CURVE('',#399,#424,#258,.T.);
#536=EDGE_CURVE('',#425,#425,#190,.T.);
#537=EDGE_CURVE('',#425,#426,#191,.T.);
#538=EDGE_CURVE('',#426,#426,#192,.T.);
#539=EDGE_CURVE('',#427,#427,#193,.T.);
#540=EDGE_CURVE('',#428,#428,#194,.T.);
#541=EDGE_CURVE('',#428,#429,#195,.T.);
#542=EDGE_CURVE('',#430,#429,#196,.T.);
#543=EDGE_CURVE('',#429,#430,#197,.T.);
#544=EDGE_CURVE('',#427,#430,#259,.T.);
#545=EDGE_CURVE('',#431,#432,#260,.T.);
#546=EDGE_CURVE('',#431,#433,#261,.T.);
#547=EDGE_CURVE('',#434,#433,#262,.T.);
#548=EDGE_CURVE('',#432,#434,#263,.T.);
#549=EDGE_CURVE('',#435,#431,#198,.T.);
#550=EDGE_CURVE('',#435,#436,#264,.T.);
#551=EDGE_CURVE('',#433,#436,#199,.T.);
#552=EDGE_CURVE('',#437,#435,#265,.T.);
#553=EDGE_CURVE('',#437,#438,#266,.T.);
#554=EDGE_CURVE('',#436,#438,#267,.T.);
#555=EDGE_CURVE('',#432,#437,#200,.T.);
#556=EDGE_CURVE('',#438,#434,#201,.T.);
#557=EDGE_CURVE('',#439,#440,#268,.T.);
#558=EDGE_CURVE('',#441,#439,#269,.T.);
#559=EDGE_CURVE('',#442,#441,#270,.T.);
#560=EDGE_CURVE('',#440,#442,#271,.T.);
#561=EDGE_CURVE('',#443,#444,#272,.T.);
#562=EDGE_CURVE('',#445,#443,#273,.T.);
#563=EDGE_CURVE('',#446,#445,#274,.T.);
#564=EDGE_CURVE('',#444,#446,#275,.T.);
#565=EDGE_CURVE('',#442,#445,#276,.T.);
#566=EDGE_CURVE('',#443,#440,#277,.T.);
#567=EDGE_CURVE('',#447,#444,#278,.T.);
#568=EDGE_CURVE('',#448,#447,#279,.T.);
#569=EDGE_CURVE('',#448,#439,#280,.T.);
#570=EDGE_CURVE('',#449,#441,#281,.T.);
#571=EDGE_CURVE('',#450,#449,#282,.T.);
#572=EDGE_CURVE('',#450,#446,#283,.T.);
#573=EDGE_CURVE('',#449,#448,#284,.T.);
#574=EDGE_CURVE('',#447,#450,#285,.T.);
#575=EDGE_CURVE('',#451,#452,#286,.T.);
#576=EDGE_CURVE('',#452,#453,#287,.T.);
#577=EDGE_CURVE('',#453,#454,#288,.T.);
#578=EDGE_CURVE('',#451,#454,#289,.T.);
#579=EDGE_CURVE('',#455,#451,#202,.T.);
#580=EDGE_CURVE('',#454,#456,#203,.T.);
#581=EDGE_CURVE('',#455,#456,#290,.T.);
#582=EDGE_CURVE('',#457,#455,#291,.T.);
#583=EDGE_CURVE('',#456,#458,#292,.T.);
#584=EDGE_CURVE('',#457,#458,#293,.T.);
#585=EDGE_CURVE('',#452,#457,#204,.T.);
#586=EDGE_CURVE('',#458,#453,#205,.T.);
#587=EDGE_CURVE('',#459,#460,#294,.T.);
#588=EDGE_CURVE('',#460,#461,#295,.T.);
#589=EDGE_CURVE('',#461,#462,#296,.T.);
#590=EDGE_CURVE('',#462,#459,#297,.T.);
#591=EDGE_CURVE('',#463,#464,#298,.T.);
#592=EDGE_CURVE('',#464,#465,#299,.T.);
#593=EDGE_CURVE('',#465,#466,#300,.T.);
#594=EDGE_CURVE('',#466,#463,#301,.T.);
#595=EDGE_CURVE('',#463,#460,#302,.T.);
#596=EDGE_CURVE('',#461,#466,#303,.T.);
#597=EDGE_CURVE('',#467,#459,#304,.T.);
#598=EDGE_CURVE('',#467,#468,#305,.T.);
#599=EDGE_CURVE('',#468,#464,#306,.T.);
#600=EDGE_CURVE('',#469,#465,#307,.T.);
#601=EDGE_CURVE('',#469,#470,#308,.T.);
#602=EDGE_CURVE('',#470,#462,#309,.T.);
#603=EDGE_CURVE('',#470,#467,#310,.T.);
#604=EDGE_CURVE('',#468,#469,#311,.T.);
#605=ORIENTED_EDGE('',*,*,#471,.F.);
#606=ORIENTED_EDGE('',*,*,#472,.T.);
#607=ORIENTED_EDGE('',*,*,#473,.T.);
#608=ORIENTED_EDGE('',*,*,#474,.T.);
#609=ORIENTED_EDGE('',*,*,#475,.F.);
#610=ORIENTED_EDGE('',*,*,#474,.F.);
#611=ORIENTED_EDGE('',*,*,#476,.T.);
#612=ORIENTED_EDGE('',*,*,#477,.T.);
#613=ORIENTED_EDGE('',*,*,#478,.F.);
#614=ORIENTED_EDGE('',*,*,#479,.T.);
#615=ORIENTED_EDGE('',*,*,#471,.T.);
#616=ORIENTED_EDGE('',*,*,#480,.T.);
#617=ORIENTED_EDGE('',*,*,#481,.F.);
#618=ORIENTED_EDGE('',*,*,#482,.T.);
#619=ORIENTED_EDGE('',*,*,#478,.T.);
#620=ORIENTED_EDGE('',*,*,#483,.T.);
#621=ORIENTED_EDGE('',*,*,#484,.F.);
#622=ORIENTED_EDGE('',*,*,#485,.T.);
#623=ORIENTED_EDGE('',*,*,#481,.T.);
#624=ORIENTED_EDGE('',*,*,#486,.T.);
#625=ORIENTED_EDGE('',*,*,#487,.F.);
#626=ORIENTED_EDGE('',*,*,#488,.T.);
#627=ORIENTED_EDGE('',*,*,#484,.T.);
#628=ORIENTED_EDGE('',*,*,#489,.T.);
#629=ORIENTED_EDGE('',*,*,#490,.F.);
#630=ORIENTED_EDGE('',*,*,#491,.T.);
#631=ORIENTED_EDGE('',*,*,#487,.T.);
#632=ORIENTED_EDGE('',*,*,#492,.T.);
#633=ORIENTED_EDGE('',*,*,#493,.F.);
#634=ORIENTED_EDGE('',*,*,#494,.F.);
#635=ORIENTED_EDGE('',*,*,#495,.T.);
#636=ORIENTED_EDGE('',*,*,#490,.T.);
#637=ORIENTED_EDGE('',*,*,#496,.T.);
#638=ORIENTED_EDGE('',*,*,#497,.F.);
#639=ORIENTED_EDGE('',*,*,#498,.T.);
#640=ORIENTED_EDGE('',*,*,#499,.F.);
#641=ORIENTED_EDGE('',*,*,#500,.F.);
#642=ORIENTED_EDGE('',*,*,#501,.F.);
#643=ORIENTED_EDGE('',*,*,#502,.T.);
#644=ORIENTED_EDGE('',*,*,#497,.T.);
#645=ORIENTED_EDGE('',*,*,#503,.F.);
#646=ORIENTED_EDGE('',*,*,#504,.F.);
#647=ORIENTED_EDGE('',*,*,#505,.T.);
#648=ORIENTED_EDGE('',*,*,#501,.T.);
#649=ORIENTED_EDGE('',*,*,#506,.F.);
#650=ORIENTED_EDGE('',*,*,#507,.F.);
#651=ORIENTED_EDGE('',*,*,#508,.T.);
#652=ORIENTED_EDGE('',*,*,#504,.T.);
#653=ORIENTED_EDGE('',*,*,#509,.F.);
#654=ORIENTED_EDGE('',*,*,#510,.F.);
#655=ORIENTED_EDGE('',*,*,#511,.T.);
#656=ORIENTED_EDGE('',*,*,#507,.T.);
#657=ORIENTED_EDGE('',*,*,#512,.F.);
#658=ORIENTED_EDGE('',*,*,#513,.F.);
#659=ORIENTED_EDGE('',*,*,#514,.T.);
#660=ORIENTED_EDGE('',*,*,#510,.T.);
#661=ORIENTED_EDGE('',*,*,#515,.F.);
#662=ORIENTED_EDGE('',*,*,#516,.F.);
#663=ORIENTED_EDGE('',*,*,#517,.T.);
#664=ORIENTED_EDGE('',*,*,#513,.T.);
#665=ORIENTED_EDGE('',*,*,#518,.F.);
#666=ORIENTED_EDGE('',*,*,#519,.F.);
#667=ORIENTED_EDGE('',*,*,#520,.F.);
#668=ORIENTED_EDGE('',*,*,#521,.T.);
#669=ORIENTED_EDGE('',*,*,#519,.T.);
#670=ORIENTED_EDGE('',*,*,#521,.F.);
#671=ORIENTED_EDGE('',*,*,#499,.T.);
#672=ORIENTED_EDGE('',*,*,#522,.T.);
#673=ORIENTED_EDGE('',*,*,#523,.F.);
#674=ORIENTED_EDGE('',*,*,#524,.T.);
#675=ORIENTED_EDGE('',*,*,#524,.F.);
#676=ORIENTED_EDGE('',*,*,#525,.F.);
#677=ORIENTED_EDGE('',*,*,#496,.F.);
#678=ORIENTED_EDGE('',*,*,#492,.F.);
#679=ORIENTED_EDGE('',*,*,#489,.F.);
#680=ORIENTED_EDGE('',*,*,#486,.F.);
#681=ORIENTED_EDGE('',*,*,#483,.F.);
#682=ORIENTED_EDGE('',*,*,#480,.F.);
#683=ORIENTED_EDGE('',*,*,#477,.F.);
#684=ORIENTED_EDGE('',*,*,#526,.F.);
#685=ORIENTED_EDGE('',*,*,#527,.T.);
#686=ORIENTED_EDGE('',*,*,#518,.T.);
#687=ORIENTED_EDGE('',*,*,#515,.T.);
#688=ORIENTED_EDGE('',*,*,#512,.T.);
#689=ORIENTED_EDGE('',*,*,#509,.T.);
#690=ORIENTED_EDGE('',*,*,#506,.T.);
#691=ORIENTED_EDGE('',*,*,#503,.T.);
#692=ORIENTED_EDGE('',*,*,#500,.T.);
#693=ORIENTED_EDGE('',*,*,#473,.F.);
#694=ORIENTED_EDGE('',*,*,#528,.T.);
#695=ORIENTED_EDGE('',*,*,#529,.T.);
#696=ORIENTED_EDGE('',*,*,#526,.T.);
#697=ORIENTED_EDGE('',*,*,#476,.F.);
#698=ORIENTED_EDGE('',*,*,#516,.T.);
#699=ORIENTED_EDGE('',*,*,#527,.F.);
#700=ORIENTED_EDGE('',*,*,#529,.F.);
#701=ORIENTED_EDGE('',*,*,#530,.T.);
#702=ORIENTED_EDGE('',*,*,#522,.F.);
#703=ORIENTED_EDGE('',*,*,#498,.F.);
#704=ORIENTED_EDGE('',*,*,#502,.F.);
#705=ORIENTED_EDGE('',*,*,#505,.F.);
#706=ORIENTED_EDGE('',*,*,#508,.F.);
#707=ORIENTED_EDGE('',*,*,#511,.F.);
#708=ORIENTED_EDGE('',*,*,#514,.F.);
#709=ORIENTED_EDGE('',*,*,#517,.F.);
#710=ORIENTED_EDGE('',*,*,#530,.F.);
#711=ORIENTED_EDGE('',*,*,#528,.F.);
#712=ORIENTED_EDGE('',*,*,#472,.F.);
#713=ORIENTED_EDGE('',*,*,#479,.F.);
#714=ORIENTED_EDGE('',*,*,#482,.F.);
#715=ORIENTED_EDGE('',*,*,#485,.F.);
#716=ORIENTED_EDGE('',*,*,#488,.F.);
#717=ORIENTED_EDGE('',*,*,#491,.F.);
#718=ORIENTED_EDGE('',*,*,#495,.F.);
#719=ORIENTED_EDGE('',*,*,#493,.T.);
#720=ORIENTED_EDGE('',*,*,#525,.T.);
#721=ORIENTED_EDGE('',*,*,#531,.F.);
#722=ORIENTED_EDGE('',*,*,#532,.F.);
#723=ORIENTED_EDGE('',*,*,#533,.T.);
#724=ORIENTED_EDGE('',*,*,#534,.F.);
#725=ORIENTED_EDGE('',*,*,#533,.F.);
#726=ORIENTED_EDGE('',*,*,#532,.T.);
#727=ORIENTED_EDGE('',*,*,#494,.T.);
#728=ORIENTED_EDGE('',*,*,#535,.T.);
#729=ORIENTED_EDGE('',*,*,#534,.T.);
#730=ORIENTED_EDGE('',*,*,#535,.F.);
#731=ORIENTED_EDGE('',*,*,#531,.T.);
#732=ORIENTED_EDGE('',*,*,#523,.T.);
#733=ORIENTED_EDGE('',*,*,#536,.F.);
#734=ORIENTED_EDGE('',*,*,#520,.T.);
#735=ORIENTED_EDGE('',*,*,#536,.T.);
#736=ORIENTED_EDGE('',*,*,#537,.T.);
#737=ORIENTED_EDGE('',*,*,#538,.F.);
#738=ORIENTED_EDGE('',*,*,#537,.F.);
#739=ORIENTED_EDGE('',*,*,#538,.T.);
#740=ORIENTED_EDGE('',*,*,#475,.T.);
#741=ORIENTED_EDGE('',*,*,#539,.T.);
#742=ORIENTED_EDGE('',*,*,#540,.F.);
#743=ORIENTED_EDGE('',*,*,#540,.T.);
#744=ORIENTED_EDGE('',*,*,#541,.T.);
#745=ORIENTED_EDGE('',*,*,#542,.F.);
#746=ORIENTED_EDGE('',*,*,#543,.F.);
#747=ORIENTED_EDGE('',*,*,#541,.F.);
#748=ORIENTED_EDGE('',*,*,#539,.F.);
#749=ORIENTED_EDGE('',*,*,#544,.T.);
#750=ORIENTED_EDGE('',*,*,#542,.T.);
#751=ORIENTED_EDGE('',*,*,#543,.T.);
#752=ORIENTED_EDGE('',*,*,#544,.F.);
#753=ORIENTED_EDGE('',*,*,#545,.F.);
#754=ORIENTED_EDGE('',*,*,#546,.T.);
#755=ORIENTED_EDGE('',*,*,#547,.F.);
#756=ORIENTED_EDGE('',*,*,#548,.F.);
#757=ORIENTED_EDGE('',*,*,#549,.F.);
#758=ORIENTED_EDGE('',*,*,#550,.T.);
#759=ORIENTED_EDGE('',*,*,#551,.F.);
#760=ORIENTED_EDGE('',*,*,#546,.F.);
#761=ORIENTED_EDGE('',*,*,#552,.F.);
#762=ORIENTED_EDGE('',*,*,#553,.T.);
#763=ORIENTED_EDGE('',*,*,#554,.F.);
#764=ORIENTED_EDGE('',*,*,#550,.F.);
#765=ORIENTED_EDGE('',*,*,#555,.F.);
#766=ORIENTED_EDGE('',*,*,#548,.T.);
#767=ORIENTED_EDGE('',*,*,#556,.F.);
#768=ORIENTED_EDGE('',*,*,#553,.F.);
#769=ORIENTED_EDGE('',*,*,#557,.F.);
#770=ORIENTED_EDGE('',*,*,#558,.F.);
#771=ORIENTED_EDGE('',*,*,#559,.F.);
#772=ORIENTED_EDGE('',*,*,#560,.F.);
#773=ORIENTED_EDGE('',*,*,#561,.F.);
#774=ORIENTED_EDGE('',*,*,#562,.F.);
#775=ORIENTED_EDGE('',*,*,#563,.F.);
#776=ORIENTED_EDGE('',*,*,#564,.F.);
#777=ORIENTED_EDGE('',*,*,#560,.T.);
#778=ORIENTED_EDGE('',*,*,#565,.T.);
#779=ORIENTED_EDGE('',*,*,#562,.T.);
#780=ORIENTED_EDGE('',*,*,#566,.T.);
#781=ORIENTED_EDGE('',*,*,#557,.T.);
#782=ORIENTED_EDGE('',*,*,#566,.F.);
#783=ORIENTED_EDGE('',*,*,#561,.T.);
#784=ORIENTED_EDGE('',*,*,#567,.F.);
#785=ORIENTED_EDGE('',*,*,#568,.F.);
#786=ORIENTED_EDGE('',*,*,#569,.T.);
#787=ORIENTED_EDGE('',*,*,#545,.T.);
#788=ORIENTED_EDGE('',*,*,#555,.T.);
#789=ORIENTED_EDGE('',*,*,#552,.T.);
#790=ORIENTED_EDGE('',*,*,#549,.T.);
#791=ORIENTED_EDGE('',*,*,#559,.T.);
#792=ORIENTED_EDGE('',*,*,#570,.F.);
#793=ORIENTED_EDGE('',*,*,#571,.F.);
#794=ORIENTED_EDGE('',*,*,#572,.T.);
#795=ORIENTED_EDGE('',*,*,#563,.T.);
#796=ORIENTED_EDGE('',*,*,#565,.F.);
#797=ORIENTED_EDGE('',*,*,#547,.T.);
#798=ORIENTED_EDGE('',*,*,#551,.T.);
#799=ORIENTED_EDGE('',*,*,#554,.T.);
#800=ORIENTED_EDGE('',*,*,#556,.T.);
#801=ORIENTED_EDGE('',*,*,#558,.T.);
#802=ORIENTED_EDGE('',*,*,#569,.F.);
#803=ORIENTED_EDGE('',*,*,#573,.F.);
#804=ORIENTED_EDGE('',*,*,#570,.T.);
#805=ORIENTED_EDGE('',*,*,#564,.T.);
#806=ORIENTED_EDGE('',*,*,#572,.F.);
#807=ORIENTED_EDGE('',*,*,#574,.F.);
#808=ORIENTED_EDGE('',*,*,#567,.T.);
#809=ORIENTED_EDGE('',*,*,#574,.T.);
#810=ORIENTED_EDGE('',*,*,#571,.T.);
#811=ORIENTED_EDGE('',*,*,#573,.T.);
#812=ORIENTED_EDGE('',*,*,#568,.T.);
#813=ORIENTED_EDGE('',*,*,#575,.T.);
#814=ORIENTED_EDGE('',*,*,#576,.T.);
#815=ORIENTED_EDGE('',*,*,#577,.T.);
#816=ORIENTED_EDGE('',*,*,#578,.F.);
#817=ORIENTED_EDGE('',*,*,#579,.T.);
#818=ORIENTED_EDGE('',*,*,#578,.T.);
#819=ORIENTED_EDGE('',*,*,#580,.T.);
#820=ORIENTED_EDGE('',*,*,#581,.F.);
#821=ORIENTED_EDGE('',*,*,#582,.T.);
#822=ORIENTED_EDGE('',*,*,#581,.T.);
#823=ORIENTED_EDGE('',*,*,#583,.T.);
#824=ORIENTED_EDGE('',*,*,#584,.F.);
#825=ORIENTED_EDGE('',*,*,#585,.T.);
#826=ORIENTED_EDGE('',*,*,#584,.T.);
#827=ORIENTED_EDGE('',*,*,#586,.T.);
#828=ORIENTED_EDGE('',*,*,#576,.F.);
#829=ORIENTED_EDGE('',*,*,#587,.T.);
#830=ORIENTED_EDGE('',*,*,#588,.T.);
#831=ORIENTED_EDGE('',*,*,#589,.T.);
#832=ORIENTED_EDGE('',*,*,#590,.T.);
#833=ORIENTED_EDGE('',*,*,#591,.T.);
#834=ORIENTED_EDGE('',*,*,#592,.T.);
#835=ORIENTED_EDGE('',*,*,#593,.T.);
#836=ORIENTED_EDGE('',*,*,#594,.T.);
#837=ORIENTED_EDGE('',*,*,#588,.F.);
#838=ORIENTED_EDGE('',*,*,#595,.F.);
#839=ORIENTED_EDGE('',*,*,#594,.F.);
#840=ORIENTED_EDGE('',*,*,#596,.F.);
#841=ORIENTED_EDGE('',*,*,#587,.F.);
#842=ORIENTED_EDGE('',*,*,#597,.F.);
#843=ORIENTED_EDGE('',*,*,#598,.T.);
#844=ORIENTED_EDGE('',*,*,#599,.T.);
#845=ORIENTED_EDGE('',*,*,#591,.F.);
#846=ORIENTED_EDGE('',*,*,#595,.T.);
#847=ORIENTED_EDGE('',*,*,#575,.F.);
#848=ORIENTED_EDGE('',*,*,#579,.F.);
#849=ORIENTED_EDGE('',*,*,#582,.F.);
#850=ORIENTED_EDGE('',*,*,#585,.F.);
#851=ORIENTED_EDGE('',*,*,#589,.F.);
#852=ORIENTED_EDGE('',*,*,#596,.T.);
#853=ORIENTED_EDGE('',*,*,#593,.F.);
#854=ORIENTED_EDGE('',*,*,#600,.F.);
#855=ORIENTED_EDGE('',*,*,#601,.T.);
#856=ORIENTED_EDGE('',*,*,#602,.T.);
#857=ORIENTED_EDGE('',*,*,#577,.F.);
#858=ORIENTED_EDGE('',*,*,#586,.F.);
#859=ORIENTED_EDGE('',*,*,#583,.F.);
#860=ORIENTED_EDGE('',*,*,#580,.F.);
#861=ORIENTED_EDGE('',*,*,#590,.F.);
#862=ORIENTED_EDGE('',*,*,#602,.F.);
#863=ORIENTED_EDGE('',*,*,#603,.T.);
#864=ORIENTED_EDGE('',*,*,#597,.T.);
#865=ORIENTED_EDGE('',*,*,#592,.F.);
#866=ORIENTED_EDGE('',*,*,#599,.F.);
#867=ORIENTED_EDGE('',*,*,#604,.T.);
#868=ORIENTED_EDGE('',*,*,#600,.T.);
#869=ORIENTED_EDGE('',*,*,#604,.F.);
#870=ORIENTED_EDGE('',*,*,#598,.F.);
#871=ORIENTED_EDGE('',*,*,#603,.F.);
#872=ORIENTED_EDGE('',*,*,#601,.F.);
#873=CYLINDRICAL_SURFACE('',#969,5.954);
#874=CYLINDRICAL_SURFACE('',#973,5.954);
#875=CYLINDRICAL_SURFACE('',#974,5.954);
#876=CYLINDRICAL_SURFACE('',#975,5.954);
#877=CYLINDRICAL_SURFACE('',#976,5.954);
#878=CYLINDRICAL_SURFACE('',#977,5.954);
#879=CYLINDRICAL_SURFACE('',#978,5.954);
#880=CYLINDRICAL_SURFACE('',#980,5.52225);
#881=CYLINDRICAL_SURFACE('',#982,5.52225);
#882=CYLINDRICAL_SURFACE('',#983,5.52225);
#883=CYLINDRICAL_SURFACE('',#984,5.52225);
#884=CYLINDRICAL_SURFACE('',#985,5.52225);
#885=CYLINDRICAL_SURFACE('',#986,5.52225);
#886=CYLINDRICAL_SURFACE('',#987,5.52225);
#887=CYLINDRICAL_SURFACE('',#990,5.043560250458);
#888=CYLINDRICAL_SURFACE('',#996,5.52225);
#889=CYLINDRICAL_SURFACE('',#997,5.954);
#890=CYLINDRICAL_SURFACE('',#999,5.00000008940697);
#891=CYLINDRICAL_SURFACE('',#1018,5.043560250458);
#892=CYLINDRICAL_SURFACE('',#1020,0.75);
#893=CYLINDRICAL_SURFACE('',#1024,0.75);
#894=CYLINDRICAL_SURFACE('',#1036,0.75);
#895=CYLINDRICAL_SURFACE('',#1040,0.75);
#896=ADVANCED_FACE('',(#60),#873,.T.);
#897=ADVANCED_FACE('',(#61),#874,.T.);
#898=ADVANCED_FACE('',(#62),#875,.T.);
#899=ADVANCED_FACE('',(#63),#876,.T.);
#900=ADVANCED_FACE('',(#64),#877,.T.);
#901=ADVANCED_FACE('',(#65),#878,.T.);
#902=ADVANCED_FACE('',(#66),#879,.T.);
#903=ADVANCED_FACE('',(#67),#880,.T.);
#904=ADVANCED_FACE('',(#68),#881,.T.);
#905=ADVANCED_FACE('',(#69),#882,.T.);
#906=ADVANCED_FACE('',(#70),#883,.T.);
#907=ADVANCED_FACE('',(#71),#884,.T.);
#908=ADVANCED_FACE('',(#72),#885,.T.);
#909=ADVANCED_FACE('',(#73),#886,.T.);
#910=ADVANCED_FACE('',(#74),#32,.F.);
#911=ADVANCED_FACE('',(#75),#887,.F.);
#912=ADVANCED_FACE('',(#76),#33,.T.);
#913=ADVANCED_FACE('',(#77),#30,.F.);
#914=ADVANCED_FACE('',(#78),#34,.F.);
#915=ADVANCED_FACE('',(#79),#888,.T.);
#916=ADVANCED_FACE('',(#80),#31,.F.);
#917=ADVANCED_FACE('',(#81),#889,.T.);
#918=ADVANCED_FACE('',(#82),#890,.T.);
#919=ADVANCED_FACE('',(#83),#35,.T.);
#920=ADVANCED_FACE('',(#84),#29,.T.);
#921=ADVANCED_FACE('',(#85,#23),#36,.T.);
#922=ADVANCED_FACE('',(#86),#21,.T.);
#923=ADVANCED_FACE('',(#87,#24),#37,.T.);
#924=ADVANCED_FACE('',(#88),#38,.T.);
#925=ADVANCED_FACE('',(#89),#39,.T.);
#926=ADVANCED_FACE('',(#90),#22,.T.);
#927=ADVANCED_FACE('',(#91),#891,.T.);
#928=ADVANCED_FACE('',(#92),#40,.F.);
#929=ADVANCED_FACE('',(#93),#892,.F.);
#930=ADVANCED_FACE('',(#94),#41,.F.);
#931=ADVANCED_FACE('',(#95),#893,.F.);
#932=ADVANCED_FACE('',(#96),#42,.F.);
#933=ADVANCED_FACE('',(#97),#43,.F.);
#934=ADVANCED_FACE('',(#98),#44,.T.);
#935=ADVANCED_FACE('',(#99,#25),#45,.T.);
#936=ADVANCED_FACE('',(#100,#26),#46,.T.);
#937=ADVANCED_FACE('',(#101),#47,.T.);
#938=ADVANCED_FACE('',(#102),#48,.T.);
#939=ADVANCED_FACE('',(#103),#49,.F.);
#940=ADVANCED_FACE('',(#104),#50,.T.);
#941=ADVANCED_FACE('',(#105),#894,.F.);
#942=ADVANCED_FACE('',(#106),#51,.T.);
#943=ADVANCED_FACE('',(#107),#895,.F.);
#944=ADVANCED_FACE('',(#108),#52,.T.);
#945=ADVANCED_FACE('',(#109),#53,.T.);
#946=ADVANCED_FACE('',(#110),#54,.F.);
#947=ADVANCED_FACE('',(#111,#27),#55,.F.);
#948=ADVANCED_FACE('',(#112,#28),#56,.F.);
#949=ADVANCED_FACE('',(#113),#57,.F.);
#950=ADVANCED_FACE('',(#114),#58,.F.);
#951=ADVANCED_FACE('',(#115),#59,.T.);
#952=CLOSED_SHELL('',(#896,#897,#898,#899,#900,#901,#902,#903,#904,#905,
#906,#907,#908,#909,#910,#911,#912,#913,#914,#915,#916,#917,#918,#919,#920,
#921,#922,#923));
#953=CLOSED_SHELL('',(#924,#925,#926,#927));
#954=CLOSED_SHELL('',(#928,#929,#930,#931,#932,#933,#934,#935,#936,#937,
#938,#939));
#955=CLOSED_SHELL('',(#940,#941,#942,#943,#944,#945,#946,#947,#948,#949,
#950,#951));
#956=DERIVED_UNIT_ELEMENT(#958,1.);
#957=DERIVED_UNIT_ELEMENT(#3493,-3.);
#958=(
MASS_UNIT()
NAMED_UNIT(*)
SI_UNIT(.KILO.,.GRAM.)
);
#959=DERIVED_UNIT((#956,#957));
#960=MEASURE_REPRESENTATION_ITEM('density measure',
POSITIVE_RATIO_MEASURE(8000.),#959);
#961=PROPERTY_DEFINITION_REPRESENTATION(#966,#963);
#962=PROPERTY_DEFINITION_REPRESENTATION(#967,#964);
#963=REPRESENTATION('material name',(#965),#3490);
#964=REPRESENTATION('density',(#960),#3490);
#965=DESCRIPTIVE_REPRESENTATION_ITEM('Stainless Steel',
'Stainless Steel');
#966=PROPERTY_DEFINITION('material property','material name',#3500);
#967=PROPERTY_DEFINITION('material property','density of part',#3500);
#968=AXIS2_PLACEMENT_3D('placement',#1288,#1051,#1052);
#969=AXIS2_PLACEMENT_3D('',#1289,#1053,#1054);
#970=AXIS2_PLACEMENT_3D('',#1326,#1056,#1057);
#971=AXIS2_PLACEMENT_3D('',#1329,#1059,#1060);
#972=AXIS2_PLACEMENT_3D('',#1331,#1061,#1062);
#973=AXIS2_PLACEMENT_3D('',#1357,#1063,#1064);
#974=AXIS2_PLACEMENT_3D('',#1441,#1066,#1067);
#975=AXIS2_PLACEMENT_3D('',#1531,#1069,#1070);
#976=AXIS2_PLACEMENT_3D('',#1621,#1072,#1073);
#977=AXIS2_PLACEMENT_3D('',#1705,#1075,#1076);
#978=AXIS2_PLACEMENT_3D('',#1795,#1078,#1079);
#979=AXIS2_PLACEMENT_3D('',#1800,#1081,#1082);
#980=AXIS2_PLACEMENT_3D('',#1878,#1083,#1084);
#981=AXIS2_PLACEMENT_3D('',#1895,#1086,#1087);
#982=AXIS2_PLACEMENT_3D('',#1905,#1088,#1089);
#983=AXIS2_PLACEMENT_3D('',#1942,#1091,#1092);
#984=AXIS2_PLACEMENT_3D('',#1979,#1094,#1095);
#985=AXIS2_PLACEMENT_3D('',#2016,#1097,#1098);
#986=AXIS2_PLACEMENT_3D('',#2054,#1100,#1101);
#987=AXIS2_PLACEMENT_3D('',#2091,#1103,#1104);
#988=AXIS2_PLACEMENT_3D('',#2128,#1106,#1107);
#989=AXIS2_PLACEMENT_3D('',#2130,#1108,#1109);
#990=AXIS2_PLACEMENT_3D('',#2131,#1110,#1111);
#991=AXIS2_PLACEMENT_3D('',#2133,#1112,#1113);
#992=AXIS2_PLACEMENT_3D('',#2135,#1115,#1116);
#993=AXIS2_PLACEMENT_3D('',#2246,#1117,#1118);
#994=AXIS2_PLACEMENT_3D('',#2847,#1119,#1120);
#995=AXIS2_PLACEMENT_3D('',#2961,#1121,#1122);
#996=AXIS2_PLACEMENT_3D('',#2962,#1123,#1124);
#997=AXIS2_PLACEMENT_3D('',#3331,#1125,#1126);
#998=AXIS2_PLACEMENT_3D('',#3332,#1127,#1128);
#999=AXIS2_PLACEMENT_3D('',#3333,#1129,#1130);
#1000=AXIS2_PLACEMENT_3D('',#3335,#1131,#1132);
#1001=AXIS2_PLACEMENT_3D('',#3338,#1134,#1135);
#1002=AXIS2_PLACEMENT_3D('',#3339,#1136,#1137);
#1003=AXIS2_PLACEMENT_3D('',#3340,#1138,#1139);
#1004=AXIS2_PLACEMENT_3D('',#3342,#1141,#1142);
#1005=AXIS2_PLACEMENT_3D('',#3344,#1143,#1144);
#1006=AXIS2_PLACEMENT_3D('',#3345,#1145,#1146);
#1007=AXIS2_PLACEMENT_3D('',#3347,#1147,#1148);
#1008=AXIS2_PLACEMENT_3D('',#3348,#1149,#1150);
#1009=AXIS2_PLACEMENT_3D('',#3349,#1151,#1152);
#1010=AXIS2_PLACEMENT_3D('',#3350,#1153,#1154);
#1011=AXIS2_PLACEMENT_3D('',#3352,#1155,#1156);
#1012=AXIS2_PLACEMENT_3D('',#3353,#1157,#1158);
#1013=AXIS2_PLACEMENT_3D('',#3355,#1159,#1160);
#1014=AXIS2_PLACEMENT_3D('',#3356,#1161,#1162);
#1015=AXIS2_PLACEMENT_3D('',#3358,#1163,#1164);
#1016=AXIS2_PLACEMENT_3D('',#3360,#1165,#1166);
#1017=AXIS2_PLACEMENT_3D('',#3361,#1167,#1168);
#1018=AXIS2_PLACEMENT_3D('',#3362,#1169,#1170);
#1019=AXIS2_PLACEMENT_3D('',#3364,#1172,#1173);
#1020=AXIS2_PLACEMENT_3D('',#3373,#1178,#1179);
#1021=AXIS2_PLACEMENT_3D('',#3375,#1180,#1181);
#1022=AXIS2_PLACEMENT_3D('',#3378,#1183,#1184);
#1023=AXIS2_PLACEMENT_3D('',#3379,#1185,#1186);
#1024=AXIS2_PLACEMENT_3D('',#3385,#1190,#1191);
#1025=AXIS2_PLACEMENT_3D('',#3386,#1192,#1193);
#1026=AXIS2_PLACEMENT_3D('',#3387,#1194,#1195);
#1027=AXIS2_PLACEMENT_3D('',#3388,#1196,#1197);
#1028=AXIS2_PLACEMENT_3D('',#3397,#1202,#1203);
#1029=AXIS2_PLACEMENT_3D('',#3406,#1208,#1209);
#1030=AXIS2_PLACEMENT_3D('',#3409,#1212,#1213);
#1031=AXIS2_PLACEMENT_3D('',#3415,#1217,#1218);
#1032=AXIS2_PLACEMENT_3D('',#3421,#1222,#1223);
#1033=AXIS2_PLACEMENT_3D('',#3423,#1225,#1226);
#1034=AXIS2_PLACEMENT_3D('',#3425,#1228,#1229);
#1035=AXIS2_PLACEMENT_3D('',#3426,#1230,#1231);
#1036=AXIS2_PLACEMENT_3D('',#3435,#1236,#1237);
#1037=AXIS2_PLACEMENT_3D('',#3437,#1238,#1239);
#1038=AXIS2_PLACEMENT_3D('',#3439,#1240,#1241);
#1039=AXIS2_PLACEMENT_3D('',#3441,#1243,#1244);
#1040=AXIS2_PLACEMENT_3D('',#3447,#1248,#1249);
#1041=AXIS2_PLACEMENT_3D('',#3448,#1250,#1251);
#1042=AXIS2_PLACEMENT_3D('',#3449,#1252,#1253);
#1043=AXIS2_PLACEMENT_3D('',#3450,#1254,#1255);
#1044=AXIS2_PLACEMENT_3D('',#3459,#1260,#1261);
#1045=AXIS2_PLACEMENT_3D('',#3468,#1266,#1267);
#1046=AXIS2_PLACEMENT_3D('',#3471,#1270,#1271);
#1047=AXIS2_PLACEMENT_3D('',#3477,#1275,#1276);
#1048=AXIS2_PLACEMENT_3D('',#3483,#1280,#1281);
#1049=AXIS2_PLACEMENT_3D('',#3485,#1283,#1284);
#1050=AXIS2_PLACEMENT_3D('',#3487,#1286,#1287);
#1051=DIRECTION('axis',(0.,0.,1.));
#1052=DIRECTION('refdir',(1.,0.,0.));
#1053=DIRECTION('center_axis',(0.,0.,-1.));
#1054=DIRECTION('ref_axis',(-1.,0.,0.));
#1055=DIRECTION('',(0.,0.,1.));
#1056=DIRECTION('center_axis',(0.,0.,1.));
#1057=DIRECTION('ref_axis',(-1.,0.,0.));
#1058=DIRECTION('',(0.,0.,1.));
#1059=DIRECTION('center_axis',(-2.53765262771464E-16,0.,1.));
#1060=DIRECTION('ref_axis',(-1.,0.,0.));
#1061=DIRECTION('center_axis',(0.,0.,1.));
#1062=DIRECTION('ref_axis',(-1.,0.,0.));
#1063=DIRECTION('center_axis',(0.,0.,-1.));
#1064=DIRECTION('ref_axis',(-1.,0.,0.));
#1065=DIRECTION('',(0.,0.,1.));
#1066=DIRECTION('center_axis',(0.,0.,-1.));
#1067=DIRECTION('ref_axis',(-1.,0.,0.));
#1068=DIRECTION('',(0.,0.,1.));
#1069=DIRECTION('center_axis',(0.,0.,-1.));
#1070=DIRECTION('ref_axis',(-1.,0.,0.));
#1071=DIRECTION('',(0.,0.,1.));
#1072=DIRECTION('center_axis',(0.,0.,-1.));
#1073=DIRECTION('ref_axis',(-1.,0.,0.));
#1074=DIRECTION('',(0.,0.,1.));
#1075=DIRECTION('center_axis',(0.,0.,-1.));
#1076=DIRECTION('ref_axis',(-1.,0.,0.));
#1077=DIRECTION('',(0.,0.,1.));
#1078=DIRECTION('center_axis',(0.,0.,-1.));
#1079=DIRECTION('ref_axis',(-1.,0.,0.));
#1080=DIRECTION('',(0.,0.,1.));
#1081=DIRECTION('center_axis',(0.,0.,1.));
#1082=DIRECTION('ref_axis',(-1.,0.,0.));
#1083=DIRECTION('center_axis',(0.,0.,-1.));
#1084=DIRECTION('ref_axis',(-0.338483274720994,-0.940972408062081,0.));
#1085=DIRECTION('',(0.,0.,-1.));
#1086=DIRECTION('center_axis',(0.,0.,-1.));
#1087=DIRECTION('ref_axis',(-1.,5.00602931006277E-14,0.));
#1088=DIRECTION('center_axis',(0.,0.,-1.));
#1089=DIRECTION('ref_axis',(-1.,5.00602931006277E-14,0.));
#1090=DIRECTION('',(0.,0.,-1.));
#1091=DIRECTION('center_axis',(0.,0.,-1.));
#1092=DIRECTION('ref_axis',(-1.,5.00602931006277E-14,0.));
#1093=DIRECTION('',(0.,0.,-1.));
#1094=DIRECTION('center_axis',(0.,0.,-1.));
#1095=DIRECTION('ref_axis',(-1.,5.00602931006277E-14,0.));
#1096=DIRECTION('',(0.,0.,-1.));
#1097=DIRECTION('center_axis',(0.,0.,-1.));
#1098=DIRECTION('ref_axis',(-1.,5.00602931006277E-14,0.));
#1099=DIRECTION('',(0.,0.,-1.));
#1100=DIRECTION('center_axis',(0.,0.,-1.));
#1101=DIRECTION('ref_axis',(-1.,5.00602931006277E-14,0.));
#1102=DIRECTION('',(0.,0.,-1.));
#1103=DIRECTION('center_axis',(0.,0.,-1.));
#1104=DIRECTION('ref_axis',(-1.,5.00602931006277E-14,0.));
#1105=DIRECTION('',(0.,0.,-1.));
#1106=DIRECTION('center_axis',(0.,0.,-1.));
#1107=DIRECTION('ref_axis',(-1.,0.,0.));
#1108=DIRECTION('center_axis',(0.,0.,-1.));
#1109=DIRECTION('ref_axis',(1.,0.,0.));
#1110=DIRECTION('center_axis',(0.,0.,-1.));
#1111=DIRECTION('ref_axis',(-1.,0.,0.));
#1112=DIRECTION('center_axis',(2.53765262771464E-16,0.,-1.));
#1113=DIRECTION('ref_axis',(-1.,0.,0.));
#1114=DIRECTION('',(0.,0.,-1.));
#1115=DIRECTION('center_axis',(0.,0.,1.));
#1116=DIRECTION('ref_axis',(1.,0.,0.));
#1117=DIRECTION('center_axis',(0.,0.,1.));
#1118=DIRECTION('ref_axis',(-1.,0.,0.));
#1119=DIRECTION('center_axis',(0.,0.,1.));
#1120=DIRECTION('ref_axis',(1.,0.,0.));
#1121=DIRECTION('center_axis',(0.,0.,1.));
#1122=DIRECTION('ref_axis',(-1.,5.00602931006277E-14,0.));
#1123=DIRECTION('center_axis',(0.,0.,-1.));
#1124=DIRECTION('ref_axis',(0.698366146627352,0.71574068296057,0.));
#1125=DIRECTION('center_axis',(0.,0.,-1.));
#1126=DIRECTION('ref_axis',(-1.,0.,0.));
#1127=DIRECTION('center_axis',(0.,0.,1.));
#1128=DIRECTION('ref_axis',(-1.,0.,0.));
#1129=DIRECTION('center_axis',(0.,0.,-1.));
#1130=DIRECTION('ref_axis',(-1.,0.,0.));
#1131=DIRECTION('center_axis',(0.,0.,-1.));
#1132=DIRECTION('ref_axis',(-1.,0.,0.));
#1133=DIRECTION('',(0.,0.,1.));
#1134=DIRECTION('center_axis',(0.,0.,1.));
#1135=DIRECTION('ref_axis',(-1.,0.,0.));
#1136=DIRECTION('center_axis',(0.,0.,-1.));
#1137=DIRECTION('ref_axis',(-1.,0.,0.));
#1138=DIRECTION('center_axis',(0.,0.,1.));
#1139=DIRECTION('ref_axis',(-1.,0.,0.));
#1140=DIRECTION('',(-0.707106781186547,-8.65956056235493E-17,-0.707106781186547));
#1141=DIRECTION('center_axis',(-2.53765262771464E-16,0.,1.));
#1142=DIRECTION('ref_axis',(1.,0.,2.53765262771464E-16));
#1143=DIRECTION('center_axis',(2.53765262771464E-16,0.,-1.));
#1144=DIRECTION('ref_axis',(1.,0.,2.53765262771464E-16));
#1145=DIRECTION('center_axis',(6.12323399573677E-17,0.,1.));
#1146=DIRECTION('ref_axis',(1.,0.,0.));
#1147=DIRECTION('center_axis',(1.22464679914735E-16,-1.,0.));
#1148=DIRECTION('ref_axis',(-1.,-1.22464679914735E-16,0.));
#1149=DIRECTION('center_axis',(2.53765262771464E-16,0.,-1.));
#1150=DIRECTION('ref_axis',(1.,0.,2.53765262771464E-16));
#1151=DIRECTION('center_axis',(2.53765262771464E-16,0.,-1.));
#1152=DIRECTION('ref_axis',(-1.,0.,-2.53765262771464E-16));
#1153=DIRECTION('center_axis',(0.,0.,-1.));
#1154=DIRECTION('ref_axis',(-1.,0.,0.));
#1155=DIRECTION('center_axis',(0.,0.,-1.));
#1156=DIRECTION('ref_axis',(1.,0.,0.));
#1157=DIRECTION('center_axis',(0.,0.,1.));
#1158=DIRECTION('ref_axis',(1.,0.,0.));
#1159=DIRECTION('center_axis',(0.,0.,-1.));
#1160=DIRECTION('ref_axis',(1.,0.,0.));
#1161=DIRECTION('center_axis',(6.12323399573676E-17,0.,1.));
#1162=DIRECTION('ref_axis',(1.,0.,0.));
#1163=DIRECTION('center_axis',(1.22464679914735E-16,-1.,0.));
#1164=DIRECTION('ref_axis',(-1.,-1.22464679914735E-16,0.));
#1165=DIRECTION('center_axis',(0.,0.,-1.));
#1166=DIRECTION('ref_axis',(1.,0.,0.));
#1167=DIRECTION('center_axis',(0.,0.,-1.));
#1168=DIRECTION('ref_axis',(1.,0.,0.));
#1169=DIRECTION('center_axis',(0.,0.,-1.));
#1170=DIRECTION('ref_axis',(-1.,0.,0.));
#1171=DIRECTION('',(0.,0.,1.));
#1172=DIRECTION('center_axis',(0.,1.,0.));
#1173=DIRECTION('ref_axis',(0.,0.,-1.));
#1174=DIRECTION('',(0.,0.,-1.));
#1175=DIRECTION('',(-1.,0.,0.));
#1176=DIRECTION('',(0.,0.,1.));
#1177=DIRECTION('',(-1.,0.,0.));
#1178=DIRECTION('center_axis',(-1.,0.,0.));
#1179=DIRECTION('ref_axis',(0.,1.,0.));
#1180=DIRECTION('center_axis',(-1.,0.,0.));
#1181=DIRECTION('ref_axis',(0.,1.,0.));
#1182=DIRECTION('',(-1.,0.,0.));
#1183=DIRECTION('center_axis',(1.,0.,0.));
#1184=DIRECTION('ref_axis',(0.,1.,0.));
#1185=DIRECTION('center_axis',(0.,-1.,0.));
#1186=DIRECTION('ref_axis',(0.,0.,1.));
#1187=DIRECTION('',(0.,0.,1.));
#1188=DIRECTION('',(-1.,0.,0.));
#1189=DIRECTION('',(0.,0.,-1.));
#1190=DIRECTION('center_axis',(-1.,0.,0.));
#1191=DIRECTION('ref_axis',(0.,-1.,2.96059473233375E-15));
#1192=DIRECTION('center_axis',(-1.,0.,0.));
#1193=DIRECTION('ref_axis',(0.,-1.,2.96059473233375E-15));
#1194=DIRECTION('center_axis',(1.,0.,0.));
#1195=DIRECTION('ref_axis',(0.,-1.,2.96059473233375E-15));
#1196=DIRECTION('center_axis',(0.,0.70710678118655,0.707106781186545));
#1197=DIRECTION('ref_axis',(0.,0.707106781186545,-0.70710678118655));
#1198=DIRECTION('',(0.,0.707106781186545,-0.70710678118655));
#1199=DIRECTION('',(1.,0.,0.));
#1200=DIRECTION('',(0.,-0.707106781186545,0.70710678118655));
#1201=DIRECTION('',(-1.,0.,0.));
#1202=DIRECTION('center_axis',(0.,-0.70710678118655,0.707106781186545));
#1203=DIRECTION('ref_axis',(0.,0.707106781186545,0.70710678118655));
#1204=DIRECTION('',(0.,0.707106781186545,0.70710678118655));
#1205=DIRECTION('',(1.,0.,0.));
#1206=DIRECTION('',(0.,-0.707106781186545,-0.70710678118655));
#1207=DIRECTION('',(-1.,0.,0.));
#1208=DIRECTION('center_axis',(0.,0.,-1.));
#1209=DIRECTION('ref_axis',(-1.,0.,0.));
#1210=DIRECTION('',(0.,1.,0.));
#1211=DIRECTION('',(0.,-1.,0.));
#1212=DIRECTION('center_axis',(1.,0.,0.));
#1213=DIRECTION('ref_axis',(0.,-1.,0.));
#1214=DIRECTION('',(0.,0.,-1.));
#1215=DIRECTION('',(0.,1.,0.));
#1216=DIRECTION('',(0.,0.,-1.));
#1217=DIRECTION('center_axis',(-1.,0.,0.));
#1218=DIRECTION('ref_axis',(0.,1.,0.));
#1219=DIRECTION('',(0.,0.,-1.));
#1220=DIRECTION('',(0.,-1.,0.));
#1221=DIRECTION('',(0.,0.,-1.));
#1222=DIRECTION('center_axis',(0.,-1.,0.));
#1223=DIRECTION('ref_axis',(-1.,0.,0.));
#1224=DIRECTION('',(1.,0.,0.));
#1225=DIRECTION('center_axis',(0.,1.,0.));
#1226=DIRECTION('ref_axis',(1.,0.,0.));
#1227=DIRECTION('',(-1.,0.,0.));
#1228=DIRECTION('center_axis',(0.,0.,-1.));
#1229=DIRECTION('ref_axis',(1.,0.,0.));
#1230=DIRECTION('center_axis',(0.,-1.,0.));
#1231=DIRECTION('ref_axis',(0.,0.,-1.));
#1232=DIRECTION('',(0.,0.,-1.));
#1233=DIRECTION('',(1.,0.,0.));
#1234=DIRECTION('',(0.,0.,1.));
#1235=DIRECTION('',(1.,0.,0.));
#1236=DIRECTION('center_axis',(-1.,0.,0.));
#1237=DIRECTION('ref_axis',(0.,1.,0.));
#1238=DIRECTION('center_axis',(-1.,0.,0.));
#1239=DIRECTION('ref_axis',(0.,1.,0.));
#1240=DIRECTION('center_axis',(1.,0.,0.));
#1241=DIRECTION('ref_axis',(0.,1.,0.));
#1242=DIRECTION('',(1.,0.,0.));
#1243=DIRECTION('center_axis',(0.,1.,0.));
#1244=DIRECTION('ref_axis',(0.,0.,1.));
#1245=DIRECTION('',(0.,0.,1.));
#1246=DIRECTION('',(0.,0.,-1.));
#1247=DIRECTION('',(1.,0.,0.));
#1248=DIRECTION('center_axis',(-1.,0.,0.));
#1249=DIRECTION('ref_axis',(0.,-1.,2.96059473233375E-15));
#1250=DIRECTION('center_axis',(-1.,0.,0.));
#1251=DIRECTION('ref_axis',(0.,-1.,2.96059473233375E-15));
#1252=DIRECTION('center_axis',(1.,0.,0.));
#1253=DIRECTION('ref_axis',(0.,-1.,2.96059473233375E-15));
#1254=DIRECTION('center_axis',(0.,-0.70710678118655,-0.707106781186545));
#1255=DIRECTION('ref_axis',(0.,0.707106781186545,-0.70710678118655));
#1256=DIRECTION('',(0.,0.707106781186545,-0.70710678118655));
#1257=DIRECTION('',(1.,0.,0.));
#1258=DIRECTION('',(0.,-0.707106781186545,0.70710678118655));
#1259=DIRECTION('',(-1.,0.,0.));
#1260=DIRECTION('center_axis',(0.,0.70710678118655,-0.707106781186545));
#1261=DIRECTION('ref_axis',(0.,0.707106781186545,0.70710678118655));
#1262=DIRECTION('',(0.,0.707106781186545,0.70710678118655));
#1263=DIRECTION('',(1.,0.,0.));
#1264=DIRECTION('',(0.,-0.707106781186545,-0.70710678118655));
#1265=DIRECTION('',(-1.,0.,0.));
#1266=DIRECTION('center_axis',(0.,0.,1.));
#1267=DIRECTION('ref_axis',(1.,0.,0.));
#1268=DIRECTION('',(0.,-1.,0.));
#1269=DIRECTION('',(0.,1.,0.));
#1270=DIRECTION('center_axis',(1.,0.,0.));
#1271=DIRECTION('ref_axis',(0.,-1.,0.));
#1272=DIRECTION('',(0.,0.,-1.));
#1273=DIRECTION('',(0.,1.,0.));
#1274=DIRECTION('',(0.,0.,-1.));
#1275=DIRECTION('center_axis',(-1.,0.,0.));
#1276=DIRECTION('ref_axis',(0.,1.,0.));
#1277=DIRECTION('',(0.,0.,-1.));
#1278=DIRECTION('',(0.,-1.,0.));
#1279=DIRECTION('',(0.,0.,-1.));
#1280=DIRECTION('center_axis',(0.,1.,0.));
#1281=DIRECTION('ref_axis',(1.,0.,0.));
#1282=DIRECTION('',(-1.,0.,0.));
#1283=DIRECTION('center_axis',(0.,-1.,0.));
#1284=DIRECTION('ref_axis',(-1.,0.,0.));
#1285=DIRECTION('',(1.,0.,0.));
#1286=DIRECTION('center_axis',(0.,0.,1.));
#1287=DIRECTION('ref_axis',(-1.,0.,0.));
#1288=CARTESIAN_POINT('',(0.,0.,0.));
#1289=CARTESIAN_POINT('Origin',(0.,0.,-4.95));
#1290=CARTESIAN_POINT('',(5.95382949337531,0.000149861681539992,-2.48929381922698));
#1291=CARTESIAN_POINT('',(5.95361890924891,0.000107241293493024,-2.38570618077302));
#1292=CARTESIAN_POINT('',(5.954,-7.29154704212334E-16,-4.95));
#1293=CARTESIAN_POINT('',(-0.953775096337447,-5.87728976551272,-1.94600008940697));
#1294=CARTESIAN_POINT('Ctrl Pts',(5.95382949337531,0.000149861681539992,
-2.48929381922698));
#1295=CARTESIAN_POINT('Ctrl Pts',(5.95409805222123,0.284554401948095,-2.48359241154381));
#1296=CARTESIAN_POINT('Ctrl Pts',(5.93408920041343,0.568921469422106,-2.47789100386063));
#1297=CARTESIAN_POINT('Ctrl Pts',(5.89348912153492,0.850317612280962,-2.47218959617746));
#1298=CARTESIAN_POINT('Ctrl Pts',(5.75189675307969,1.83168384215411,-2.45230599398533));
#1299=CARTESIAN_POINT('Ctrl Pts',(5.35986180647227,2.77691594473314,-2.4324223917932));
#1300=CARTESIAN_POINT('Ctrl Pts',(4.76532549391106,3.57042380075902,-2.41253878960107));
#1301=CARTESIAN_POINT('Ctrl Pts',(4.17078918134986,4.3639316567849,-2.39265518740893));
#1302=CARTESIAN_POINT('Ctrl Pts',(3.37375150283488,5.00571526625763,-2.3727715852168));
#1303=CARTESIAN_POINT('Ctrl Pts',(2.47168012981173,5.41729198483407,-2.35288798302467));
#1304=CARTESIAN_POINT('Ctrl Pts',(1.56960875678857,5.82886870341051,-2.33300438083254));
#1305=CARTESIAN_POINT('Ctrl Pts',(0.562503689257229,6.01023853109067,-2.31312077864041));
#1306=CARTESIAN_POINT('Ctrl Pts',(-0.42647792269782,5.9392228828625,-2.29323717644828));
#1307=CARTESIAN_POINT('Ctrl Pts',(-1.41545953465286,5.86820723463433,-2.27335357425615));
#1308=CARTESIAN_POINT('Ctrl Pts',(-2.38631769103161,5.54480611049784,-2.25346997206402));
#1309=CARTESIAN_POINT('Ctrl Pts',(-3.22032937922084,5.00856609190459,-2.23358636987188));
#1310=CARTESIAN_POINT('Ctrl Pts',(-4.0543410674101,4.47232607331133,-2.21370276767975));
#1311=CARTESIAN_POINT('Ctrl Pts',(-4.75150628740983,3.7232471602613,-2.19381916548762));
#1312=CARTESIAN_POINT('Ctrl Pts',(-5.22656822192115,2.85293529578376,-2.17393556329549));
#1313=CARTESIAN_POINT('Ctrl Pts',(-5.70163015643247,1.98262343130623,-2.15405196110336));
#1314=CARTESIAN_POINT('Ctrl Pts',(-5.95458880545538,0.991078615401183,-2.13416835891123));
#1315=CARTESIAN_POINT('Ctrl Pts',(-5.95451443446932,-0.00045077806248961,
-2.1142847567191));
#1316=CARTESIAN_POINT('Ctrl Pts',(-5.95444006348325,-0.991980171526163,
-2.09440115452697));
#1317=CARTESIAN_POINT('Ctrl Pts',(-5.70133267248823,-1.98349414254847,-2.07451755233484));
#1318=CARTESIAN_POINT('Ctrl Pts',(-5.226136352251,-2.85373209177512,-2.05463395014271));
#1319=CARTESIAN_POINT('Ctrl Pts',(-4.75094003201377,-3.72397004100176,-2.03475034795057));
#1320=CARTESIAN_POINT('Ctrl Pts',(-4.05365478253434,-4.47293196843275,-2.01486674575844));
#1321=CARTESIAN_POINT('Ctrl Pts',(-3.21956539212522,-5.00904971035439,-1.99498314356631));
#1322=CARTESIAN_POINT('Ctrl Pts',(-2.53464178205097,-5.44928993333781,-1.97865545884653));
#1323=CARTESIAN_POINT('Ctrl Pts',(-1.75746988219732,-5.74600736549563,-1.96232777412675));
#1324=CARTESIAN_POINT('Ctrl Pts',(-0.953775096337447,-5.87728976551272,
-1.94600008940697));
#1325=CARTESIAN_POINT('',(5.954,-7.29154704212334E-16,-1.94600008940697));
#1326=CARTESIAN_POINT('Origin',(0.,0.,-1.94600008940697));
#1327=CARTESIAN_POINT('',(5.954,7.29154704212334E-16,0.));
#1328=CARTESIAN_POINT('',(5.954,-7.29154704212334E-16,-4.95));
#1329=CARTESIAN_POINT('Origin',(0.,0.,0.));
#1330=CARTESIAN_POINT('',(-5.10041773684181,-3.0717836690935,-1.94600008940697));
#1331=CARTESIAN_POINT('Origin',(0.,0.,-1.94600008940697));
#1332=CARTESIAN_POINT('Ctrl Pts',(-5.10041773684179,-3.07178366909352,-1.94600008940697));
#1333=CARTESIAN_POINT('Ctrl Pts',(-5.61210463607745,-2.22217405536011,-1.9658836915991));
#1334=CARTESIAN_POINT('Ctrl Pts',(-5.90713245810028,-1.24266825992158,-1.98576729379123));
#1335=CARTESIAN_POINT('Ctrl Pts',(-5.94918912016844,-0.252154272775847,
-2.00565089598336));
#1336=CARTESIAN_POINT('Ctrl Pts',(-5.9912457822366,0.738359714369896,-2.02553449817549));
#1337=CARTESIAN_POINT('Ctrl Pts',(-5.78033128435009,1.73988189322283,-2.04541810036762));
#1338=CARTESIAN_POINT('Ctrl Pts',(-5.3424524926786,2.62953769786886,-2.06530170255975));
#1339=CARTESIAN_POINT('Ctrl Pts',(-4.90457370100711,3.51919350251488,-2.08518530475188));
#1340=CARTESIAN_POINT('Ctrl Pts',(-4.23973061555066,4.29698293295399,-2.10506890694401));
#1341=CARTESIAN_POINT('Ctrl Pts',(-3.42913718644803,4.8679705289814,-2.12495250913615));
#1342=CARTESIAN_POINT('Ctrl Pts',(-2.61854375734539,5.43895812500881,-2.14483611132828));
#1343=CARTESIAN_POINT('Ctrl Pts',(-1.66219998459658,5.80314388662453,-2.16471971352041));
#1344=CARTESIAN_POINT('Ctrl Pts',(-0.677098189898452,5.91590340693352,-2.18460331571254));
#1345=CARTESIAN_POINT('Ctrl Pts',(0.308003604799666,6.02866292724251,-2.20448691790467));
#1346=CARTESIAN_POINT('Ctrl Pts',(1.32186342144711,5.88999620624479,-2.2243705200968));
#1347=CARTESIAN_POINT('Ctrl Pts',(2.24052051914538,5.51690572119942,-2.24425412228893));
#1348=CARTESIAN_POINT('Ctrl Pts',(3.15917761684367,5.14381523615405,-2.26413772448106));
#1349=CARTESIAN_POINT('Ctrl Pts',(3.98263199559278,4.53630098706101,-2.28402132667319));
#1350=CARTESIAN_POINT('Ctrl Pts',(4.61017409811667,3.7686314297841,-2.30390492886533));
#1351=CARTESIAN_POINT('Ctrl Pts',(5.23771620064055,3.00096187250718,-2.32378853105746));
#1352=CARTESIAN_POINT('Ctrl Pts',(5.66934602693921,2.07313700704638,-2.34367213324959));
#1353=CARTESIAN_POINT('Ctrl Pts',(5.85228624405837,1.09863025001917,-2.36355573544172));
#1354=CARTESIAN_POINT('Ctrl Pts',(5.92021838966993,0.73676156985522,-2.37093921721882));
#1355=CARTESIAN_POINT('Ctrl Pts',(5.95385876362707,0.368455930900454,-2.37832269899592));
#1356=CARTESIAN_POINT('Ctrl Pts',(5.95361890924891,0.000107241293493024,
-2.38570618077302));
#1357=CARTESIAN_POINT('Origin',(0.,0.,-4.95));
#1358=CARTESIAN_POINT('',(5.95427905946908,-0.000125494100645662,-3.23929381922698));
#1359=CARTESIAN_POINT('',(5.95447094167566,-5.72794925091493E-5,-3.13570618077302));
#1360=CARTESIAN_POINT('',(5.954,-7.29154704212334E-16,-4.95));
#1361=CARTESIAN_POINT('Ctrl Pts',(5.95427905946908,-0.000125494100645662,
-3.23929381922698));
#1362=CARTESIAN_POINT('Ctrl Pts',(5.95348341556816,0.852601296513766,-3.22219563784938));
#1363=CARTESIAN_POINT('Ctrl Pts',(5.76835724508388,1.70566236412155,-3.20509745647178));
#1364=CARTESIAN_POINT('Ctrl Pts',(5.41313504968884,2.48077059781932,-3.18799927509418));
#1365=CARTESIAN_POINT('Ctrl Pts',(5.00004451876817,3.38214972313865,-3.16811567290205));
#1366=CARTESIAN_POINT('Ctrl Pts',(4.35692400011519,4.1781090455118,-3.14823207070992));
#1367=CARTESIAN_POINT('Ctrl Pts',(3.56241925587375,4.77131248926785,-3.12834846851779));
#1368=CARTESIAN_POINT('Ctrl Pts',(2.76791451163232,5.36451593302389,-3.10846486632565));
#1369=CARTESIAN_POINT('Ctrl Pts',(1.82202554180245,5.75496349816283,-3.08858126413352));
#1370=CARTESIAN_POINT('Ctrl Pts',(0.840422981482206,5.89490822978989,-3.06869766194139));
#1371=CARTESIAN_POINT('Ctrl Pts',(-0.141179578838051,6.03485296141695,-3.04881405974926));
#1372=CARTESIAN_POINT('Ctrl Pts',(-1.15849572964868,5.92429485953212,-3.02893045755713));
#1373=CARTESIAN_POINT('Ctrl Pts',(-2.08712016624276,5.57675382604379,-3.009046855365));
#1374=CARTESIAN_POINT('Ctrl Pts',(-3.01574460283685,5.22921279255546,-2.98916325317287));
#1375=CARTESIAN_POINT('Ctrl Pts',(-3.85567732521439,4.64468882746363,-2.96927965098074));
#1376=CARTESIAN_POINT('Ctrl Pts',(-4.50420484977113,3.89466205164164,-2.94939604878861));
#1377=CARTESIAN_POINT('Ctrl Pts',(-5.15273237432788,3.14463527581965,-2.92951244659647));
#1378=CARTESIAN_POINT('Ctrl Pts',(-5.60985470106384,2.2291056892675,-2.90962884440434));
#1379=CARTESIAN_POINT('Ctrl Pts',(-5.8196713678777,1.26003134733932,-2.88974524221221));
#1380=CARTESIAN_POINT('Ctrl Pts',(-6.02948803469156,0.290957005411152,-2.86986164002008));
#1381=CARTESIAN_POINT('Ctrl Pts',(-5.99199904158333,-0.731662091893044,
-2.84997803782795));
#1382=CARTESIAN_POINT('Ctrl Pts',(-5.71178883450197,-1.6827721563624,-2.83009443563582));
#1383=CARTESIAN_POINT('Ctrl Pts',(-5.4315786274206,-2.63388222083177,-2.81021083344369));
#1384=CARTESIAN_POINT('Ctrl Pts',(-4.90864720636609,-3.5134832524663,-2.79032723125156));
#1385=CARTESIAN_POINT('Ctrl Pts',(-4.20694267644745,-4.21401081560813,-2.77044362905943));
#1386=CARTESIAN_POINT('Ctrl Pts',(-3.5052381465288,-4.91453837874997,-2.7505600268673));
#1387=CARTESIAN_POINT('Ctrl Pts',(-2.62476050774603,-5.43599247339912,-2.73067642467516));
#1388=CARTESIAN_POINT('Ctrl Pts',(-1.67318139559123,-5.71460565747537,-2.71079282248303));
#1389=CARTESIAN_POINT('Ctrl Pts',(-0.721602283436438,-5.99321884155163,
-2.6909092202909));
#1390=CARTESIAN_POINT('Ctrl Pts',(0.301078302090385,-6.02899111505498,-2.67102561809877));
#1391=CARTESIAN_POINT('Ctrl Pts',(1.26979906136974,-5.81754795417289,-2.65114201590664));
#1392=CARTESIAN_POINT('Ctrl Pts',(2.23851982064909,-5.60610479329081,-2.63125841371451));
#1393=CARTESIAN_POINT('Ctrl Pts',(3.15328075368097,-5.14744619802327,-2.61137481152238));
#1394=CARTESIAN_POINT('Ctrl Pts',(3.90221778417748,-4.49766052191799,-2.59149120933025));
#1395=CARTESIAN_POINT('Ctrl Pts',(4.65115481467397,-3.84787484581272,-2.57160760713811));
#1396=CARTESIAN_POINT('Ctrl Pts',(5.23426794263509,-3.00696208886972,-2.55172400494598));
#1397=CARTESIAN_POINT('Ctrl Pts',(5.58024961146414,-2.07775553181459,-2.53184040275385));
#1398=CARTESIAN_POINT('Ctrl Pts',(5.82702478210244,-1.41498889608043,-2.51765820824489));
#1399=CARTESIAN_POINT('Ctrl Pts',(5.95316145593585,-0.707303583753537,-2.50347601373594));
#1400=CARTESIAN_POINT('Ctrl Pts',(5.95382949337531,0.000149861681539992,
-2.48929381922698));
#1401=CARTESIAN_POINT('Ctrl Pts',(5.95361890924891,0.000107241293493024,
-2.38570618077302));
#1402=CARTESIAN_POINT('Ctrl Pts',(5.95321283949758,-0.623501391301249,-2.39820630118805));
#1403=CARTESIAN_POINT('Ctrl Pts',(5.85569937401983,-1.24723341552953,-2.41070642160308));
#1404=CARTESIAN_POINT('Ctrl Pts',(5.66307549653254,-1.84006286195627,-2.42320654201811));
#1405=CARTESIAN_POINT('Ctrl Pts',(5.35667392394787,-2.78306056831089,-2.44309014421024));
#1406=CARTESIAN_POINT('Ctrl Pts',(4.80962017083887,-3.64786733242653,-2.46297374640238));
#1407=CARTESIAN_POINT('Ctrl Pts',(4.0888137009807,-4.32872479849134,-2.48285734859451));
#1408=CARTESIAN_POINT('Ctrl Pts',(3.36800723112253,-5.00958226455615,-2.50274095078664));
#1409=CARTESIAN_POINT('Ctrl Pts',(2.4734480445152,-5.50649043257015,-2.52262455297877));
#1410=CARTESIAN_POINT('Ctrl Pts',(1.51452901096218,-5.75868509455291,-2.5425081551709));
#1411=CARTESIAN_POINT('Ctrl Pts',(0.555609977409173,-6.01087975653567,-2.56239175736303));
#1412=CARTESIAN_POINT('Ctrl Pts',(-0.467668903089526,-6.01836091248721,
-2.58227535955516));
#1413=CARTESIAN_POINT('Ctrl Pts',(-1.43017276800334,-5.78021290407117,-2.60215896174729));
#1414=CARTESIAN_POINT('Ctrl Pts',(-2.39267663291716,-5.54206489565512,-2.62204256393943));
#1415=CARTESIAN_POINT('Ctrl Pts',(-3.2944054822461,-5.05828772287147,-2.64192616613156));
#1416=CARTESIAN_POINT('Ctrl Pts',(-4.02508912152003,-4.38804181950865,-2.66180976832369));
#1417=CARTESIAN_POINT('Ctrl Pts',(-4.75577276079395,-3.71779591614582,-2.68169337051582));
#1418=CARTESIAN_POINT('Ctrl Pts',(-5.31541119001287,-2.86108128220382,-2.70157697270795));
#1419=CARTESIAN_POINT('Ctrl Pts',(-5.63556738244778,-1.92266341374789,-2.72146057490008));
#1420=CARTESIAN_POINT('Ctrl Pts',(-5.95572357488268,-0.984245545291964,
-2.74134417709221));
#1421=CARTESIAN_POINT('Ctrl Pts',(-6.03639753053356,0.0358755576778828,
-2.76122777928434));
#1422=CARTESIAN_POINT('Ctrl Pts',(-5.86772386470078,1.01295147196953,-2.78111138147647));
#1423=CARTESIAN_POINT('Ctrl Pts',(-5.69905019886799,1.99002738626118,-2.8009949836686));
#1424=CARTESIAN_POINT('Ctrl Pts',(-5.28102891155154,2.92405811187463,-2.82087858586074));
#1425=CARTESIAN_POINT('Ctrl Pts',(-4.66477885947275,3.70082318650872,-2.84076218805287));
#1426=CARTESIAN_POINT('Ctrl Pts',(-4.04852880739395,4.47758826114281,-2.860645790245));
#1427=CARTESIAN_POINT('Ctrl Pts',(-3.23404999055282,5.09708768479754,-2.88052939243713));
#1428=CARTESIAN_POINT('Ctrl Pts',(-2.32094320557709,5.48356423793074,-2.90041299462926));
#1429=CARTESIAN_POINT('Ctrl Pts',(-1.40783642060137,5.87004079106395,-2.92029659682139));
#1430=CARTESIAN_POINT('Ctrl Pts',(-0.396101667491052,6.02349447367563,-2.94018019901352));
#1431=CARTESIAN_POINT('Ctrl Pts',(0.590538292722199,5.92515979430306,-2.96006380120566));
#1432=CARTESIAN_POINT('Ctrl Pts',(1.57717825293545,5.82682511493049,-2.97994740339779));
#1433=CARTESIAN_POINT('Ctrl Pts',(2.53872342025163,5.47670207357366,-2.99983100558992));
#1434=CARTESIAN_POINT('Ctrl Pts',(3.3575885947581,4.91760642234919,-3.01971460778205));
#1435=CARTESIAN_POINT('Ctrl Pts',(4.17645376926456,4.35851077112473,-3.03959820997418));
#1436=CARTESIAN_POINT('Ctrl Pts',(4.85263895096131,3.59044251003263,-3.05948181216631));
#1437=CARTESIAN_POINT('Ctrl Pts',(5.30345497626466,2.70732698337727,-3.07936541435844));
#1438=CARTESIAN_POINT('Ctrl Pts',(5.72925509256379,1.87321578756874,-3.09814566982997));
#1439=CARTESIAN_POINT('Ctrl Pts',(5.95400369888921,0.936471086670168,-3.11692592530149));
#1440=CARTESIAN_POINT('Ctrl Pts',(5.95447094167566,-5.72794925091493E-5,
-3.13570618077302));
#1441=CARTESIAN_POINT('Origin',(0.,0.,-4.95));
#1442=CARTESIAN_POINT('',(5.95352358770952,6.07858620063628E-5,-3.98929381922698));
#1443=CARTESIAN_POINT('',(5.95348933414947,-1.64565568403976E-5,-3.88570618077302));
#1444=CARTESIAN_POINT('',(5.954,-7.29154704212334E-16,-4.95));
#1445=CARTESIAN_POINT('Ctrl Pts',(5.95352358770952,6.07858620063628E-5,
-3.98929381922698));
#1446=CARTESIAN_POINT('Ctrl Pts',(5.95367683109019,0.42968598874661,-3.98068246634708));
#1447=CARTESIAN_POINT('Ctrl Pts',(5.90781637081671,0.859278962351191,-3.97207111346719));
#1448=CARTESIAN_POINT('Ctrl Pts',(5.81560236699507,1.27868015315784,-3.96345976058729));
#1449=CARTESIAN_POINT('Ctrl Pts',(5.60268035646941,2.24707693740474,-3.94357615839516));
#1450=CARTESIAN_POINT('Ctrl Pts',(5.14262559777389,3.16113648874977,-3.92369255620303));
#1451=CARTESIAN_POINT('Ctrl Pts',(4.49169715286587,3.90908052002194,-3.9038089540109));
#1452=CARTESIAN_POINT('Ctrl Pts',(3.84076870795784,4.65702455129414,-3.88392535181877));
#1453=CARTESIAN_POINT('Ctrl Pts',(2.99896657683725,5.23885306249348,-3.86404174962664));
#1454=CARTESIAN_POINT('Ctrl Pts',(2.06923284923466,5.58341555329052,-3.84415814743451));
#1455=CARTESIAN_POINT('Ctrl Pts',(1.13949912163207,5.92797804408756,-3.82427454524237));
#1456=CARTESIAN_POINT('Ctrl Pts',(0.121833797547472,6.03527451448232,-3.80439094305025));
#1457=CARTESIAN_POINT('Ctrl Pts',(-0.859315118868874,5.89218392037807,-3.78450734085812));
#1458=CARTESIAN_POINT('Ctrl Pts',(-1.84046403528521,5.74909332627381,-3.76462373866598));
#1459=CARTESIAN_POINT('Ctrl Pts',(-2.78509654403325,5.35561566767055,-3.74474013647385));
#1460=CARTESIAN_POINT('Ctrl Pts',(-3.57769565972781,4.75986844266132,-3.72485653428172));
#1461=CARTESIAN_POINT('Ctrl Pts',(-4.37029477542237,4.16412121765209,-3.70497293208959));
#1462=CARTESIAN_POINT('Ctrl Pts',(-5.01086049806345,3.3661044262369,-3.68508932989746));
#1463=CARTESIAN_POINT('Ctrl Pts',(-5.42105948581157,2.46340574740961,-3.66520572770533));
#1464=CARTESIAN_POINT('Ctrl Pts',(-5.83125847355969,1.56070706858229,-3.6453221255132));
#1465=CARTESIAN_POINT('Ctrl Pts',(-6.01109072641484,0.553326502342871,-3.62543852332107));
#1466=CARTESIAN_POINT('Ctrl Pts',(-5.93856496254766,-0.435545647068494,
-3.60555492112893));
#1467=CARTESIAN_POINT('Ctrl Pts',(-5.86603919868048,-1.42441779647985,-3.5856713189368));
#1468=CARTESIAN_POINT('Ctrl Pts',(-5.54115541809098,-2.39478152906314,-3.56578771674467));
#1469=CARTESIAN_POINT('Ctrl Pts',(-5.0036429277711,-3.22797324593045,-3.54590411455254));
#1470=CARTESIAN_POINT('Ctrl Pts',(-4.46613043745122,-4.06116496279775,-3.52602051236041));
#1471=CARTESIAN_POINT('Ctrl Pts',(-3.71598923740095,-4.75718466394907,-3.50613691016828));
#1472=CARTESIAN_POINT('Ctrl Pts',(-2.844952408199,-5.23091766520606,-3.48625330797615));
#1473=CARTESIAN_POINT('Ctrl Pts',(-1.97391557899706,-5.70465066646304,-3.46636970578402));
#1474=CARTESIAN_POINT('Ctrl Pts',(-0.981983120643441,-5.95609696782571,
-3.44648610359188));
#1475=CARTESIAN_POINT('Ctrl Pts',(0.00954377699701137,-5.95450776650707,
-3.42660250139975));
#1476=CARTESIAN_POINT('Ctrl Pts',(1.00107067463748,-5.95291856518843,-3.40671889920762));
#1477=CARTESIAN_POINT('Ctrl Pts',(1.99219201156478,-5.69829386118847,-3.38683529701549));
#1478=CARTESIAN_POINT('Ctrl Pts',(2.861705788134,-5.22177113700369,-3.36695169482336));
#1479=CARTESIAN_POINT('Ctrl Pts',(3.73121956470323,-4.74524841281892,-3.34706809263123));
#1480=CARTESIAN_POINT('Ctrl Pts',(4.47912578091439,-4.04682766844933,-3.3271844904391));
#1481=CARTESIAN_POINT('Ctrl Pts',(5.01396466733007,-3.21191720625641,-3.30730088824697));
#1482=CARTESIAN_POINT('Ctrl Pts',(5.54880355374575,-2.37700674406349,-3.28741728605484));
#1483=CARTESIAN_POINT('Ctrl Pts',(5.87057511036597,-1.40560656404724,-3.2675336838627));
#1484=CARTESIAN_POINT('Ctrl Pts',(5.9399306170819,-0.416507009906365,-3.24765008167057));
#1485=CARTESIAN_POINT('Ctrl Pts',(5.94964637533045,-0.277947685538166,-3.24486466085604));
#1486=CARTESIAN_POINT('Ctrl Pts',(5.9544086757735,-0.139041025479772,-3.24207924004151));
#1487=CARTESIAN_POINT('Ctrl Pts',(5.95427905946908,-0.000125494100645662,
-3.23929381922698));
#1488=CARTESIAN_POINT('Ctrl Pts',(5.95447094167566,-5.72794925091493E-5,
-3.13570618077302));
#1489=CARTESIAN_POINT('Ctrl Pts',(5.95449839235635,-0.0550786556993003,
-3.13680952749363));
#1490=CARTESIAN_POINT('Ctrl Pts',(5.95375171247516,-0.110099285204146,-3.13791287421423));
#1491=CARTESIAN_POINT('Ctrl Pts',(5.95222619141276,-0.165098311808239,-3.13901622093483));
#1492=CARTESIAN_POINT('Ctrl Pts',(5.92473451234757,-1.15624528811975,-3.15889982312696));
#1493=CARTESIAN_POINT('Ctrl Pts',(5.64430428530726,-2.14037644852416,-3.1787834253191));
#1494=CARTESIAN_POINT('Ctrl Pts',(5.14522869265105,-2.99714460536543,-3.19866702751123));
#1495=CARTESIAN_POINT('Ctrl Pts',(4.64615309999482,-3.85391276220672,-3.21855062970336));
#1496=CARTESIAN_POINT('Ctrl Pts',(3.92843214172268,-4.58331791548486,-3.23843423189549));
#1497=CARTESIAN_POINT('Ctrl Pts',(3.07983429970608,-5.09616274965205,-3.25831783408762));
#1498=CARTESIAN_POINT('Ctrl Pts',(2.23123645768947,-5.60900758381924,-3.27820143627975));
#1499=CARTESIAN_POINT('Ctrl Pts',(1.25176173192839,-5.90529209887547,-3.29808503847188));
#1500=CARTESIAN_POINT('Ctrl Pts',(0.261187884303364,-5.94878432744762,-3.31796864066401));
#1501=CARTESIAN_POINT('Ctrl Pts',(-0.729385963321652,-5.99227655601977,
-3.33785224285614));
#1502=CARTESIAN_POINT('Ctrl Pts',(-1.73105893281061,-5.78297649810783,-3.35773584504828));
#1503=CARTESIAN_POINT('Ctrl Pts',(-2.62133868915916,-5.34647898729011,-3.37761944724041));
#1504=CARTESIAN_POINT('Ctrl Pts',(-3.51161844550771,-4.90998147647239,-3.39750304943254));
#1505=CARTESIAN_POINT('Ctrl Pts',(-4.29050498871585,-4.24628651274888,-3.41738665162467));
#1506=CARTESIAN_POINT('Ctrl Pts',(-4.86275003479413,-3.43655586077591,-3.4372702538168));
#1507=CARTESIAN_POINT('Ctrl Pts',(-5.43499508087242,-2.62682520880292,-3.45715385600893));
#1508=CARTESIAN_POINT('Ctrl Pts',(-5.80059862982084,-1.67105886858045,-3.47703745820106));
#1509=CARTESIAN_POINT('Ctrl Pts',(-5.91485184575458,-0.686135356743053,
-3.49692106039319));
#1510=CARTESIAN_POINT('Ctrl Pts',(-6.02910506168831,0.298788155094326,-3.51680466258533));
#1511=CARTESIAN_POINT('Ctrl Pts',(-5.89200794460738,1.31286883854663,-3.53668826477746));
#1512=CARTESIAN_POINT('Ctrl Pts',(-5.52032579267329,2.23209704712335,-3.55657186696959));
#1513=CARTESIAN_POINT('Ctrl Pts',(-5.1486436407392,3.15132525570007,-3.57645546916172));
#1514=CARTESIAN_POINT('Ctrl Pts',(-4.54237645395197,3.97570098940122,-3.59633907135385));
#1515=CARTESIAN_POINT('Ctrl Pts',(-3.77566328332993,4.6044131934427,-3.61622267354598));
#1516=CARTESIAN_POINT('Ctrl Pts',(-3.00895011270788,5.23312539748419,-3.63610627573811));
#1517=CARTESIAN_POINT('Ctrl Pts',(-2.08179095825104,5.66617407186602,-3.65598987793024));
#1518=CARTESIAN_POINT('Ctrl Pts',(-1.10756602813681,5.85060266795996,-3.67587348012237));
#1519=CARTESIAN_POINT('Ctrl Pts',(-0.133341098022589,6.0350312640539,-3.6957570823145));
#1520=CARTESIAN_POINT('Ctrl Pts',(0.887949607749013,5.97083978185995,-3.71564068450664));
#1521=CARTESIAN_POINT('Ctrl Pts',(1.83141474525207,5.66587805339172,-3.73552428669877));
#1522=CARTESIAN_POINT('Ctrl Pts',(2.77487988275516,5.36091632492348,-3.7554078888909));
#1523=CARTESIAN_POINT('Ctrl Pts',(3.6405194519897,4.81518435018093,-3.77529149108303));
#1524=CARTESIAN_POINT('Ctrl Pts',(4.32247633651997,4.09541846521842,-3.79517509327516));
#1525=CARTESIAN_POINT('Ctrl Pts',(5.00443322105021,3.37565258025593,-3.81505869546729));
#1526=CARTESIAN_POINT('Ctrl Pts',(5.50270742087618,2.48185278507349,-3.83494229765942));
#1527=CARTESIAN_POINT('Ctrl Pts',(5.75636610452499,1.52331984681661,-3.85482589985155));
#1528=CARTESIAN_POINT('Ctrl Pts',(5.88768120081313,1.02710247600968,-3.86511932682538));
#1529=CARTESIAN_POINT('Ctrl Pts',(5.95344008594317,0.513536820585986,-3.8754127537992));
#1530=CARTESIAN_POINT('Ctrl Pts',(5.95348933414947,-1.64565568403976E-5,
-3.88570618077302));
#1531=CARTESIAN_POINT('Origin',(0.,0.,-4.95));
#1532=CARTESIAN_POINT('',(5.95451508079726,6.65260094979807E-6,-4.73929381922698));
#1533=CARTESIAN_POINT('',(5.95440464005733,8.96217802092245E-5,-4.63570618077302));
#1534=CARTESIAN_POINT('',(5.954,-7.29154704212334E-16,-4.95));
#1535=CARTESIAN_POINT('Ctrl Pts',(5.95451478977936,6.64884226575686E-6,
-4.73929381922698));
#1536=CARTESIAN_POINT('Ctrl Pts',(5.95451519700198,0.00621626164636578,
-4.73916929484479));
#1537=CARTESIAN_POINT('Ctrl Pts',(5.95450568746233,0.0124258731974567,-4.7390447704626));
#1538=CARTESIAN_POINT('Ctrl Pts',(5.95448625365314,0.0186354536890645,-4.73892024608041));
#1539=CARTESIAN_POINT('Ctrl Pts',(5.95138313341096,1.01015876907344,-4.71903664388828));
#1540=CARTESIAN_POINT('Ctrl Pts',(5.69524542467003,2.00089017493703,-4.69915304169615));
#1541=CARTESIAN_POINT('Ctrl Pts',(5.21739563187858,2.86967535542483,-4.67926943950402));
#1542=CARTESIAN_POINT('Ctrl Pts',(4.73954583908713,3.73846053591264,-4.65938583731189));
#1543=CARTESIAN_POINT('Ctrl Pts',(4.03998396224517,4.48529949102467,-4.63950223511975));
#1544=CARTESIAN_POINT('Ctrl Pts',(3.2042578502302,5.01886296428947,-4.61961863292762));
#1545=CARTESIAN_POINT('Ctrl Pts',(2.36853173821522,5.55242643755427,-4.59973503073549));
#1546=CARTESIAN_POINT('Ctrl Pts',(1.39664139102723,5.87271442897183,-4.57985142854336));
#1547=CARTESIAN_POINT('Ctrl Pts',(0.407437093821953,5.94055964027433,-4.55996782635123));
#1548=CARTESIAN_POINT('Ctrl Pts',(-0.581767203383309,6.00840485157683,-4.5400842241591));
#1549=CARTESIAN_POINT('Ctrl Pts',(-1.58828545060585,5.82380728276427,-4.52020062196697));
#1550=CARTESIAN_POINT('Ctrl Pts',(-2.48903279465936,5.40934095543889,-4.50031701977483));
#1551=CARTESIAN_POINT('Ctrl Pts',(-3.38978013871289,4.9948746281135,-4.4804334175827));
#1552=CARTESIAN_POINT('Ctrl Pts',(-4.18475657959739,4.35053954227528,-4.46054981539057));
#1553=CARTESIAN_POINT('Ctrl Pts',(-4.77674623594866,3.55512998671338,-4.44066621319844));
#1554=CARTESIAN_POINT('Ctrl Pts',(-5.36873589229992,2.75972043115149,-4.42078261100631));
#1555=CARTESIAN_POINT('Ctrl Pts',(-5.75773876411798,1.81323640586593,-4.40089900881418));
#1556=CARTESIAN_POINT('Ctrl Pts',(-5.89618456492376,0.831421314035868,-4.38101540662205));
#1557=CARTESIAN_POINT('Ctrl Pts',(-6.03463036572955,-0.150393777794197,
-4.36113180442991));
#1558=CARTESIAN_POINT('Ctrl Pts',(-5.92251909552307,-1.16753993616877,-4.34124820223779));
#1559=CARTESIAN_POINT('Ctrl Pts',(-5.57356058944341,-2.09563264454476,-4.32136460004565));
#1560=CARTESIAN_POINT('Ctrl Pts',(-5.22460208336373,-3.02372535292076,-4.30148099785352));
#1561=CARTESIAN_POINT('Ctrl Pts',(-4.63879634141086,-3.86276461129818,-4.28159739566139));
#1562=CARTESIAN_POINT('Ctrl Pts',(-3.88778023051985,-4.51014619544172,-4.26171379346926));
#1563=CARTESIAN_POINT('Ctrl Pts',(-3.13676411962883,-5.15752777958525,-4.24183019127713));
#1564=CARTESIAN_POINT('Ctrl Pts',(-2.22053763979966,-5.61325168949491,-4.221946589085));
#1565=CARTESIAN_POINT('Ctrl Pts',(-1.25114406701506,-5.82158847297294,-4.20206298689287));
#1566=CARTESIAN_POINT('Ctrl Pts',(-0.281750494230463,-6.02992525645097,
-4.18217938470074));
#1567=CARTESIAN_POINT('Ctrl Pts',(0.740810171509568,-5.99087491349739,-4.16229578250861));
#1568=CARTESIAN_POINT('Ctrl Pts',(1.69149128573133,-5.70921282274302,-4.14241218031648));
#1569=CARTESIAN_POINT('Ctrl Pts',(2.6421723999531,-5.42755073198865,-4.12252857812434));
#1570=CARTESIAN_POINT('Ctrl Pts',(3.5209739626566,-4.90327689343348,-4.10264497593221));
#1571=CARTESIAN_POINT('Ctrl Pts',(4.2204293068204,-4.20050357590729,-4.08276137374008));
#1572=CARTESIAN_POINT('Ctrl Pts',(4.91988465098418,-3.4977302583811,-4.06287777154795));
#1573=CARTESIAN_POINT('Ctrl Pts',(5.43999377660825,-2.61645746188389,-4.04299416935582));
#1574=CARTESIAN_POINT('Ctrl Pts',(5.71715370824239,-1.66445405506089,-4.02311056716369));
#1575=CARTESIAN_POINT('Ctrl Pts',(5.87427895237843,-1.12475206122125,-4.01183831785145));
#1576=CARTESIAN_POINT('Ctrl Pts',(5.95332299233077,-0.562318025607005,-4.00056606853922));
#1577=CARTESIAN_POINT('Ctrl Pts',(5.95352358770952,6.07858620063628E-5,
-3.98929381922698));
#1578=CARTESIAN_POINT('Ctrl Pts',(5.95348933414947,-1.64565568403976E-5,
-3.88570618077302));
#1579=CARTESIAN_POINT('Ctrl Pts',(5.95353521769524,-0.478483533096252,-3.89529635599133));
#1580=CARTESIAN_POINT('Ctrl Pts',(5.89654337872284,-0.956939864956769,-3.90488653120964));
#1581=CARTESIAN_POINT('Ctrl Pts',(5.78238973832446,-1.42134548901691,-3.91447670642795));
#1582=CARTESIAN_POINT('Ctrl Pts',(5.54571152100351,-2.3842118052622,-3.93436030862008));
#1583=CARTESIAN_POINT('Ctrl Pts',(5.06331191888999,-3.28667835642147,-3.95424391081221));
#1584=CARTESIAN_POINT('Ctrl Pts',(4.39418249459794,-4.0183845372485,-3.97412751300434));
#1585=CARTESIAN_POINT('Ctrl Pts',(3.72505307030588,-4.75009071807554,-3.99401111519647));
#1586=CARTESIAN_POINT('Ctrl Pts',(2.86919382383526,-5.31103652857034,-4.01389471738861));
#1587=CARTESIAN_POINT('Ctrl Pts',(1.93126585794379,-5.63262516691548,-4.03377831958074));
#1588=CARTESIAN_POINT('Ctrl Pts',(0.993337892052344,-5.95421380526061,-4.05366192177287));
#1589=CARTESIAN_POINT('Ctrl Pts',(-0.0266587932599419,-6.0364452714561,
-4.073545523965));
#1590=CARTESIAN_POINT('Ctrl Pts',(-1.00399109692055,-5.86926366440741,-4.09342912615713));
#1591=CARTESIAN_POINT('Ctrl Pts',(-1.98132340058116,-5.70208205735871,-4.11331272834926));
#1592=CARTESIAN_POINT('Ctrl Pts',(-2.91599132259008,-5.28548737706583,-4.13319633054139));
#1593=CARTESIAN_POINT('Ctrl Pts',(-3.69369642446801,-4.67042405022298,-4.15307993273352));
#1594=CARTESIAN_POINT('Ctrl Pts',(-4.47140152634593,-4.05536072338013,-4.17296353492565));
#1595=CARTESIAN_POINT('Ctrl Pts',(-5.09214380809287,-3.24182874998731,-4.19284713711779));
#1596=CARTESIAN_POINT('Ctrl Pts',(-5.48001409188099,-2.32931312575501,-4.21273073930992));
#1597=CARTESIAN_POINT('Ctrl Pts',(-5.86788437566911,-1.41679750152272,-4.23261434150205));
#1598=CARTESIAN_POINT('Ctrl Pts',(-6.02288266149844,-0.405298226450944,
-4.25249794369417));
#1599=CARTESIAN_POINT('Ctrl Pts',(-5.92605455752551,0.581490727578703,-4.27238154588631));
#1600=CARTESIAN_POINT('Ctrl Pts',(-5.82922645355258,1.56827968160838,-4.29226514807844));
#1601=CARTESIAN_POINT('Ctrl Pts',(-5.48057195977739,2.53035831459593,-4.31214875027058));
#1602=CARTESIAN_POINT('Ctrl Pts',(-4.92272725025588,3.35007619385247,-4.33203235246271));
#1603=CARTESIAN_POINT('Ctrl Pts',(-4.36488254073439,4.16979407310899,-4.35191595465484));
#1604=CARTESIAN_POINT('Ctrl Pts',(-3.5978476154666,4.84715119863452,-4.37179955684696));
#1605=CARTESIAN_POINT('Ctrl Pts',(-2.71542145070148,5.29931509066023,-4.39168315903909));
#1606=CARTESIAN_POINT('Ctrl Pts',(-1.83299528593633,5.75147898268594,-4.41156676123122));
#1607=CARTESIAN_POINT('Ctrl Pts',(-0.835177881673902,5.9784496412118,-4.43145036342336));
#1608=CARTESIAN_POINT('Ctrl Pts',(0.156009915420392,5.95247133477511,-4.45133396561549));
#1609=CARTESIAN_POINT('Ctrl Pts',(1.14719771251468,5.92649302833842,-4.47121756780762));
#1610=CARTESIAN_POINT('Ctrl Pts',(2.13175590244082,5.64756575693914,-4.49110116999975));
#1611=CARTESIAN_POINT('Ctrl Pts',(2.98928507803958,5.14979890939819,-4.51098477219188));
#1612=CARTESIAN_POINT('Ctrl Pts',(3.84681425363833,4.65203206185725,-4.53086837438401));
#1613=CARTESIAN_POINT('Ctrl Pts',(4.57731441490975,3.93542563817463,-4.55075197657614));
#1614=CARTESIAN_POINT('Ctrl Pts',(5.09145433974159,3.08761182653446,-4.57063557876828));
#1615=CARTESIAN_POINT('Ctrl Pts',(5.60559426457343,2.23979801489427,-4.59051918096041));
#1616=CARTESIAN_POINT('Ctrl Pts',(5.90337395296567,1.26077681529652,-4.61040278315254));
#1617=CARTESIAN_POINT('Ctrl Pts',(5.94837859641508,0.27027052880363,-4.63028638534467));
#1618=CARTESIAN_POINT('Ctrl Pts',(5.95246766033259,0.180274403832344,-4.63209298382079));
#1619=CARTESIAN_POINT('Ctrl Pts',(5.95446998904036,0.0901834659604554,-4.6338995822969));
#1620=CARTESIAN_POINT('Ctrl Pts',(5.95440464005733,8.96217802092245E-5,
-4.63570618077302));
#1621=CARTESIAN_POINT('Origin',(0.,0.,-4.95));
#1622=CARTESIAN_POINT('',(5.95353848659287,-7.13962936543799E-5,-5.48929381922698));
#1623=CARTESIAN_POINT('',(5.95369802730471,-0.00013009930148452,-5.38570618077302));
#1624=CARTESIAN_POINT('',(5.954,-7.29154704212334E-16,-4.95));
#1625=CARTESIAN_POINT('Ctrl Pts',(5.95353848659287,-7.13962936543799E-5,
-5.48929381922698));
#1626=CARTESIAN_POINT('Ctrl Pts',(5.95329692963502,0.574728481613879,-5.47777252115036));
#1627=CARTESIAN_POINT('Ctrl Pts',(5.87066987876954,1.14959633574177,-5.46625122307375));
#1628=CARTESIAN_POINT('Ctrl Pts',(5.7066235008166,1.70020647131526,-5.45472992499713));
#1629=CARTESIAN_POINT('Ctrl Pts',(5.42351018332534,2.65045641935885,-5.434846322805));
#1630=CARTESIAN_POINT('Ctrl Pts',(4.89789515067524,3.52845646598823,-5.41496272061287));
#1631=CARTESIAN_POINT('Ctrl Pts',(4.19405468334365,4.22683795977221,-5.39507911842074));
#1632=CARTESIAN_POINT('Ctrl Pts',(3.49021421601205,4.9252194535562,-5.37519551622861));
#1633=CARTESIAN_POINT('Ctrl Pts',(2.60814831399896,5.44398239449479,-5.35531191403648));
#1634=CARTESIAN_POINT('Ctrl Pts',(1.65572283302056,5.71968842904005,-5.33542831184434));
#1635=CARTESIAN_POINT('Ctrl Pts',(0.703297352042199,5.9953944635853,-5.31554470965221));
#1636=CARTESIAN_POINT('Ctrl Pts',(-0.319487707901457,6.02804359173725,-5.29566110746008));
#1637=CARTESIAN_POINT('Ctrl Pts',(-1.28755826166431,5.81364322502719,-5.27577750526795));
#1638=CARTESIAN_POINT('Ctrl Pts',(-2.25562881542718,5.59924285831712,-5.25589390307582));
#1639=CARTESIAN_POINT('Ctrl Pts',(-3.16898486300924,5.13779299674504,-5.23601030088369));
#1640=CARTESIAN_POINT('Ctrl Pts',(-3.91593414713782,4.48572330626314,-5.21612669869156));
#1641=CARTESIAN_POINT('Ctrl Pts',(-4.6628834312664,3.83365361578123,-5.19624309649943));
#1642=CARTESIAN_POINT('Ctrl Pts',(-5.24342595194149,2.99096409638951,-5.17635949430729));
#1643=CARTESIAN_POINT('Ctrl Pts',(-5.58656846972062,2.06070535453413,-5.15647589211516));
#1644=CARTESIAN_POINT('Ctrl Pts',(-5.92971098749974,1.13044661267877,-5.13659228992303));
#1645=CARTESIAN_POINT('Ctrl Pts',(-6.03545350238289,0.112618648359755,-5.1167086877309));
#1646=CARTESIAN_POINT('Ctrl Pts',(-5.89086499999996,-0.868310645363705,
-5.09682508553877));
#1647=CARTESIAN_POINT('Ctrl Pts',(-5.74627649761703,-1.84923993908718,-5.07694148334664));
#1648=CARTESIAN_POINT('Ctrl Pts',(-5.35135697796802,-2.7932705622151,-5.05705788115451));
#1649=CARTESIAN_POINT('Ctrl Pts',(-4.75440026109032,-3.58495913260155,-5.03717427896238));
#1650=CARTESIAN_POINT('Ctrl Pts',(-4.15744354421263,-4.37664770298801,-5.01729067677025));
#1651=CARTESIAN_POINT('Ctrl Pts',(-3.35844963010625,-5.01599422063299,-4.99740707457811));
#1652=CARTESIAN_POINT('Ctrl Pts',(-2.45512568790229,-5.4248144375343,-4.97752347238598));
#1653=CARTESIAN_POINT('Ctrl Pts',(-1.55180174569833,-5.8336346544356,-4.95763987019385));
#1654=CARTESIAN_POINT('Ctrl Pts',(-0.544147775396797,-6.01192857059323,
-4.93775626800172));
#1655=CARTESIAN_POINT('Ctrl Pts',(0.44461248479465,-5.9378930239137,-4.91787266580959));
#1656=CARTESIAN_POINT('Ctrl Pts',(1.43337274498611,-5.86385747723418,-4.89798906361746));
#1657=CARTESIAN_POINT('Ctrl Pts',(2.40323929506748,-5.53749246771749,-4.87810546142533));
#1658=CARTESIAN_POINT('Ctrl Pts',(3.23560933548038,-4.99870843850996,-4.8582218592332));
#1659=CARTESIAN_POINT('Ctrl Pts',(4.06797937589328,-4.45992440930242,-4.83833825704107));
#1660=CARTESIAN_POINT('Ctrl Pts',(4.76285290663771,-3.70872136040403,-4.81845465484893));
#1661=CARTESIAN_POINT('Ctrl Pts',(5.23525540613822,-2.83696222350226,-4.7985710526568));
#1662=CARTESIAN_POINT('Ctrl Pts',(5.70469940602548,-1.97066262390625,-4.77881197484686));
#1663=CARTESIAN_POINT('Ctrl Pts',(5.95445017316911,-0.985312213279702,-4.75905289703692));
#1664=CARTESIAN_POINT('Ctrl Pts',(5.95451478977936,6.64884226575686E-6,
-4.73929381922698));
#1665=CARTESIAN_POINT('Ctrl Pts',(5.95440464005733,8.96217802092245E-5,
-4.63570618077302));
#1666=CARTESIAN_POINT('Ctrl Pts',(5.95375075164508,-0.901398327848081,-4.65378318448904));
#1667=CARTESIAN_POINT('Ctrl Pts',(5.74607679021676,-1.80317726294816,-4.67186018820505));
#1668=CARTESIAN_POINT('Ctrl Pts',(5.35047516713892,-2.61317231939621,-4.68993719192106));
#1669=CARTESIAN_POINT('Ctrl Pts',(4.91533749590678,-3.50411750771514,-4.70982079411319));
#1670=CARTESIAN_POINT('Ctrl Pts',(4.25283255493592,-4.28401651096493,-4.72970439630533));
#1671=CARTESIAN_POINT('Ctrl Pts',(3.44397658374274,-4.8574972337265,-4.74958799849746));
#1672=CARTESIAN_POINT('Ctrl Pts',(2.6351206125496,-5.43097795648805,-4.76947160068959));
#1673=CARTESIAN_POINT('Ctrl Pts',(1.67991361113415,-5.79804039876138,-4.78935520288172));
#1674=CARTESIAN_POINT('Ctrl Pts',(0.695165695811924,-5.91379731986101,-4.80923880507385));
#1675=CARTESIAN_POINT('Ctrl Pts',(-0.289582219510298,-6.02955424096063,
-4.82912240726598));
#1676=CARTESIAN_POINT('Ctrl Pts',(-1.30387104873929,-5.89400564088653,-4.84900600945811));
#1677=CARTESIAN_POINT('Ctrl Pts',(-2.22366569168816,-5.52372745314592,-4.86888961165024));
#1678=CARTESIAN_POINT('Ctrl Pts',(-3.14346033463706,-5.15344926540529,-4.88877321384237));
#1679=CARTESIAN_POINT('Ctrl Pts',(-3.96876079130584,-4.54844148999812,-4.90865681603451));
#1680=CARTESIAN_POINT('Ctrl Pts',(-4.59864292462693,-3.78268916735271,-4.92854041822664));
#1681=CARTESIAN_POINT('Ctrl Pts',(-5.22852505794801,-3.01693684470732,-4.94842402041877));
#1682=CARTESIAN_POINT('Ctrl Pts',(-5.66298886792142,-2.0904399748237,-4.9683076226109));
#1683=CARTESIAN_POINT('Ctrl Pts',(-5.84890475216497,-1.11649777659022,-4.98819122480303));
#1684=CARTESIAN_POINT('Ctrl Pts',(-6.03482063640853,-0.142555578356716,
-5.00807482699516));
#1685=CARTESIAN_POINT('Ctrl Pts',(-5.9721885949222,0.878831948226658,-5.0279584291873));
#1686=CARTESIAN_POINT('Ctrl Pts',(-5.66866775922439,1.82276161923571,-5.04784203137943));
#1687=CARTESIAN_POINT('Ctrl Pts',(-5.36514692352657,2.76669129024475,-5.06772563357156));
#1688=CARTESIAN_POINT('Ctrl Pts',(-4.82073729361728,3.63316310567948,-5.08760923576369));
#1689=CARTESIAN_POINT('Ctrl Pts',(-4.10201349897338,4.31621817558718,-5.10749283795582));
#1690=CARTESIAN_POINT('Ctrl Pts',(-3.38328970432948,4.99927324549488,-5.12737644014795));
#1691=CARTESIAN_POINT('Ctrl Pts',(-2.49025174495099,5.49891156987555,-5.14726004234008));
#1692=CARTESIAN_POINT('Ctrl Pts',(-1.5321072247967,5.75403350153217,-5.16714364453221));
#1693=CARTESIAN_POINT('Ctrl Pts',(-0.573962704642408,6.00915543318879,-5.18702724672434));
#1694=CARTESIAN_POINT('Ctrl Pts',(0.449288376287669,6.01976097212137,-5.20691084891648));
#1695=CARTESIAN_POINT('Ctrl Pts',(1.41251494419889,5.78455319082153,-5.22679445110861));
#1696=CARTESIAN_POINT('Ctrl Pts',(2.37574151211012,5.5493454095217,-5.24667805330074));
#1697=CARTESIAN_POINT('Ctrl Pts',(3.27894356700249,5.06832430798946,-5.26656165549286));
#1698=CARTESIAN_POINT('Ctrl Pts',(4.01167056053162,4.40031287510257,-5.28644525768499));
#1699=CARTESIAN_POINT('Ctrl Pts',(4.74439755406075,3.73230144221568,-5.30632885987712));
#1700=CARTESIAN_POINT('Ctrl Pts',(5.30664948622664,2.87729967797415,-5.32621246206926));
#1701=CARTESIAN_POINT('Ctrl Pts',(5.62966983253045,1.93986382556192,-5.34609606426139));
#1702=CARTESIAN_POINT('Ctrl Pts',(5.84416606966572,1.31737528823305,-5.35929943643194));
#1703=CARTESIAN_POINT('Ctrl Pts',(5.95317550676593,0.658538255601611,-5.37250280860248));
#1704=CARTESIAN_POINT('Ctrl Pts',(5.95369802730471,-0.00013009930148452,
-5.38570618077302));
#1705=CARTESIAN_POINT('Origin',(0.,0.,-4.95));
#1706=CARTESIAN_POINT('',(5.95424279891128,0.000132594488925775,-6.23929381922698));
#1707=CARTESIAN_POINT('',(5.95397956611294,0.000156121014524942,-6.13570618077302));
#1708=CARTESIAN_POINT('',(5.954,-7.29154704212334E-16,-4.95));
#1709=CARTESIAN_POINT('Ctrl Pts',(5.95424279891128,0.000132594488925775,
-6.23929381922698));
#1710=CARTESIAN_POINT('Ctrl Pts',(5.95438919554071,0.15147144194097,-6.23625934964807));
#1711=CARTESIAN_POINT('Ctrl Pts',(5.9487362669446,0.302799376935849,-6.23322488006916));
#1712=CARTESIAN_POINT('Ctrl Pts',(5.93720718704284,0.453678297995402,-6.23019041049024));
#1713=CARTESIAN_POINT('Ctrl Pts',(5.86166197808734,1.44232437518001,-6.21030680829811));
#1714=CARTESIAN_POINT('Ctrl Pts',(5.53381660943384,2.41169145805412,-6.19042320610598));
#1715=CARTESIAN_POINT('Ctrl Pts',(4.99376232402332,3.24323787573018,-6.17053960391385));
#1716=CARTESIAN_POINT('Ctrl Pts',(4.45370803861278,4.07478429340627,-6.15065600172172));
#1717=CARTESIAN_POINT('Ctrl Pts',(3.70144483644521,4.7685100458843,-6.13077239952959));
#1718=CARTESIAN_POINT('Ctrl Pts',(2.82896541056246,5.23958094527348,-6.11088879733746));
#1719=CARTESIAN_POINT('Ctrl Pts',(1.9564859846797,5.71065184466267,-6.09100519514533));
#1720=CARTESIAN_POINT('Ctrl Pts',(0.963790335081772,5.959067890963,-6.0711215929532));
#1721=CARTESIAN_POINT('Ctrl Pts',(-0.0277270795523536,5.95445085752079,
-6.05123799076106));
#1722=CARTESIAN_POINT('Ctrl Pts',(-1.01924449418645,5.94983382407859,-6.03135438856893));
#1723=CARTESIAN_POINT('Ctrl Pts',(-2.00958367385674,5.69218371089386,-6.0114707863768));
#1724=CARTESIAN_POINT('Ctrl Pts',(-2.87763823642575,5.21300796427717,-5.99158718418467));
#1725=CARTESIAN_POINT('Ctrl Pts',(-3.74569279899477,4.73383221766048,-5.97170358199254));
#1726=CARTESIAN_POINT('Ctrl Pts',(-4.49146274446253,4.03313083761179,-5.95181997980041));
#1727=CARTESIAN_POINT('Ctrl Pts',(-5.02374955886115,3.19659102370706,-5.93193637760828));
#1728=CARTESIAN_POINT('Ctrl Pts',(-5.55603637325978,2.3600512098023,-5.91205277541615));
#1729=CARTESIAN_POINT('Ctrl Pts',(-5.87484005658929,1.38767296204151,-5.89216917322402));
#1730=CARTESIAN_POINT('Ctrl Pts',(-5.94117481524381,0.398366228098972,-5.87228557103189));
#1731=CARTESIAN_POINT('Ctrl Pts',(-6.00750957389833,-0.590940505843542,
-5.85240196883975));
#1732=CARTESIAN_POINT('Ctrl Pts',(-5.82137540787786,-1.5971757259678,-5.83251836664762));
#1733=CARTESIAN_POINT('Ctrl Pts',(-5.405534249911,-2.49728918894248,-5.81263476445549));
#1734=CARTESIAN_POINT('Ctrl Pts',(-4.98969309194413,-3.39740265191719,-5.79275116226336));
#1735=CARTESIAN_POINT('Ctrl Pts',(-4.34414494203089,-4.19139435774231,-5.77286756007123));
#1736=CARTESIAN_POINT('Ctrl Pts',(-3.54783242973748,-4.78216884654613,-5.7529839578791));
#1737=CARTESIAN_POINT('Ctrl Pts',(-2.7515199174441,-5.37294333534993,-5.73310035568697));
#1738=CARTESIAN_POINT('Ctrl Pts',(-1.8044430427706,-5.7605006071324,-5.71321675349484));
#1739=CARTESIAN_POINT('Ctrl Pts',(-0.822417708188881,-5.89744715435896,
-5.6933331513027));
#1740=CARTESIAN_POINT('Ctrl Pts',(0.159607626392835,-6.03439370158553,-5.67344954911057));
#1741=CARTESIAN_POINT('Ctrl Pts',(1.17658142088276,-5.92072952425618,-5.65356594691844));
#1742=CARTESIAN_POINT('Ctrl Pts',(2.1041402372789,-5.57035435914944,-5.63368234472631));
#1743=CARTESIAN_POINT('Ctrl Pts',(3.03169905367505,-5.21997919404271,-5.61379874253418));
#1744=CARTESIAN_POINT('Ctrl Pts',(3.86984289197741,-4.63289304115859,-5.59391514034205));
#1745=CARTESIAN_POINT('Ctrl Pts',(4.51607702657741,-3.88088934594478,-5.57403153814992));
#1746=CARTESIAN_POINT('Ctrl Pts',(5.16231116117742,-3.12888565073096,-5.55414793595779));
#1747=CARTESIAN_POINT('Ctrl Pts',(5.61663559207507,-2.21196441318743,-5.53426433376566));
#1748=CARTESIAN_POINT('Ctrl Pts',(5.82349200635767,-1.24225386968677,-5.51438073157352));
#1749=CARTESIAN_POINT('Ctrl Pts',(5.91048812646516,-0.834429654013047,-5.50601842745801));
#1750=CARTESIAN_POINT('Ctrl Pts',(5.95371381169333,-0.417268430226815,-5.49765612334249));
#1751=CARTESIAN_POINT('Ctrl Pts',(5.95353848659287,-7.13962936543799E-5,
-5.48929381922698));
#1752=CARTESIAN_POINT('Ctrl Pts',(5.95369802730471,-0.00013009930148452,
-5.38570618077302));
#1753=CARTESIAN_POINT('Ctrl Pts',(5.95396239593304,-0.333382548892359,-5.39238641079461));
#1754=CARTESIAN_POINT('Ctrl Pts',(5.92645583165446,-0.666591819655546,-5.3990666408162));
#1755=CARTESIAN_POINT('Ctrl Pts',(5.87078977474808,-0.995028394442088,-5.40574687083779));
#1756=CARTESIAN_POINT('Ctrl Pts',(5.70510061022019,-1.97261482145103,-5.42563047302991));
#1757=CARTESIAN_POINT('Ctrl Pts',(5.28993352072268,-2.90791773488599,-5.44551407522204));
#1758=CARTESIAN_POINT('Ctrl Pts',(4.6760583560841,-3.68656104459413,-5.46539767741417));
#1759=CARTESIAN_POINT('Ctrl Pts',(4.06218319144553,-4.46520435430226,-5.48528127960631));
#1760=CARTESIAN_POINT('Ctrl Pts',(3.24959995166591,-5.08718806028358,-5.50516488179844));
#1761=CARTESIAN_POINT('Ctrl Pts',(2.33767761395042,-5.47645117373195,-5.52504848399057));
#1762=CARTESIAN_POINT('Ctrl Pts',(1.42575527623494,-5.86571428718032,-5.54493208618271));
#1763=CARTESIAN_POINT('Ctrl Pts',(0.414493840583595,-6.02225680809574,-5.56481568837483));
#1764=CARTESIAN_POINT('Ctrl Pts',(-0.572441805960036,-5.9269355035988,-5.58469929056696));
#1765=CARTESIAN_POINT('Ctrl Pts',(-1.5593774525037,-5.83161419910185,-5.60458289275909));
#1766=CARTESIAN_POINT('Ctrl Pts',(-2.52198730993965,-5.48442906919251,-5.62446649495123));
#1767=CARTESIAN_POINT('Ctrl Pts',(-3.34255598335505,-4.92783660272301,-5.64435009714336));
#1768=CARTESIAN_POINT('Ctrl Pts',(-4.16312465677042,-4.37124413625353,-5.6642336993355));
#1769=CARTESIAN_POINT('Ctrl Pts',(-4.84165214616526,-3.60524433322391,-5.68411730152762));
#1770=CARTESIAN_POINT('Ctrl Pts',(-5.29516285056704,-2.72350958711333,-5.70400090371975));
#1771=CARTESIAN_POINT('Ctrl Pts',(-5.74867355496883,-1.84177484100273,-5.72388450591188));
#1772=CARTESIAN_POINT('Ctrl Pts',(-5.97716747437756,-0.844305151811196,
-5.74376810810401));
#1773=CARTESIAN_POINT('Ctrl Pts',(-5.95270260125632,0.146921155092163,-5.76365171029615));
#1774=CARTESIAN_POINT('Ctrl Pts',(-5.92823772813507,1.13814746199553,-5.78353531248828));
#1775=CARTESIAN_POINT('Ctrl Pts',(-5.65081406248384,2.1231303866107,-5.80341891468041));
#1776=CARTESIAN_POINT('Ctrl Pts',(-5.15435712041287,2.98141858192412,-5.82330251687254));
#1777=CARTESIAN_POINT('Ctrl Pts',(-4.65790017834191,3.83970677723754,-5.84318611906467));
#1778=CARTESIAN_POINT('Ctrl Pts',(-3.94240995985121,4.57130024324922,-5.8630697212568));
#1779=CARTESIAN_POINT('Ctrl Pts',(-3.09538215518513,5.08673406007712,-5.88295332344893));
#1780=CARTESIAN_POINT('Ctrl Pts',(-2.24835435051905,5.60216787690501,-5.90283692564106));
#1781=CARTESIAN_POINT('Ctrl Pts',(-1.26978895967758,5.90144204454914,-5.92272052783319));
#1782=CARTESIAN_POINT('Ctrl Pts',(-0.279352543340994,5.94795899798239,-5.94260413002532));
#1783=CARTESIAN_POINT('Ctrl Pts',(0.711083872995592,5.99447595141565,-5.96248773221746));
#1784=CARTESIAN_POINT('Ctrl Pts',(1.7133913148273,5.78823569063803,-5.98237133440959));
#1785=CARTESIAN_POINT('Ctrl Pts',(2.60499985780591,5.35445887341878,-6.00225493660172));
#1786=CARTESIAN_POINT('Ctrl Pts',(3.49660840078452,4.92068205619953,-6.02213853879385));
#1787=CARTESIAN_POINT('Ctrl Pts',(4.27751804491002,4.25936868253865,-6.04202214098598));
#1788=CARTESIAN_POINT('Ctrl Pts',(4.85223310788583,3.45138927780186,-6.06190574317811));
#1789=CARTESIAN_POINT('Ctrl Pts',(5.42694817086163,2.64340987306508,-6.08178934537024));
#1790=CARTESIAN_POINT('Ctrl Pts',(5.79546865268773,1.6887644372524,-6.10167294756238));
#1791=CARTESIAN_POINT('Ctrl Pts',(5.91272900814643,0.704194414209193,-6.12155654975451));
#1792=CARTESIAN_POINT('Ctrl Pts',(5.94054406812749,0.470646817160191,-6.12627309342735));
#1793=CARTESIAN_POINT('Ctrl Pts',(5.95422134994812,0.235415438518288,-6.13098963710018));
#1794=CARTESIAN_POINT('Ctrl Pts',(5.95397956611294,0.000156121014524941,
-6.13570618077302));
#1795=CARTESIAN_POINT('Origin',(0.,0.,-4.95));
#1796=CARTESIAN_POINT('',(5.954,-7.29154704212334E-16,-6.94600008940697));
#1797=CARTESIAN_POINT('',(5.95412209970102,-0.000147991890203128,-6.88570618077302));
#1798=CARTESIAN_POINT('',(5.954,-7.29154704212334E-16,-4.95));
#1799=CARTESIAN_POINT('',(5.5666532590493,2.11246005725927,-6.94600008940697));
#1800=CARTESIAN_POINT('Origin',(0.,0.,-6.94600008940697));
#1801=CARTESIAN_POINT('Ctrl Pts',(5.5666532590493,2.11246005725927,-6.94600008940697));
#1802=CARTESIAN_POINT('Ctrl Pts',(5.21476710660512,3.03973354135965,-6.92611648721484));
#1803=CARTESIAN_POINT('Ctrl Pts',(4.6268806176336,3.87690863795003,-6.90623288502271));
#1804=CARTESIAN_POINT('Ctrl Pts',(3.87403700001016,4.52197701786211,-6.88634928283058));
#1805=CARTESIAN_POINT('Ctrl Pts',(3.12119338238672,5.16704539777419,-6.86646568063845));
#1806=CARTESIAN_POINT('Ctrl Pts',(2.20339263611135,5.62000706100798,-6.84658207844631));
#1807=CARTESIAN_POINT('Ctrl Pts',(1.23331912732456,5.82539182669805,-6.82669847625418));
#1808=CARTESIAN_POINT('Ctrl Pts',(0.263245618537781,6.03077659238813,-6.80681487406205));
#1809=CARTESIAN_POINT('Ctrl Pts',(-0.759100652760423,5.9885844605345,-6.78693127186992));
#1810=CARTESIAN_POINT('Ctrl Pts',(-1.70889489368064,5.70401584703269,-6.76704766967779));
#1811=CARTESIAN_POINT('Ctrl Pts',(-2.65868913460089,5.41944723353088,-6.74716406748566));
#1812=CARTESIAN_POINT('Ctrl Pts',(-3.53593134514317,4.89250213838088,-6.72728046529353));
#1813=CARTESIAN_POINT('Ctrl Pts',(-4.23324855642395,4.18759858248952,-6.7073968631014));
#1814=CARTESIAN_POINT('Ctrl Pts',(-4.93056576770473,3.48269502659817,-6.68751326090926));
#1815=CARTESIAN_POINT('Ctrl Pts',(-5.44795797972404,2.59983300996545,-6.66762965871713));
#1816=CARTESIAN_POINT('Ctrl Pts',(-5.7222037703791,1.64698643747636,-6.647746056525));
#1817=CARTESIAN_POINT('Ctrl Pts',(-5.99644956103415,0.694139864987293,-6.62786245433287));
#1818=CARTESIAN_POINT('Ctrl Pts',(-6.02754893032497,-0.328691263358152,
-6.60797885214074));
#1819=CARTESIAN_POINT('Ctrl Pts',(-5.81167362180055,-1.2964326969088,-6.58809524994861));
#1820=CARTESIAN_POINT('Ctrl Pts',(-5.59579831327613,-2.26417413045946,-6.56821164775648));
#1821=CARTESIAN_POINT('Ctrl Pts',(-5.13294832693648,-3.17682586921529,-6.54832804556435));
#1822=CARTESIAN_POINT('Ctrl Pts',(-4.47973742104303,-3.92277898842275,-6.52844444337222));
#1823=CARTESIAN_POINT('Ctrl Pts',(-3.82652651514957,-4.66873210763022,-6.50856084118008));
#1824=CARTESIAN_POINT('Ctrl Pts',(-2.98295468970231,-5.24798660728928,-6.48867723898795));
#1825=CARTESIAN_POINT('Ctrl Pts',(-2.05217386411574,-5.58970818663775,-6.46879363679582));
#1826=CARTESIAN_POINT('Ctrl Pts',(-1.12139303852917,-5.93142976598622,-6.44891003460369));
#1827=CARTESIAN_POINT('Ctrl Pts',(-0.103403212803283,-6.0356184250241,-6.42902643241156));
#1828=CARTESIAN_POINT('Ctrl Pts',(0.877304560897689,-5.88953243603238,-6.40914283021943));
#1829=CARTESIAN_POINT('Ctrl Pts',(1.85801233459864,-5.74344644704066,-6.3892592280273));
#1830=CARTESIAN_POINT('Ctrl Pts',(2.80143805627467,-5.34708581001935,-6.36937562583516));
#1831=CARTESIAN_POINT('Ctrl Pts',(3.59221403653979,-4.74892094970558,-6.34949202364303));
#1832=CARTESIAN_POINT('Ctrl Pts',(4.38299001680491,-4.15075608939182,-6.3296084214509));
#1833=CARTESIAN_POINT('Ctrl Pts',(5.02111625565912,-3.3507870057856,-6.30972481925878));
#1834=CARTESIAN_POINT('Ctrl Pts',(5.42855685045748,-2.44683992823494,-6.28984121706664));
#1835=CARTESIAN_POINT('Ctrl Pts',(5.77381725888003,-1.68084571663221,-6.27299208445342));
#1836=CARTESIAN_POINT('Ctrl Pts',(5.95342992003432,-0.840188339348464,-6.2561429518402));
#1837=CARTESIAN_POINT('Ctrl Pts',(5.95424279891128,0.000132594488925775,
-6.23929381922698));
#1838=CARTESIAN_POINT('Ctrl Pts',(5.95397956611294,0.000156121014524941,
-6.13570618077302));
#1839=CARTESIAN_POINT('Ctrl Pts',(5.95320205829545,-0.756370709498506,-6.15087323929231));
#1840=CARTESIAN_POINT('Ctrl Pts',(5.80848998934554,-1.51318645077034,-6.16604029781161));
#1841=CARTESIAN_POINT('Ctrl Pts',(5.52711623422038,-2.2152291521678,-6.1812073563309));
#1842=CARTESIAN_POINT('Ctrl Pts',(5.15824287574432,-3.13558808522785,-6.20109095852303));
#1843=CARTESIAN_POINT('Ctrl Pts',(4.55449592970084,-3.96181134107428,-6.22097456071516));
#1844=CARTESIAN_POINT('Ctrl Pts',(3.78970623662324,-4.59286193512568,-6.24085816290729));
#1845=CARTESIAN_POINT('Ctrl Pts',(3.02491654354561,-5.22391252917711,-6.26074176509942));
#1846=CARTESIAN_POINT('Ctrl Pts',(2.09908410343386,-5.65979046143352,-6.28062536729156));
#1847=CARTESIAN_POINT('Ctrl Pts',(1.12542691468284,-5.84719320061274,-6.30050896948369));
#1848=CARTESIAN_POINT('Ctrl Pts',(0.151769725931793,-6.03459593979197,-6.32039257167582));
#1849=CARTESIAN_POINT('Ctrl Pts',(-0.869712211458488,-5.97352348589397,
-6.34027617386795));
#1850=CARTESIAN_POINT('Ctrl Pts',(-1.81410422919613,-5.67144425014977,-6.36015977606008));
#1851=CARTESIAN_POINT('Ctrl Pts',(-2.75849624693377,-5.36936501440558,-6.38004337825221));
#1852=CARTESIAN_POINT('Ctrl Pts',(-3.62579834501876,-4.82627899681521,-6.39992698044434));
#1853=CARTESIAN_POINT('Ctrl Pts',(-4.3099499808892,-4.10859896885875,-6.41981058263647));
#1854=CARTESIAN_POINT('Ctrl Pts',(-4.99410161675963,-3.3909189409023,-6.4396941848286));
#1855=CARTESIAN_POINT('Ctrl Pts',(-5.49510279041553,-2.49864490257973,-6.45957778702073));
#1856=CARTESIAN_POINT('Ctrl Pts',(-5.75168742817274,-1.54089103266105,-6.47946138921287));
#1857=CARTESIAN_POINT('Ctrl Pts',(-6.00827206592995,-0.583137162742337,
-6.499344991405));
#1858=CARTESIAN_POINT('Ctrl Pts',(-6.02044016778848,0.440096538772525,-6.51922859359713));
#1859=CARTESIAN_POINT('Ctrl Pts',(-5.78670326741059,1.40368110967865,-6.53911219578926));
#1860=CARTESIAN_POINT('Ctrl Pts',(-5.55296636703271,2.36726568058477,-6.55899579798139));
#1861=CARTESIAN_POINT('Ctrl Pts',(-5.07332446441842,3.27120112088215,-6.57887940017352));
#1862=CARTESIAN_POINT('Ctrl Pts',(-4.4064327826901,4.00494722498386,-6.59876300236566));
#1863=CARTESIAN_POINT('Ctrl Pts',(-3.73954110096179,4.73869332908558,-6.61864660455779));
#1864=CARTESIAN_POINT('Ctrl Pts',(-2.88539964011946,5.30225009699163,-6.63853020674992));
#1865=CARTESIAN_POINT('Ctrl Pts',(-1.94845769050629,5.62670138631048,-6.65841380894205));
#1866=CARTESIAN_POINT('Ctrl Pts',(-1.01151574089313,5.95115267562932,-6.67829741113418));
#1867=CARTESIAN_POINT('Ctrl Pts',(0.00822669749085833,6.03649848636097,
-6.69818101332631));
#1868=CARTESIAN_POINT('Ctrl Pts',(0.986064193623116,5.87230217388652,-6.71806461551844));
#1869=CARTESIAN_POINT('Ctrl Pts',(1.96390168975537,5.70810586141206,-6.73794821771057));
#1870=CARTESIAN_POINT('Ctrl Pts',(2.89983424363589,5.29436742573149,-6.75783181990271));
#1871=CARTESIAN_POINT('Ctrl Pts',(3.67941546292422,4.68168180890652,-6.77771542209484));
#1872=CARTESIAN_POINT('Ctrl Pts',(4.45899668221254,4.06899619208155,-6.79759902428697));
#1873=CARTESIAN_POINT('Ctrl Pts',(5.08222656690866,3.25736339411218,-6.8174826264791));
#1874=CARTESIAN_POINT('Ctrl Pts',(5.47287863355225,2.34603655788003,-6.83736622867123));
#1875=CARTESIAN_POINT('Ctrl Pts',(5.7894561163032,1.60751350779982,-6.85347954603849));
#1876=CARTESIAN_POINT('Ctrl Pts',(5.95329525334808,0.8035194570519,-6.86959286340576));
#1877=CARTESIAN_POINT('Ctrl Pts',(5.95412209970102,-0.000147991890203128,
-6.88570618077302));
#1878=CARTESIAN_POINT('Origin',(0.,0.,1.38643520205039));
#1879=CARTESIAN_POINT('',(5.52247519252399,0.000122979495288548,-6.4885647979496));
#1880=CARTESIAN_POINT('',(5.52236324572959,-0.000137260365747072,-6.63643520205041));
#1881=CARTESIAN_POINT('',(5.52225,-2.771217341536E-13,1.38643520205039));
#1882=CARTESIAN_POINT('',(-4.2569194931727,3.51791032689959,-6.94600008940696));
#1883=CARTESIAN_POINT('Ctrl Pts',(5.52247519252399,0.000122979495288666,
-6.4885647979496));
#1884=CARTESIAN_POINT('Ctrl Pts',(5.52172125897033,-0.779262690118931,-6.50541393056282));
#1885=CARTESIAN_POINT('Ctrl Pts',(5.15854295518502,-2.47907894129188,-6.54214666536817));
#1886=CARTESIAN_POINT('Ctrl Pts',(3.47330769193622,-4.59172692082441,-6.59876300236566));
#1887=CARTESIAN_POINT('Ctrl Pts',(0.848266026740262,-5.69458341786383,-6.65841380894204));
#1888=CARTESIAN_POINT('Ctrl Pts',(-1.98424706451672,-5.40468293631935,-6.71806461551844));
#1889=CARTESIAN_POINT('Ctrl Pts',(-4.33144954003373,-3.79293209953288,-6.77771542209483));
#1890=CARTESIAN_POINT('Ctrl Pts',(-5.61930980392228,-1.25351772381341,-6.83736622867123));
#1891=CARTESIAN_POINT('Ctrl Pts',(-5.53793554563443,1.422810649425,-6.89346111777527));
#1892=CARTESIAN_POINT('Ctrl Pts',(-4.73745492871646,2.93519599485913,-6.92967240468718));
#1893=CARTESIAN_POINT('Ctrl Pts',(-4.2569194931727,3.51791032689959,-6.94600008940697));
#1894=CARTESIAN_POINT('',(-4.71307622105567,-2.87787379796607,-6.94600008940697));
#1895=CARTESIAN_POINT('Origin',(0.,0.,-6.94600008940697));
#1896=CARTESIAN_POINT('Ctrl Pts',(5.52236324572959,-0.000137260365746603,
-6.63643520205041));
#1897=CARTESIAN_POINT('Ctrl Pts',(5.52254268655064,-0.174547834206642,-6.64020548687527));
#1898=CARTESIAN_POINT('Ctrl Pts',(5.471736541101,-1.2686550198111,-6.66385937389227));
#1899=CARTESIAN_POINT('Ctrl Pts',(4.76969331146046,-3.22463661558752,-6.70739686310139));
#1900=CARTESIAN_POINT('Ctrl Pts',(2.64108715475489,-5.11585855558577,-6.76704766967779));
#1901=CARTESIAN_POINT('Ctrl Pts',(-0.133099273115468,-5.75587700309114,
-6.82669847625418));
#1902=CARTESIAN_POINT('Ctrl Pts',(-2.87547648899292,-4.98813486262155,-6.88634928283057));
#1903=CARTESIAN_POINT('Ctrl Pts',(-4.23369014485213,-3.66296142691522,-6.92611648721484));
#1904=CARTESIAN_POINT('Ctrl Pts',(-4.71307622105567,-2.87787379796607,-6.94600008940697));
#1905=CARTESIAN_POINT('Origin',(0.,0.,1.38643520205039));
#1906=CARTESIAN_POINT('',(5.52182195290351,-6.62190433179098E-5,-5.7385647979496));
#1907=CARTESIAN_POINT('',(5.52223104786146,0.000144800011876167,-5.88643520205041));
#1908=CARTESIAN_POINT('',(5.52225,-2.771217341536E-13,1.38643520205039));
#1909=CARTESIAN_POINT('Ctrl Pts',(5.52182195290351,-6.62190433182303E-5,
-5.7385647979496));
#1910=CARTESIAN_POINT('Ctrl Pts',(5.52198456443121,-0.387010512062635,-5.74692710206512));
#1911=CARTESIAN_POINT('Ctrl Pts',(5.3865658530928,-1.69390559185775,-5.77517300837277));
#1912=CARTESIAN_POINT('Ctrl Pts',(4.3665904805656,-3.75242813046248,-5.82330251687253));
#1913=CARTESIAN_POINT('Ctrl Pts',(2.03449114680748,-5.38597020693092,-5.88295332344894));
#1914=CARTESIAN_POINT('Ctrl Pts',(-0.795194881050433,-5.70223591230058,
-5.94260413002532));
#1915=CARTESIAN_POINT('Ctrl Pts',(-3.43039572308895,-4.62387440200458,-6.00225493660172));
#1916=CARTESIAN_POINT('Ctrl Pts',(-5.22660580246004,-2.41462648590135,-6.06190574317811));
#1917=CARTESIAN_POINT('Ctrl Pts',(-5.74451614759263,0.38517991869947,-6.12155654975451));
#1918=CARTESIAN_POINT('Ctrl Pts',(-4.85745855256423,3.09078074773733,-6.1812073563309));
#1919=CARTESIAN_POINT('Ctrl Pts',(-2.78238561939697,5.04045232783831,-6.24085816290729));
#1920=CARTESIAN_POINT('Ctrl Pts',(-0.0268092665580492,5.75735273304542,
-6.30050896948369));
#1921=CARTESIAN_POINT('Ctrl Pts',(2.73532386293078,5.06614572346428,-6.36015977606008));
#1922=CARTESIAN_POINT('Ctrl Pts',(4.82846400476977,3.13588352832398,-6.41981058263647));
#1923=CARTESIAN_POINT('Ctrl Pts',(5.48301272081647,1.20052606977838,-6.46261225659965));
#1924=CARTESIAN_POINT('Ctrl Pts',(5.52261097330782,0.140487599976061,-6.48553032837069));
#1925=CARTESIAN_POINT('Ctrl Pts',(5.52247519252399,0.000122979495288666,
-6.4885647979496));
#1926=CARTESIAN_POINT('Ctrl Pts',(5.52223104786146,0.000144800011876202,
-5.88643520205041));
#1927=CARTESIAN_POINT('Ctrl Pts',(5.52150992046049,-0.7015230350234,-5.9016022605697));
#1928=CARTESIAN_POINT('Ctrl Pts',(5.21133489058276,-2.32367761317517,-5.93665292128113));
#1929=CARTESIAN_POINT('Ctrl Pts',(3.66426328098788,-4.44083373410234,-5.99158718418466));
#1930=CARTESIAN_POINT('Ctrl Pts',(1.08817416825327,-5.65364541267289,-6.05123799076108));
#1931=CARTESIAN_POINT('Ctrl Pts',(-1.75405557414851,-5.48371392533418,-6.11088879733745));
#1932=CARTESIAN_POINT('Ctrl Pts',(-4.16728651695159,-3.97260034086736,-6.17053960391386));
#1933=CARTESIAN_POINT('Ctrl Pts',(-5.56130082559513,-1.4898860438603,-6.23019041049024));
#1934=CARTESIAN_POINT('Ctrl Pts',(-5.59515804787676,1.35721790719297,-6.28984121706665));
#1935=CARTESIAN_POINT('Ctrl Pts',(-4.26057499612409,3.8723795557564,-6.34949202364303));
#1936=CARTESIAN_POINT('Ctrl Pts',(-1.88396296280032,5.4404521262481,-6.40914283021943));
#1937=CARTESIAN_POINT('Ctrl Pts',(0.953426698116396,5.6779231893886,-6.46879363679582));
#1938=CARTESIAN_POINT('Ctrl Pts',(3.5576189448413,4.52671371184223,-6.52844444337221));
#1939=CARTESIAN_POINT('Ctrl Pts',(5.18212333912324,2.41112028601113,-6.58432496512374));
#1940=CARTESIAN_POINT('Ctrl Pts',(5.52159635754143,0.74525282527771,-6.62032188468314));
#1941=CARTESIAN_POINT('Ctrl Pts',(5.52236324572959,-0.000137260365746603,
-6.63643520205041));
#1942=CARTESIAN_POINT('Origin',(0.,0.,1.38643520205039));
#1943=CARTESIAN_POINT('',(5.52272773008985,6.17019231808922E-6,-4.9885647979496));
#1944=CARTESIAN_POINT('',(5.52196992463612,-0.000120665245030571,-5.13643520205041));
#1945=CARTESIAN_POINT('',(5.52225,-2.771217341536E-13,1.38643520205039));
#1946=CARTESIAN_POINT('Ctrl Pts',(5.52272746017115,6.16670614383302E-6,
-4.9885647979496));
#1947=CARTESIAN_POINT('Ctrl Pts',(5.5226675291876,-0.913863011384687,-5.00832387575954));
#1948=CARTESIAN_POINT('Ctrl Pts',(5.05792715874431,-2.74741940077368,-5.04796655576162));
#1949=CARTESIAN_POINT('Ctrl Pts',(3.12850751652219,-4.83324632281651,-5.10749283795581));
#1950=CARTESIAN_POINT('Ctrl Pts',(0.429895378705521,-5.74134298412158,-5.16714364453222));
#1951=CARTESIAN_POINT('Ctrl Pts',(-2.37385863750092,-5.24524779844734,-5.2267944511086));
#1952=CARTESIAN_POINT('Ctrl Pts',(-4.59702498391035,-3.46629349525704,-5.286445257685));
#1953=CARTESIAN_POINT('Ctrl Pts',(-5.69587163358203,-0.83956871767819,-5.3460960642614));
#1954=CARTESIAN_POINT('Ctrl Pts',(-5.40164761469716,1.99249400114648,-5.40574687083778));
#1955=CARTESIAN_POINT('Ctrl Pts',(-3.78631291459737,4.3372414978517,-5.46539767741418));
#1956=CARTESIAN_POINT('Ctrl Pts',(-1.24493882973338,5.62120597453948,-5.52504848399057));
#1957=CARTESIAN_POINT('Ctrl Pts',(1.60091679536266,5.53036117376501,-5.58469929056696));
#1958=CARTESIAN_POINT('Ctrl Pts',(4.05522739028627,4.08692550836454,-5.64435009714336));
#1959=CARTESIAN_POINT('Ctrl Pts',(5.31270414051743,1.98640597076353,-5.69563859960423));
#1960=CARTESIAN_POINT('Ctrl Pts',(5.52159791227362,0.533052461805737,-5.72704349987299));
#1961=CARTESIAN_POINT('Ctrl Pts',(5.52182195290351,-6.62190433182303E-5,
-5.7385647979496));
#1962=CARTESIAN_POINT('Ctrl Pts',(5.52196992463612,-0.000120665245030571,
-5.13643520205041));
#1963=CARTESIAN_POINT('Ctrl Pts',(5.52221512276472,-0.309207554689589,-5.14311543207199));
#1964=CARTESIAN_POINT('Ctrl Pts',(5.42076726208658,-1.53812758027626,-5.16967926428571));
#1965=CARTESIAN_POINT('Ctrl Pts',(4.52127627222591,-3.56453228505046,-5.21612669869155));
#1966=CARTESIAN_POINT('Ctrl Pts',(2.26029820913906,-5.29517530840718,-5.27577750526796));
#1967=CARTESIAN_POINT('Ctrl Pts',(-0.553493424901421,-5.73074816839637,
-5.33542831184434));
#1968=CARTESIAN_POINT('Ctrl Pts',(-3.23191412622435,-4.76472041379014,-5.39507911842074));
#1969=CARTESIAN_POINT('Ctrl Pts',(-5.11988780525223,-2.63335876836839,-5.45472992499713));
#1970=CARTESIAN_POINT('Ctrl Pts',(-5.75566234998932,0.142057921825481,-5.51438073157353));
#1971=CARTESIAN_POINT('Ctrl Pts',(-4.9837428819128,2.88273072437305,-5.57403153814992));
#1972=CARTESIAN_POINT('Ctrl Pts',(-2.99292199222842,4.91835821060901,-5.63368234472631));
#1973=CARTESIAN_POINT('Ctrl Pts',(-0.270105702553763,5.75107576465976,-5.69333315130271));
#1974=CARTESIAN_POINT('Ctrl Pts',(2.51877182716835,5.17722107197626,-5.7529839578791));
#1975=CARTESIAN_POINT('Ctrl Pts',(4.69161946687547,3.33714493272591,-5.81263476445549));
#1976=CARTESIAN_POINT('Ctrl Pts',(5.45629143628443,1.3562764559647,-5.85711851251259));
#1977=CARTESIAN_POINT('Ctrl Pts',(5.52245529891687,0.218344458407191,-5.88171865837757));
#1978=CARTESIAN_POINT('Ctrl Pts',(5.52223104786146,0.000144800011876202,
-5.88643520205041));
#1979=CARTESIAN_POINT('Origin',(0.,0.,1.38643520205039));
#1980=CARTESIAN_POINT('',(5.52180813440189,5.6378019087637E-5,-4.2385647979496));
#1981=CARTESIAN_POINT('',(5.52262529787649,8.31229215171592E-5,-4.3864352020504));
#1982=CARTESIAN_POINT('',(5.52225,-2.771217341536E-13,1.38643520205039));
#1983=CARTESIAN_POINT('Ctrl Pts',(5.52180813440189,5.63780190875052E-5,
-4.2385647979496));
#1984=CARTESIAN_POINT('Ctrl Pts',(5.52162208505182,-0.521541941032729,-4.24983704726184));
#1985=CARTESIAN_POINT('Ctrl Pts',(5.31899131160811,-1.96335138949059,-4.2809928987662));
#1986=CARTESIAN_POINT('Ctrl Pts',(4.08072898806175,-4.06146281824016,-4.33203235246271));
#1987=CARTESIAN_POINT('Ctrl Pts',(1.63550127746078,-5.52023232023607,-4.39168315903909));
#1988=CARTESIAN_POINT('Ctrl Pts',(-1.20972998037407,-5.62888822704262,-4.45133396561549));
#1989=CARTESIAN_POINT('Ctrl Pts',(-3.75909092002973,-4.36085596562244,-4.51098477219188));
#1990=CARTESIAN_POINT('Ctrl Pts',(-5.38907030791982,-2.02626516385487,-4.57063557876828));
#1991=CARTESIAN_POINT('Ctrl Pts',(-5.70101511572854,0.803900459130025,-4.63028638534467));
#1992=CARTESIAN_POINT('Ctrl Pts',(-4.61863128524618,3.43745172313736,-4.68993719192107));
#1993=CARTESIAN_POINT('Ctrl Pts',(-2.40664338601492,5.23028650367313,-4.74958799849745));
#1994=CARTESIAN_POINT('Ctrl Pts',(0.393950529365375,5.74392133288467,-4.80923880507385));
#1995=CARTESIAN_POINT('Ctrl Pts',(3.09819379595532,4.85273371417171,-4.86888961165024));
#1996=CARTESIAN_POINT('Ctrl Pts',(5.04469475718668,2.77468630745315,-4.92854041822664));
#1997=CARTESIAN_POINT('Ctrl Pts',(5.52131067828236,0.931153139747287,-4.96843214699309));
#1998=CARTESIAN_POINT('Ctrl Pts',(5.52272783786432,0.00576549393282756,
-4.98844027356741));
#1999=CARTESIAN_POINT('Ctrl Pts',(5.52272746017115,6.16670614383302E-6,
-4.9885647979496));
#2000=CARTESIAN_POINT('Ctrl Pts',(5.52262529787648,8.31229215171331E-5,
-4.3864352020504));
#2001=CARTESIAN_POINT('Ctrl Pts',(5.52201882570908,-0.83603408061132,-4.40451220576642));
#2002=CARTESIAN_POINT('Ctrl Pts',(5.11753983432028,-2.59239598374194,-4.44247281167456));
#2003=CARTESIAN_POINT('Ctrl Pts',(3.32997760601589,-4.6967093463843,-4.50031701977484));
#2004=CARTESIAN_POINT('Ctrl Pts',(0.67215503451779,-5.71804487133088,-4.55996782635123));
#2005=CARTESIAN_POINT('Ctrl Pts',(-2.15006019249423,-5.34088669694766,-4.61961863292761));
#2006=CARTESIAN_POINT('Ctrl Pts',(-4.44642336691767,-3.65747847336242,-4.67926943950403));
#2007=CARTESIAN_POINT('Ctrl Pts',(-5.65530031080027,-1.07954061324405,-4.7389202460804));
#2008=CARTESIAN_POINT('Ctrl Pts',(-5.48102933779163,1.76242643513091,-4.79857105265681));
#2009=CARTESIAN_POINT('Ctrl Pts',(-3.96623285873554,4.17334715201932,-4.85822185923319));
#2010=CARTESIAN_POINT('Ctrl Pts',(-1.48139298410774,5.56356939092315,-4.91787266580959));
#2011=CARTESIAN_POINT('Ctrl Pts',(1.36575932442406,5.59307884878529,-4.97752347238598));
#2012=CARTESIAN_POINT('Ctrl Pts',(3.87888035950772,4.25465823511224,-5.03717427896237));
#2013=CARTESIAN_POINT('Ctrl Pts',(5.26812210315408,2.14207475816445,-5.09014485551719));
#2014=CARTESIAN_POINT('Ctrl Pts',(5.52148529429599,0.610784830701226,-5.12323182987986));
#2015=CARTESIAN_POINT('Ctrl Pts',(5.52196992463612,-0.000120665245030571,
-5.13643520205041));
#2016=CARTESIAN_POINT('Origin',(0.,0.,1.38643520205039));
#2017=CARTESIAN_POINT('',(5.52250882367368,-0.000116393986839839,-3.4885647979496));
#2018=CARTESIAN_POINT('',(5.52177636471396,-1.52632216701698E-5,-3.6364352020504));
#2019=CARTESIAN_POINT('',(5.52225,-2.771217341536E-13,1.38643520205039));
#2020=CARTESIAN_POINT('Ctrl Pts',(5.52250882367368,-0.000116393986839703,
-3.4885647979496));
#2021=CARTESIAN_POINT('Ctrl Pts',(5.52262904094562,-0.128958566166602,-3.49135021876413));
#2022=CARTESIAN_POINT('Ctrl Pts',(5.48668176290557,-1.17746787179293,-3.51401924177079));
#2023=CARTESIAN_POINT('Ctrl Pts',(4.84799755561412,-3.10559961983531,-3.55657186696959));
#2024=CARTESIAN_POINT('Ctrl Pts',(2.76698054059628,-5.04892542883512,-3.61622267354598));
#2025=CARTESIAN_POINT('Ctrl Pts',(0.00922786868827578,-5.75740776255887,
-3.67587348012237));
#2026=CARTESIAN_POINT('Ctrl Pts',(-2.75078171384951,-5.05776919804762,-3.73552428669877));
#2027=CARTESIAN_POINT('Ctrl Pts',(-4.83801747567898,-3.12112418896992,-3.79517509327516));
#2028=CARTESIAN_POINT('Ctrl Pts',(-5.74199268093276,-0.421128662135139,
-3.85482589985156));
#2029=CARTESIAN_POINT('Ctrl Pts',(-5.2416171392821,2.38186461897785,-3.91447670642794));
#2030=CARTESIAN_POINT('Ctrl Pts',(-3.4592704504067,4.60231216334763,-3.97412751300435));
#2031=CARTESIAN_POINT('Ctrl Pts',(-0.830870951867589,5.69714689641208,-4.03377831958073));
#2032=CARTESIAN_POINT('Ctrl Pts',(2.0007392274705,5.39859906286949,-4.09342912615713));
#2033=CARTESIAN_POINT('Ctrl Pts',(4.34301760431651,3.7796861492129,-4.15307993273352));
#2034=CARTESIAN_POINT('Ctrl Pts',(5.38120226524294,1.71696951071863,-4.20145848999768));
#2035=CARTESIAN_POINT('Ctrl Pts',(5.52195026544975,0.398527620314979,-4.22995344506971));
#2036=CARTESIAN_POINT('Ctrl Pts',(5.52180813440189,5.63780190875052E-5,
-4.2385647979496));
#2037=CARTESIAN_POINT('Ctrl Pts',(5.52177636471396,-1.52632216701698E-5,
-3.6364352020504));
#2038=CARTESIAN_POINT('Ctrl Pts',(5.52181892104761,-0.44378664606002,-3.64602537726871));
#2039=CARTESIAN_POINT('Ctrl Pts',(5.35936538773517,-1.8076121173541,-3.67549915467915));
#2040=CARTESIAN_POINT('Ctrl Pts',(4.24873077617043,-3.88537209705877,-3.72485653428172));
#2041=CARTESIAN_POINT('Ctrl Pts',(1.86733907790596,-5.44617979037661,-3.78450734085812));
#2042=CARTESIAN_POINT('Ctrl Pts',(-0.970758014199822,-5.6749853232275,-3.8441581474345));
#2043=CARTESIAN_POINT('Ctrl Pts',(-3.57143147690408,-4.5158284673756,-3.90380895401091));
#2044=CARTESIAN_POINT('Ctrl Pts',(-5.29862029049679,-2.25221059364274,-3.96345976058729));
#2045=CARTESIAN_POINT('Ctrl Pts',(-5.72989638249592,0.562242818398847,-4.02311056716368));
#2046=CARTESIAN_POINT('Ctrl Pts',(-4.75978018586338,3.23918541044556,-4.08276137374009));
#2047=CARTESIAN_POINT('Ctrl Pts',(-2.6255383571465,5.12390260213183,-4.14241218031647));
#2048=CARTESIAN_POINT('Ctrl Pts',(0.150845835340137,5.75543873870111,-4.20206298689287));
#2049=CARTESIAN_POINT('Ctrl Pts',(2.89033683180605,4.97933555202763,-4.26171379346926));
#2050=CARTESIAN_POINT('Ctrl Pts',(4.92292224442671,2.98540886920194,-4.32136460004566));
#2051=CARTESIAN_POINT('Ctrl Pts',(5.50038900546484,1.08685022616018,-4.36293840290604));
#2052=CARTESIAN_POINT('Ctrl Pts',(5.52268590812532,0.0836438772084967,-4.38462860357428));
#2053=CARTESIAN_POINT('Ctrl Pts',(5.52262529787648,8.31229215171331E-5,
-4.3864352020504));
#2054=CARTESIAN_POINT('Origin',(0.,0.,1.38643520205039));
#2055=CARTESIAN_POINT('',(5.52209185753977,0.000138994570167116,-2.7385647979496));
#2056=CARTESIAN_POINT('',(5.52268679168096,-5.31259116337557E-5,-2.8864352020504));
#2057=CARTESIAN_POINT('',(5.52225,-2.771217341536E-13,1.38643520205039));
#2058=CARTESIAN_POINT('Ctrl Pts',(5.52209185753977,0.000138994570166931,
-2.7385647979496));
#2059=CARTESIAN_POINT('Ctrl Pts',(5.52147226235165,-0.656013976382782,-2.75274699245856));
#2060=CARTESIAN_POINT('Ctrl Pts',(5.24046100310669,-2.23261762956614,-2.78681278915965));
#2061=CARTESIAN_POINT('Ctrl Pts',(3.77305058858749,-4.34878356387605,-2.84076218805287));
#2062=CARTESIAN_POINT('Ctrl Pts',(1.22776747012831,-5.62498146161679,-2.90041299462926));
#2063=CARTESIAN_POINT('Ctrl Pts',(-1.6177974593773,-5.52544664266115,-2.96006380120565));
#2064=CARTESIAN_POINT('Ctrl Pts',(-4.06768877988529,-4.07452295731873,-3.01971460778205));
#2065=CARTESIAN_POINT('Ctrl Pts',(-5.52272306267914,-1.62707075865711,-3.07936541435844));
#2066=CARTESIAN_POINT('Ctrl Pts',(-5.62703458041105,1.21832308250253,-3.13901622093483));
#2067=CARTESIAN_POINT('Ctrl Pts',(-4.35511128406355,3.76574494646167,-3.19866702751123));
#2068=CARTESIAN_POINT('Ctrl Pts',(-2.01803445698124,5.39215784513231,-3.25831783408762));
#2069=CARTESIAN_POINT('Ctrl Pts',(0.81260416267647,5.69978102860568,-3.31796864066402));
#2070=CARTESIAN_POINT('Ctrl Pts',(3.44449971036359,4.61337740083179,-3.37761944724041));
#2071=CARTESIAN_POINT('Ctrl Pts',(5.15039560250785,2.50207213382794,-3.43448483300227));
#2072=CARTESIAN_POINT('Ctrl Pts',(5.5217708753143,0.790775530680697,-3.471466616572));
#2073=CARTESIAN_POINT('Ctrl Pts',(5.52250882367368,-0.000116393986839703,
-3.4885647979496));
#2074=CARTESIAN_POINT('Ctrl Pts',(5.52268679168096,-5.31259116339812E-5,
-2.8864352020504));
#2075=CARTESIAN_POINT('Ctrl Pts',(5.5227122517954,-0.0510846668518212,-2.88753854877101));
#2076=CARTESIAN_POINT('Ctrl Pts',(5.50953942504279,-1.02175126514362,-2.90852549768374));
#2077=CARTESIAN_POINT('Ctrl Pts',(4.97491661374952,-2.89793620144541,-2.94939604878861));
#2078=CARTESIAN_POINT('Ctrl Pts',(2.97788878616219,-4.92747480122213,-3.009046855365));
#2079=CARTESIAN_POINT('Ctrl Pts',(0.25254231101905,-5.75187377498897,-3.0686976619414));
#2080=CARTESIAN_POINT('Ctrl Pts',(-2.53456982658281,-5.16950532782528,-3.12834846851779));
#2081=CARTESIAN_POINT('Ctrl Pts',(-4.70178827463343,-3.32280251622524,-3.18799927509418));
#2082=CARTESIAN_POINT('Ctrl Pts',(-5.71906449138538,-0.663423608452255,
-3.24765008167057));
#2083=CARTESIAN_POINT('Ctrl Pts',(-5.33759763475106,2.15821246185064,-3.30730088824697));
#2084=CARTESIAN_POINT('Ctrl Pts',(-3.65068515293926,4.45200263422104,-3.36695169482336));
#2085=CARTESIAN_POINT('Ctrl Pts',(-1.07090451436049,5.65694202392798,-3.42660250139975));
#2086=CARTESIAN_POINT('Ctrl Pts',(1.77079313425252,5.47833197393863,-3.48625330797616));
#2087=CARTESIAN_POINT('Ctrl Pts',(4.17939816173254,3.9598561270179,-3.54590411455253));
#2088=CARTESIAN_POINT('Ctrl Pts',(5.34292630074767,1.87272977629787,-3.59596474591063));
#2089=CARTESIAN_POINT('Ctrl Pts',(5.5217306877057,0.476298069781724,-3.62614177507658));
#2090=CARTESIAN_POINT('Ctrl Pts',(5.52177636471396,-1.52632216701698E-5,
-3.6364352020504));
#2091=CARTESIAN_POINT('Origin',(0.,0.,1.38643520205039));
#2092=CARTESIAN_POINT('',(5.52199529366703,-0.000222712618993096,-1.9885647979496));
#2093=CARTESIAN_POINT('',(5.52189654376886,9.94647686071437E-5,-2.1364352020504));
#2094=CARTESIAN_POINT('',(5.52225,-2.771217341536E-13,1.38643520205039));
#2095=CARTESIAN_POINT('Ctrl Pts',(5.52199529366703,-0.000222712618993259,
-1.9885647979496));
#2096=CARTESIAN_POINT('Ctrl Pts',(5.52229369976008,-0.263674908564733,-1.99426016396085));
#2097=CARTESIAN_POINT('Ctrl Pts',(5.43931477820167,-1.44673553238755,-2.01983913216424));
#2098=CARTESIAN_POINT('Ctrl Pts',(4.60801045770386,-3.45167664713438,-2.06530170255975));
#2099=CARTESIAN_POINT('Ctrl Pts',(2.39071174785949,-5.23754207699604,-2.12495250913614));
#2100=CARTESIAN_POINT('Ctrl Pts',(-0.411515156803098,-5.74272686548986,
-2.18460331571254));
#2101=CARTESIAN_POINT('Ctrl Pts',(-3.11298482598465,-4.84323204004593,-2.24425412228893));
#2102=CARTESIAN_POINT('Ctrl Pts',(-5.05315116908396,-2.75927755377327,-2.30390492886533));
#2103=CARTESIAN_POINT('Ctrl Pts',(-5.7574116443555,-0.000432394311776325,
-2.36355573544172));
#2104=CARTESIAN_POINT('Ctrl Pts',(-5.053565037251,2.7584985897149,-2.42320654201812));
#2105=CARTESIAN_POINT('Ctrl Pts',(-3.11373267103826,4.84277858346222,-2.4828573485945));
#2106=CARTESIAN_POINT('Ctrl Pts',(-0.412361431167951,5.74262836063523,-2.5425081551709));
#2107=CARTESIAN_POINT('Ctrl Pts',(2.38986528658896,5.23797458288578,-2.60215896174729));
#2108=CARTESIAN_POINT('Ctrl Pts',(4.60758849124768,3.45223917606139,-2.66180976832369));
#2109=CARTESIAN_POINT('Ctrl Pts',(5.43906244214528,1.44747945336848,-2.70727838039112));
#2110=CARTESIAN_POINT('Ctrl Pts',(5.52234094203539,0.263920145474934,-2.73286339026643));
#2111=CARTESIAN_POINT('Ctrl Pts',(5.52209185753977,0.000138994570166931,
-2.7385647979496));
#2112=CARTESIAN_POINT('Ctrl Pts',(5.52189654376885,9.94647686070049E-5,
-2.1364352020504));
#2113=CARTESIAN_POINT('Ctrl Pts',(5.52151991987159,-0.578288639253247,-2.14893532246543));
#2114=CARTESIAN_POINT('Ctrl Pts',(5.28721338651569,-2.07699948522681,-2.18131904507259));
#2115=CARTESIAN_POINT('Ctrl Pts',(3.95346949954798,-4.18544080107994,-2.23358636987189));
#2116=CARTESIAN_POINT('Ctrl Pts',(1.46439687530765,-5.5680664968216,-2.29323717644828));
#2117=CARTESIAN_POINT('Ctrl Pts',(-1.38283278433326,-5.58888249285117,-2.35288798302467));
#2118=CARTESIAN_POINT('Ctrl Pts',(-3.89185468803163,-4.2427932289591,-2.41253878960107));
#2119=CARTESIAN_POINT('Ctrl Pts',(-5.44902464894236,-1.85902145169024,-2.47218959617746));
#2120=CARTESIAN_POINT('Ctrl Pts',(-5.67349647540846,0.979421827219024,-2.53184040275386));
#2121=CARTESIAN_POINT('Ctrl Pts',(-4.51037014661272,3.57832231824298,-2.59149120933024));
#2122=CARTESIAN_POINT('Ctrl Pts',(-2.24411772153665,5.30205293242369,-2.65114201590664));
#2123=CARTESIAN_POINT('Ctrl Pts',(0.570990898061993,5.72903123212253,-2.71079282248303));
#2124=CARTESIAN_POINT('Ctrl Pts',(3.24644914472564,4.75482886473956,-2.77044362905943));
#2125=CARTESIAN_POINT('Ctrl Pts',(5.09310460498722,2.65724156677443,-2.82899108891522));
#2126=CARTESIAN_POINT('Ctrl Pts',(5.52225343066694,0.868563563715828,-2.86765494657887));
#2127=CARTESIAN_POINT('Ctrl Pts',(5.52268679168096,-5.31259116339812E-5,
-2.8864352020504));
#2128=CARTESIAN_POINT('Origin',(-1.80635402874235E-15,0.,3.5));
#2129=CARTESIAN_POINT('',(5.04356025045799,-6.17657991703021E-16,3.5));
#2130=CARTESIAN_POINT('Origin',(-1.6073489238809E-15,0.,3.5));
#2131=CARTESIAN_POINT('Origin',(-1.6073489238809E-15,0.,5.75));
#2132=CARTESIAN_POINT('',(5.04356025045799,-6.17657991703021E-16,5.5));
#2133=CARTESIAN_POINT('Origin',(-1.6073489238809E-15,0.,5.5));
#2134=CARTESIAN_POINT('',(5.04356025045799,-6.17657991703021E-16,5.75));
#2135=CARTESIAN_POINT('Origin',(-1.26377987262832E-15,2.82525377547347E-16,
-6.94600008940697));
#2136=CARTESIAN_POINT('Ctrl Pts',(-4.2569194931726,3.51791032689971,-6.94600008940697));
#2137=CARTESIAN_POINT('Ctrl Pts',(-4.15673314112393,3.64910798648038,-6.94600008940697));
#2138=CARTESIAN_POINT('Ctrl Pts',(-4.05080922874112,3.77559006027659,-6.94600008940697));
#2139=CARTESIAN_POINT('Ctrl Pts',(-3.93941467111984,3.89693330612178,-6.94600008940697));
#2140=CARTESIAN_POINT('Ctrl Pts',(-3.83179725915696,4.01416206806393,-6.94600008940697));
#2141=CARTESIAN_POINT('Ctrl Pts',(-3.71907336961656,4.12659521557546,-6.94600008940697));
#2142=CARTESIAN_POINT('Ctrl Pts',(-3.60164941664343,4.23403015726927,-6.94600008940697));
#2143=CARTESIAN_POINT('Ctrl Pts',(-3.53041641910081,4.29920351197159,-6.94600008940697));
#2144=CARTESIAN_POINT('Ctrl Pts',(-3.45745294895716,4.36253691544546,-6.94600008940697));
#2145=CARTESIAN_POINT('Ctrl Pts',(-3.38284297540293,4.42397877272245,-6.94600008940697));
#2146=CARTESIAN_POINT('Ctrl Pts',(-3.33986344115286,4.45937273258366,-6.94600008940697));
#2147=CARTESIAN_POINT('Ctrl Pts',(-3.29633744230795,4.49413890691276,-6.94600008940697));
#2148=CARTESIAN_POINT('Ctrl Pts',(-3.25228037957575,4.52826662237559,-6.94600008940697));
#2149=CARTESIAN_POINT('Ctrl Pts',(-3.22577280353323,4.54880006143592,-6.94600008940697));
#2150=CARTESIAN_POINT('Ctrl Pts',(-3.19906893806514,4.56910526303528,-6.94600008940697));
#2151=CARTESIAN_POINT('Ctrl Pts',(-3.17219658724667,4.58916183476078,-6.94600008940697));
#2152=CARTESIAN_POINT('Ctrl Pts',(-3.04286912844161,4.6856872735332,-6.94600008940697));
#2153=CARTESIAN_POINT('Ctrl Pts',(-2.90954942827952,4.77653148848571,-6.94600008940697));
#2154=CARTESIAN_POINT('Ctrl Pts',(-2.77265881187944,4.86149332672629,-6.94600008940697));
#2155=CARTESIAN_POINT('Ctrl Pts',(-2.63547671052083,4.94663607654829,-6.94600008940697));
#2156=CARTESIAN_POINT('Ctrl Pts',(-2.4947078498156,5.0258718233,-6.94600008940697));
#2157=CARTESIAN_POINT('Ctrl Pts',(-2.35074153973766,5.0989588988469,-6.94600008940697));
#2158=CARTESIAN_POINT('Ctrl Pts',(-2.23284686016034,5.15881024426362,-6.94600008940697));
#2159=CARTESIAN_POINT('Ctrl Pts',(-2.1128071627167,5.21453765084944,-6.94600008940697));
#2160=CARTESIAN_POINT('Ctrl Pts',(-1.99082336022267,5.26598563535193,-6.94600008940697));
#2161=CARTESIAN_POINT('Ctrl Pts',(-1.96952679929108,5.27496768964409,-6.94600008940697));
#2162=CARTESIAN_POINT('Ctrl Pts',(-1.94817095911432,5.28381925271337,-6.94600008940697));
#2163=CARTESIAN_POINT('Ctrl Pts',(-1.92675688149458,5.29253942661502,-6.94600008940697));
#2164=CARTESIAN_POINT('Ctrl Pts',(-1.90376961397625,5.30190023000068,-6.94600008940697));
#2165=CARTESIAN_POINT('Ctrl Pts',(-1.88072233559731,5.31110670007774,-6.94600008940697));
#2166=CARTESIAN_POINT('Ctrl Pts',(-1.85762419956985,5.32015506342999,-6.94600008940697));
#2167=CARTESIAN_POINT('Ctrl Pts',(-1.77899119284611,5.35095841550439,-6.94600008940697));
#2168=CARTESIAN_POINT('Ctrl Pts',(-1.69974140158557,5.37994090181401,-6.94600008940697));
#2169=CARTESIAN_POINT('Ctrl Pts',(-1.61993285551525,5.40707489568709,-6.94600008940697));
#2170=CARTESIAN_POINT('Ctrl Pts',(-1.46817860852284,5.45866960591372,-6.94600008940697));
#2171=CARTESIAN_POINT('Ctrl Pts',(-1.31440566557157,5.50358383239626,-6.94600008940697));
#2172=CARTESIAN_POINT('Ctrl Pts',(-1.15907254225894,5.54187245923415,-6.94600008940697));
#2173=CARTESIAN_POINT('Ctrl Pts',(-1.00179237804989,5.58064101926808,-6.94600008940697));
#2174=CARTESIAN_POINT('Ctrl Pts',(-0.842911996678491,5.61261701622582,-6.94600008940697));
#2175=CARTESIAN_POINT('Ctrl Pts',(-0.682885425888048,5.63780865633998,-6.94600008940697));
#2176=CARTESIAN_POINT('Ctrl Pts',(-0.52825788513456,5.66215037246348,-6.94600008940697));
#2177=CARTESIAN_POINT('Ctrl Pts',(-0.372559478461915,5.68015761647938,-6.94600008940697));
#2178=CARTESIAN_POINT('Ctrl Pts',(-0.216189904124568,5.69179316452821,-6.94600008940697));
#2179=CARTESIAN_POINT('Ctrl Pts',(-0.0989127233715585,5.70051982556483,
-6.94600008940697));
#2180=CARTESIAN_POINT('Ctrl Pts',(0.0187422460680427,5.7056615178533,-6.94600008940697));
#2181=CARTESIAN_POINT('Ctrl Pts',(0.136606738777274,5.70718591777522,-6.94600008940697));
#2182=CARTESIAN_POINT('Ctrl Pts',(0.167754323022899,5.70758876492538,-6.94600008940697));
#2183=CARTESIAN_POINT('Ctrl Pts',(0.198916533259562,5.70773891458859,-6.94600008940697));
#2184=CARTESIAN_POINT('Ctrl Pts',(0.230090244550734,5.70763560063129,-6.94600008940697));
#2185=CARTESIAN_POINT('Ctrl Pts',(0.251857096928596,5.70756346229536,-6.94600008940697));
#2186=CARTESIAN_POINT('Ctrl Pts',(0.273621425537238,5.70736775222185,-6.94600008940697));
#2187=CARTESIAN_POINT('Ctrl Pts',(0.295376257454541,5.70704861980065,-6.94600008940697));
#2188=CARTESIAN_POINT('Ctrl Pts',(0.460231708883847,5.70463027340466,-6.94600008940697));
#2189=CARTESIAN_POINT('Ctrl Pts',(0.624647720994618,5.69512836400224,-6.94600008940697));
#2190=CARTESIAN_POINT('Ctrl Pts',(0.788158754169737,5.67857212873322,-6.94600008940697));
#2191=CARTESIAN_POINT('Ctrl Pts',(0.922978111157651,5.66492105608225,-6.94600008940697));
#2192=CARTESIAN_POINT('Ctrl Pts',(1.05718277336997,5.64647323361126,-6.94600008940697));
#2193=CARTESIAN_POINT('Ctrl Pts',(1.1905161893242,5.62321878027256,-6.94600008940697));
#2194=CARTESIAN_POINT('Ctrl Pts',(1.35159154685637,5.59512590228741,-6.94600008940697));
#2195=CARTESIAN_POINT('Ctrl Pts',(1.51139602599918,5.56001959744216,-6.94600008940697));
#2196=CARTESIAN_POINT('Ctrl Pts',(1.66953366709109,5.51812608821875,-6.94600008940697));
#2197=CARTESIAN_POINT('Ctrl Pts',(1.82834455114653,5.47605422480903,-6.94600008940697));
#2198=CARTESIAN_POINT('Ctrl Pts',(1.98547508069913,5.42713700852863,-6.94600008940697));
#2199=CARTESIAN_POINT('Ctrl Pts',(2.14051181162431,5.37155261626486,-6.94600008940697));
#2200=CARTESIAN_POINT('Ctrl Pts',(2.21573232372123,5.34458425576264,-6.94600008940697));
#2201=CARTESIAN_POINT('Ctrl Pts',(2.2904597071645,5.31604571296335,-6.94600008940696));
#2202=CARTESIAN_POINT('Ctrl Pts',(2.36464492750247,5.28595329603566,-6.94600008940696));
#2203=CARTESIAN_POINT('Ctrl Pts',(2.38418200973072,5.27802829397616,-6.94600008940696));
#2204=CARTESIAN_POINT('Ctrl Pts',(2.40368356662956,5.26999463355045,-6.94600008940697));
#2205=CARTESIAN_POINT('Ctrl Pts',(2.42314195784487,5.26185540350254,-6.94600008940697));
#2206=CARTESIAN_POINT('Ctrl Pts',(2.57607330907024,5.19788590903675,-6.94600008940697));
#2207=CARTESIAN_POINT('Ctrl Pts',(2.72598510454599,5.12754937730514,-6.94600008940697));
#2208=CARTESIAN_POINT('Ctrl Pts',(2.87248702274267,5.05111485244278,-6.94600008940697));
#2209=CARTESIAN_POINT('Ctrl Pts',(3.01992188984772,4.97419357964284,-6.94600008940697));
#2210=CARTESIAN_POINT('Ctrl Pts',(3.16390402154031,4.89109615030464,-6.94600008940697));
#2211=CARTESIAN_POINT('Ctrl Pts',(3.30402448812086,4.80204513347389,-6.94600008940697));
#2212=CARTESIAN_POINT('Ctrl Pts',(3.44366276357433,4.71330056445351,-6.94600008940697));
#2213=CARTESIAN_POINT('Ctrl Pts',(3.57946659535428,4.61864299560868,-6.94600008940697));
#2214=CARTESIAN_POINT('Ctrl Pts',(3.71100981337835,4.51824595697435,-6.94600008940697));
#2215=CARTESIAN_POINT('Ctrl Pts',(3.74320128322142,4.49367663070973,-6.94600008940697));
#2216=CARTESIAN_POINT('Ctrl Pts',(3.77513746206204,4.46876336775476,-6.94600008940697));
#2217=CARTESIAN_POINT('Ctrl Pts',(3.80681183425672,4.44350831594773,-6.94600008940697));
#2218=CARTESIAN_POINT('Ctrl Pts',(3.90281676310747,4.36696032828903,-6.94600008940697));
#2219=CARTESIAN_POINT('Ctrl Pts',(3.99641729685271,4.28727318375867,-6.94600008940697));
#2220=CARTESIAN_POINT('Ctrl Pts',(4.08750677042814,4.20459019036855,-6.94600008940697));
#2221=CARTESIAN_POINT('Ctrl Pts',(4.12735841511739,4.16841638076037,-6.94600008940697));
#2222=CARTESIAN_POINT('Ctrl Pts',(4.16672928665041,4.13166900105622,-6.94600008940697));
#2223=CARTESIAN_POINT('Ctrl Pts',(4.20560976121431,4.09435941229851,-6.94600008940697));
#2224=CARTESIAN_POINT('Ctrl Pts',(4.23008777285007,4.07087038450294,-6.94600008940697));
#2225=CARTESIAN_POINT('Ctrl Pts',(4.25437140235784,4.04715851243554,-6.94600008940697));
#2226=CARTESIAN_POINT('Ctrl Pts',(4.2784581558725,4.02322655969037,-6.94600008940697));
#2227=CARTESIAN_POINT('Ctrl Pts',(4.29287290748655,4.00890444881515,-6.94600008940697));
#2228=CARTESIAN_POINT('Ctrl Pts',(4.30721640065204,3.99450419680573,-6.94600008940697));
#2229=CARTESIAN_POINT('Ctrl Pts',(4.32147930550178,3.98003552857289,-6.94600008940697));
#2230=CARTESIAN_POINT('Ctrl Pts',(4.43775597181885,3.86208140030196,-6.94600008940697));
#2231=CARTESIAN_POINT('Ctrl Pts',(4.54883789486168,3.73942671741361,-6.94600008940697));
#2232=CARTESIAN_POINT('Ctrl Pts',(4.65452916513053,3.61249253238869,-6.94600008940697));
#2233=CARTESIAN_POINT('Ctrl Pts',(4.76195526491154,3.48347483403552,-6.94600008940697));
#2234=CARTESIAN_POINT('Ctrl Pts',(4.8638128252928,3.35003552749954,-6.94600008940697));
#2235=CARTESIAN_POINT('Ctrl Pts',(4.95986492741091,3.21257316652127,-6.94600008940697));
#2236=CARTESIAN_POINT('Ctrl Pts',(5.05594965114034,3.07506412000867,-6.94600008940697));
#2237=CARTESIAN_POINT('Ctrl Pts',(5.14622544420527,2.93352870089349,-6.94600008940697));
#2238=CARTESIAN_POINT('Ctrl Pts',(5.23041672714992,2.78833071766498,-6.94600008940697));
#2239=CARTESIAN_POINT('Ctrl Pts',(5.31354811226087,2.64496065560004,-6.94600008940697));
#2240=CARTESIAN_POINT('Ctrl Pts',(5.39074759330381,2.49801905328759,-6.94600008940697));
#2241=CARTESIAN_POINT('Ctrl Pts',(5.46170628226546,2.34783088692085,-6.94600008940697));
#2242=CARTESIAN_POINT('Ctrl Pts',(5.4983715201325,2.27022679184481,-6.94600008940697));
#2243=CARTESIAN_POINT('Ctrl Pts',(5.53336976925258,2.19175553278231,-6.94600008940697));
#2244=CARTESIAN_POINT('Ctrl Pts',(5.5666532590493,2.11246005725927,-6.94600008940697));
#2245=CARTESIAN_POINT('',(5.21049563473964,-2.88130249498697,-6.94600008940697));
#2246=CARTESIAN_POINT('Origin',(0.,0.,-6.94600008940697));
#2247=CARTESIAN_POINT('Ctrl Pts',(5.21053970869321,-2.88140549450299,-6.94600008940697));
#2248=CARTESIAN_POINT('Ctrl Pts',(5.12424960521743,-3.02574625028935,-6.94600008940697));
#2249=CARTESIAN_POINT('Ctrl Pts',(5.03196117250817,-3.16619382034319,-6.94600008940696));
#2250=CARTESIAN_POINT('Ctrl Pts',(4.93383172452364,-3.30232582557381,-6.94600008940696));
#2251=CARTESIAN_POINT('Ctrl Pts',(4.92845139112449,-3.30978979882017,-6.94600008940696));
#2252=CARTESIAN_POINT('Ctrl Pts',(4.92305348742039,-3.31724079150734,-6.94600008940697));
#2253=CARTESIAN_POINT('Ctrl Pts',(4.91763803556952,-3.32467873145775,-6.94600008940697));
#2254=CARTESIAN_POINT('Ctrl Pts',(4.81866135488844,-3.46061985468632,-6.94600008940696));
#2255=CARTESIAN_POINT('Ctrl Pts',(4.71382611600762,-3.5922038424838,-6.94600008940697));
#2256=CARTESIAN_POINT('Ctrl Pts',(4.60349868916689,-3.71914140015387,-6.94600008940697));
#2257=CARTESIAN_POINT('Ctrl Pts',(4.53691054061392,-3.79575459769802,-6.94600008940697));
#2258=CARTESIAN_POINT('Ctrl Pts',(4.46832096516693,-3.87067455763562,-6.94600008940696));
#2259=CARTESIAN_POINT('Ctrl Pts',(4.39780449604291,-3.94383075931366,-6.94600008940696));
#2260=CARTESIAN_POINT('Ctrl Pts',(4.35640922924596,-3.98677562771011,-6.94600008940696));
#2261=CARTESIAN_POINT('Ctrl Pts',(4.31434986835036,-4.02911259512763,-6.94600008940696));
#2262=CARTESIAN_POINT('Ctrl Pts',(4.27164088772946,-4.07082646187782,-6.94600008940696));
#2263=CARTESIAN_POINT('Ctrl Pts',(4.24494076751311,-4.0969044726551,-6.94600008940696));
#2264=CARTESIAN_POINT('Ctrl Pts',(4.21798185503481,-4.12274341149319,-6.94600008940696));
#2265=CARTESIAN_POINT('Ctrl Pts',(4.19079356038221,-4.14831541036594,-6.94600008940696));
#2266=CARTESIAN_POINT('Ctrl Pts',(4.06878762996466,-4.26306830513079,-6.94600008940696));
#2267=CARTESIAN_POINT('Ctrl Pts',(3.94209419591261,-4.37252197938925,-6.94600008940696));
#2268=CARTESIAN_POINT('Ctrl Pts',(3.81108068908526,-4.47639812603942,-6.94600008940696));
#2269=CARTESIAN_POINT('Ctrl Pts',(3.6805472581178,-4.57989363689384,-6.94600008940696));
#2270=CARTESIAN_POINT('Ctrl Pts',(3.5457247394942,-4.6778528468116,-6.94600008940696));
#2271=CARTESIAN_POINT('Ctrl Pts',(3.40694647965813,-4.76995871619487,-6.94600008940696));
#2272=CARTESIAN_POINT('Ctrl Pts',(3.29029839714211,-4.84737698808212,-6.94600008940696));
#2273=CARTESIAN_POINT('Ctrl Pts',(3.1708548878134,-4.9206592927012,-6.94600008940696));
#2274=CARTESIAN_POINT('Ctrl Pts',(3.04880211531803,-4.9895910298474,-6.94600008940696));
#2275=CARTESIAN_POINT('Ctrl Pts',(3.0261982467237,-5.00235701538444,-6.94600008940696));
#2276=CARTESIAN_POINT('Ctrl Pts',(3.00350486207968,-5.01497371316801,-6.94600008940697));
#2277=CARTESIAN_POINT('Ctrl Pts',(2.98072311455794,-5.02743966067358,-6.94600008940697));
#2278=CARTESIAN_POINT('Ctrl Pts',(2.9631227346558,-5.03707041493108,-6.94600008940697));
#2279=CARTESIAN_POINT('Ctrl Pts',(2.94547168773803,-5.04661002340362,-6.94600008940696));
#2280=CARTESIAN_POINT('Ctrl Pts',(2.92777825304061,-5.05605384860626,-6.94600008940696));
#2281=CARTESIAN_POINT('Ctrl Pts',(2.84471024742424,-5.10039118267334,-6.94600008940696));
#2282=CARTESIAN_POINT('Ctrl Pts',(2.76065978406582,-5.14264424680047,-6.94600008940696));
#2283=CARTESIAN_POINT('Ctrl Pts',(2.67569103638144,-5.18276458833517,-6.94600008940696));
#2284=CARTESIAN_POINT('Ctrl Pts',(2.52682302836569,-5.25305673089291,-6.94600008940696));
#2285=CARTESIAN_POINT('Ctrl Pts',(2.37513743067191,-5.31680505028866,-6.94600008940696));
#2286=CARTESIAN_POINT('Ctrl Pts',(2.22109271938797,-5.37397479896351,-6.94600008940696));
#2287=CARTESIAN_POINT('Ctrl Pts',(2.06594443280152,-5.43155411134336,-6.94600008940696));
#2288=CARTESIAN_POINT('Ctrl Pts',(1.90840237531065,-5.48246042658735,-6.94600008940697));
#2289=CARTESIAN_POINT('Ctrl Pts',(1.74891761920636,-5.52660840043959,-6.94600008940697));
#2290=CARTESIAN_POINT('Ctrl Pts',(1.5964905003973,-5.56880270552511,-6.94600008940697));
#2291=CARTESIAN_POINT('Ctrl Pts',(1.44228813355348,-5.60482334962118,-6.94600008940697));
#2292=CARTESIAN_POINT('Ctrl Pts',(1.286699029258,-5.63455163875349,-6.94600008940697));
#2293=CARTESIAN_POINT('Ctrl Pts',(1.1700072010364,-5.65684785560272,-6.94600008940697));
#2294=CARTESIAN_POINT('Ctrl Pts',(1.05253517419972,-5.67560374828746,-6.94600008940697));
#2295=CARTESIAN_POINT('Ctrl Pts',(0.934448063408917,-5.69075276078371,-6.94600008940697));
#2296=CARTESIAN_POINT('Ctrl Pts',(0.906932323145717,-5.69428266587071,-6.94600008940697));
#2297=CARTESIAN_POINT('Ctrl Pts',(0.879383197674294,-5.69761667490529,-6.94600008940697));
#2298=CARTESIAN_POINT('Ctrl Pts',(0.851802798531527,-5.7007538329603,-6.94600008940697));
#2299=CARTESIAN_POINT('Ctrl Pts',(0.830217584653502,-5.70320906311256,-6.94600008940697));
#2300=CARTESIAN_POINT('Ctrl Pts',(0.808612212937434,-5.70554376991474,-6.94600008940696));
#2301=CARTESIAN_POINT('Ctrl Pts',(0.787004538828275,-5.70775591046253,-6.94600008940696));
#2302=CARTESIAN_POINT('Ctrl Pts',(0.623636096336815,-5.72448116992536,-6.94600008940696));
#2303=CARTESIAN_POINT('Ctrl Pts',(0.459913816916634,-5.73423076346702,-6.94600008940697));
#2304=CARTESIAN_POINT('Ctrl Pts',(0.296276315098445,-5.73694518747975,-6.94600008940697));
#2305=CARTESIAN_POINT('Ctrl Pts',(0.153162921529996,-5.73931915694109,-6.94600008940697));
#2306=CARTESIAN_POINT('Ctrl Pts',(0.0101138500234513,-5.73631132708483,
-6.94600008940697));
#2307=CARTESIAN_POINT('Ctrl Pts',(-0.132579787046793,-5.72784928386772,
-6.94600008940697));
#2308=CARTESIAN_POINT('Ctrl Pts',(-0.295924598218895,-5.71816258108398,
-6.94600008940697));
#2309=CARTESIAN_POINT('Ctrl Pts',(-0.458804389807433,-5.70132961961116,
-6.94600008940697));
#2310=CARTESIAN_POINT('Ctrl Pts',(-0.620779658525144,-5.67749239617113,
-6.94600008940697));
#2311=CARTESIAN_POINT('Ctrl Pts',(-0.782365554465118,-5.65371247509569,
-6.94600008940697));
#2312=CARTESIAN_POINT('Ctrl Pts',(-0.943051989970675,-5.62296165885743,
-6.94600008940697));
#2313=CARTESIAN_POINT('Ctrl Pts',(-1.10238534746599,-5.58533227482518,-6.94600008940697));
#2314=CARTESIAN_POINT('Ctrl Pts',(-1.17782125504764,-5.56751675407778,-6.94600008940697));
#2315=CARTESIAN_POINT('Ctrl Pts',(-1.25295354968826,-5.54815870686301,-6.94600008940697));
#2316=CARTESIAN_POINT('Ctrl Pts',(-1.32773202555997,-5.52726437196777,-6.94600008940697));
#2317=CARTESIAN_POINT('Ctrl Pts',(-1.34705335596395,-5.5218656747708,-6.94600008940697));
#2318=CARTESIAN_POINT('Ctrl Pts',(-1.36635326525148,-5.51636375818762,-6.94600008940697));
#2319=CARTESIAN_POINT('Ctrl Pts',(-1.38562365605854,-5.51076081015666,-6.94600008940697));
#2320=CARTESIAN_POINT('Ctrl Pts',(-1.54169514688294,-5.46538236085795,-6.94600008940697));
#2321=CARTESIAN_POINT('Ctrl Pts',(-1.69550648645995,-5.41347729292028,-6.94600008940696));
#2322=CARTESIAN_POINT('Ctrl Pts',(-1.84664285647629,-5.35522429783877,-6.94600008940696));
#2323=CARTESIAN_POINT('Ctrl Pts',(-1.99787304940329,-5.29693514027993,-6.94600008940696));
#2324=CARTESIAN_POINT('Ctrl Pts',(-2.14642566544081,-5.23228989929119,-6.94600008940697));
#2325=CARTESIAN_POINT('Ctrl Pts',(-2.29186903502247,-5.16141808237856,-6.94600008940697));
#2326=CARTESIAN_POINT('Ctrl Pts',(-2.43571934577872,-5.09132253305195,-6.94600008940697));
#2327=CARTESIAN_POINT('Ctrl Pts',(-2.5765287844098,-5.01513573027559,-6.94600008940697));
#2328=CARTESIAN_POINT('Ctrl Pts',(-2.71385400667462,-4.93293917992466,-6.94600008940697));
#2329=CARTESIAN_POINT('Ctrl Pts',(-2.74595080757296,-4.9137275138692,-6.94600008940697));
#2330=CARTESIAN_POINT('Ctrl Pts',(-2.77785713443335,-4.89418736320602,-6.94600008940697));
#2331=CARTESIAN_POINT('Ctrl Pts',(-2.80956706370116,-4.87431944769792,-6.94600008940697));
#2332=CARTESIAN_POINT('Ctrl Pts',(-2.90787704317673,-4.8127231461317,-6.94600008940697));
#2333=CARTESIAN_POINT('Ctrl Pts',(-3.00430006491519,-4.74797708877952,-6.94600008940697));
#2334=CARTESIAN_POINT('Ctrl Pts',(-3.0987107668953,-4.68019209199482,-6.94600008940697));
#2335=CARTESIAN_POINT('Ctrl Pts',(-3.14047482017773,-4.6502063365869,-6.94600008940697));
#2336=CARTESIAN_POINT('Ctrl Pts',(-3.18184495056602,-4.61962578257131,-6.94600008940697));
#2337=CARTESIAN_POINT('Ctrl Pts',(-3.22280961770559,-4.58845950555316,-6.94600008940697));
#2338=CARTESIAN_POINT('Ctrl Pts',(-3.2500319677532,-4.56774850356264,-6.94600008940697));
#2339=CARTESIAN_POINT('Ctrl Pts',(-3.27707525495888,-4.54677883805889,-6.94600008940697));
#2340=CARTESIAN_POINT('Ctrl Pts',(-3.30393598163047,-4.52555310331553,-6.94600008940697));
#2341=CARTESIAN_POINT('Ctrl Pts',(-3.31970452592069,-4.513092571533,-6.94600008940697));
#2342=CARTESIAN_POINT('Ctrl Pts',(-3.33540928912227,-4.500544414557,-6.94600008940697));
#2343=CARTESIAN_POINT('Ctrl Pts',(-3.35103959210949,-4.48791741575007,-6.94600008940697));
#2344=CARTESIAN_POINT('Ctrl Pts',(-3.47526495829956,-4.3875614884238,-6.94600008940697));
#2345=CARTESIAN_POINT('Ctrl Pts',(-3.59496091138601,-4.28209417223416,-6.94600008940697));
#2346=CARTESIAN_POINT('Ctrl Pts',(-3.70986552181242,-4.17187549079776,-6.94600008940697));
#2347=CARTESIAN_POINT('Ctrl Pts',(-3.82564663062694,-4.06081605548508,-6.94600008940697));
#2348=CARTESIAN_POINT('Ctrl Pts',(-3.9365635535422,-3.94493195446096,-6.94600008940696));
#2349=CARTESIAN_POINT('Ctrl Pts',(-4.04231378757928,-3.82455200449343,-6.94600008940696));
#2350=CARTESIAN_POINT('Ctrl Pts',(-4.1474935619926,-3.70482143276692,-6.94600008940696));
#2351=CARTESIAN_POINT('Ctrl Pts',(-4.24756269182348,-3.5806427945349,-6.94600008940697));
#2352=CARTESIAN_POINT('Ctrl Pts',(-4.34218224974419,-3.45230925484293,-6.94600008940697));
#2353=CARTESIAN_POINT('Ctrl Pts',(-4.43501657856704,-3.32639704087182,-6.94600008940697));
#2354=CARTESIAN_POINT('Ctrl Pts',(-4.52260535263399,-3.19648465126352,-6.94600008940697));
#2355=CARTESIAN_POINT('Ctrl Pts',(-4.60458309100197,-3.06282838524061,-6.94600008940697));
#2356=CARTESIAN_POINT('Ctrl Pts',(-4.64192505018088,-3.00194616368641,-6.94600008940697));
#2357=CARTESIAN_POINT('Ctrl Pts',(-4.67810210386815,-2.94028688308984,-6.94600008940697));
#2358=CARTESIAN_POINT('Ctrl Pts',(-4.71307622105562,-2.87787379796614,-6.94600008940697));
#2359=CARTESIAN_POINT('Ctrl Pts',(-4.73056463676093,-2.8490354999415,-1.69672911068434));
#2360=CARTESIAN_POINT('Ctrl Pts',(-5.20514693090002,-2.06103471232992,-1.71661271287648));
#2361=CARTESIAN_POINT('Ctrl Pts',(-5.75241511704902,-0.244079428869891,
-1.75637991726074));
#2362=CARTESIAN_POINT('Ctrl Pts',(-5.16555455979987,2.54261314024531,-1.81603072383713));
#2363=CARTESIAN_POINT('Ctrl Pts',(-3.31565714865009,4.70677891900362,-1.87568153041352));
#2364=CARTESIAN_POINT('Ctrl Pts',(-0.654671559603023,5.72011020322383,-1.93533233698992));
#2365=CARTESIAN_POINT('Ctrl Pts',(2.16634995827474,5.33427599091461,-1.99498314356631));
#2366=CARTESIAN_POINT('Ctrl Pts',(4.45757649995122,3.64389361164655,-2.0546339501427));
#2367=CARTESIAN_POINT('Ctrl Pts',(5.65856800563366,1.06226066071059,-2.1142847567191));
#2368=CARTESIAN_POINT('Ctrl Pts',(5.4756231381638,-1.77915301817558,-2.17393556329549));
#2369=CARTESIAN_POINT('Ctrl Pts',(3.95346949954798,-4.18544080107994,-2.23358636987189));
#2370=CARTESIAN_POINT('Ctrl Pts',(1.46439687530765,-5.5680664968216,-2.29323717644828));
#2371=CARTESIAN_POINT('Ctrl Pts',(-1.38283278433326,-5.58888249285117,-2.35288798302467));
#2372=CARTESIAN_POINT('Ctrl Pts',(-3.89185468803163,-4.2427932289591,-2.41253878960107));
#2373=CARTESIAN_POINT('Ctrl Pts',(-5.44902464894236,-1.85902145169024,-2.47218959617746));
#2374=CARTESIAN_POINT('Ctrl Pts',(-5.67349647540846,0.979421827219024,-2.53184040275386));
#2375=CARTESIAN_POINT('Ctrl Pts',(-4.51037014661272,3.57832231824298,-2.59149120933024));
#2376=CARTESIAN_POINT('Ctrl Pts',(-2.24411772153665,5.30205293242369,-2.65114201590664));
#2377=CARTESIAN_POINT('Ctrl Pts',(0.570990898061993,5.72903123212253,-2.71079282248303));
#2378=CARTESIAN_POINT('Ctrl Pts',(3.24644914472564,4.75482886473956,-2.77044362905943));
#2379=CARTESIAN_POINT('Ctrl Pts',(5.12790545290075,2.61771182334762,-2.83009443563582));
#2380=CARTESIAN_POINT('Ctrl Pts',(5.75520171012508,-0.159633396334579,-2.88974524221221));
#2381=CARTESIAN_POINT('Ctrl Pts',(4.97491661374952,-2.89793620144541,-2.94939604878861));
#2382=CARTESIAN_POINT('Ctrl Pts',(2.97788878616219,-4.92747480122213,-3.009046855365));
#2383=CARTESIAN_POINT('Ctrl Pts',(0.25254231101905,-5.75187377498897,-3.0686976619414));
#2384=CARTESIAN_POINT('Ctrl Pts',(-2.53456982658281,-5.16950532782528,-3.12834846851779));
#2385=CARTESIAN_POINT('Ctrl Pts',(-4.70178827463343,-3.32280251622524,-3.18799927509418));
#2386=CARTESIAN_POINT('Ctrl Pts',(-5.71906449138538,-0.663423608452255,
-3.24765008167057));
#2387=CARTESIAN_POINT('Ctrl Pts',(-5.33759763475106,2.15821246185064,-3.30730088824697));
#2388=CARTESIAN_POINT('Ctrl Pts',(-3.65068515293926,4.45200263422104,-3.36695169482336));
#2389=CARTESIAN_POINT('Ctrl Pts',(-1.07090451436049,5.65694202392798,-3.42660250139975));
#2390=CARTESIAN_POINT('Ctrl Pts',(1.77079313425252,5.47833197393863,-3.48625330797616));
#2391=CARTESIAN_POINT('Ctrl Pts',(4.17939816173254,3.9598561270179,-3.54590411455253));
#2392=CARTESIAN_POINT('Ctrl Pts',(5.56582478248615,1.47289647689381,-3.60555492112894));
#2393=CARTESIAN_POINT('Ctrl Pts',(5.590987008672,-1.37429756961202,-3.66520572770533));
#2394=CARTESIAN_POINT('Ctrl Pts',(4.24873077617043,-3.88537209705877,-3.72485653428172));
#2395=CARTESIAN_POINT('Ctrl Pts',(1.86733907790596,-5.44617979037661,-3.78450734085812));
#2396=CARTESIAN_POINT('Ctrl Pts',(-0.970758014199822,-5.6749853232275,-3.8441581474345));
#2397=CARTESIAN_POINT('Ctrl Pts',(-3.57143147690408,-4.5158284673756,-3.90380895401091));
#2398=CARTESIAN_POINT('Ctrl Pts',(-5.29862029049679,-2.25221059364274,-3.96345976058729));
#2399=CARTESIAN_POINT('Ctrl Pts',(-5.72989638249592,0.562242818398847,-4.02311056716368));
#2400=CARTESIAN_POINT('Ctrl Pts',(-4.75978018586338,3.23918541044556,-4.08276137374009));
#2401=CARTESIAN_POINT('Ctrl Pts',(-2.6255383571465,5.12390260213183,-4.14241218031647));
#2402=CARTESIAN_POINT('Ctrl Pts',(0.150845835340137,5.75543873870111,-4.20206298689287));
#2403=CARTESIAN_POINT('Ctrl Pts',(2.89033683180605,4.97933555202763,-4.26171379346926));
#2404=CARTESIAN_POINT('Ctrl Pts',(4.92292224442671,2.98540886920194,-4.32136460004566));
#2405=CARTESIAN_POINT('Ctrl Pts',(5.7514814739652,0.261324311184492,-4.38101540662205));
#2406=CARTESIAN_POINT('Ctrl Pts',(5.17336923027333,-2.52667377162981,-4.44066621319844));
#2407=CARTESIAN_POINT('Ctrl Pts',(3.32997760601589,-4.6967093463843,-4.50031701977484));
#2408=CARTESIAN_POINT('Ctrl Pts',(0.67215503451779,-5.71804487133088,-4.55996782635123));
#2409=CARTESIAN_POINT('Ctrl Pts',(-2.15006019249423,-5.34088669694766,-4.61961863292761));
#2410=CARTESIAN_POINT('Ctrl Pts',(-4.44642336691767,-3.65747847336242,-4.67926943950403));
#2411=CARTESIAN_POINT('Ctrl Pts',(-5.65530031080027,-1.07954061324405,-4.7389202460804));
#2412=CARTESIAN_POINT('Ctrl Pts',(-5.48102933779163,1.76242643513091,-4.79857105265681));
#2413=CARTESIAN_POINT('Ctrl Pts',(-3.96623285873554,4.17334715201932,-4.85822185923319));
#2414=CARTESIAN_POINT('Ctrl Pts',(-1.48139298410774,5.56356939092315,-4.91787266580959));
#2415=CARTESIAN_POINT('Ctrl Pts',(1.36575932442406,5.59307884878529,-4.97752347238598));
#2416=CARTESIAN_POINT('Ctrl Pts',(3.87888035950772,4.25465823511224,-5.03717427896237));
#2417=CARTESIAN_POINT('Ctrl Pts',(5.44332228043638,1.87565244442556,-5.09682508553878));
#2418=CARTESIAN_POINT('Ctrl Pts',(5.67646091783103,-0.962091985898908,-5.15647589211516));
#2419=CARTESIAN_POINT('Ctrl Pts',(4.52127627222591,-3.56453228505046,-5.21612669869155));
#2420=CARTESIAN_POINT('Ctrl Pts',(2.26029820913906,-5.29517530840718,-5.27577750526796));
#2421=CARTESIAN_POINT('Ctrl Pts',(-0.553493424901421,-5.73074816839637,
-5.33542831184434));
#2422=CARTESIAN_POINT('Ctrl Pts',(-3.23191412622435,-4.76472041379014,-5.39507911842074));
#2423=CARTESIAN_POINT('Ctrl Pts',(-5.11988780525223,-2.63335876836839,-5.45472992499713));
#2424=CARTESIAN_POINT('Ctrl Pts',(-5.75566234998932,0.142057921825481,-5.51438073157353));
#2425=CARTESIAN_POINT('Ctrl Pts',(-4.9837428819128,2.88273072437305,-5.57403153814992));
#2426=CARTESIAN_POINT('Ctrl Pts',(-2.99292199222842,4.91835821060901,-5.63368234472631));
#2427=CARTESIAN_POINT('Ctrl Pts',(-0.270105702553763,5.75107576465976,-5.69333315130271));
#2428=CARTESIAN_POINT('Ctrl Pts',(2.51877182716835,5.17722107197626,-5.7529839578791));
#2429=CARTESIAN_POINT('Ctrl Pts',(4.69161946687547,3.33714493272591,-5.81263476445549));
#2430=CARTESIAN_POINT('Ctrl Pts',(5.71701192443213,0.680884893466658,-5.87228557103188));
#2431=CARTESIAN_POINT('Ctrl Pts',(5.3441633008679,-2.14190291048907,-5.93193637760829));
#2432=CARTESIAN_POINT('Ctrl Pts',(3.66426328098788,-4.44083373410234,-5.99158718418466));
#2433=CARTESIAN_POINT('Ctrl Pts',(1.08817416825327,-5.65364541267289,-6.05123799076108));
#2434=CARTESIAN_POINT('Ctrl Pts',(-1.75405557414851,-5.48371392533418,-6.11088879733745));
#2435=CARTESIAN_POINT('Ctrl Pts',(-4.16728651695159,-3.97260034086736,-6.17053960391386));
#2436=CARTESIAN_POINT('Ctrl Pts',(-5.56130082559513,-1.4898860438603,-6.23019041049024));
#2437=CARTESIAN_POINT('Ctrl Pts',(-5.59515804787676,1.35721790719297,-6.28984121706665));
#2438=CARTESIAN_POINT('Ctrl Pts',(-4.26057499612409,3.8723795557564,-6.34949202364303));
#2439=CARTESIAN_POINT('Ctrl Pts',(-1.88396296280032,5.4404521262481,-6.40914283021943));
#2440=CARTESIAN_POINT('Ctrl Pts',(0.953426698116396,5.6779231893886,-6.46879363679582));
#2441=CARTESIAN_POINT('Ctrl Pts',(3.5576189448413,4.52671371184223,-6.52844444337221));
#2442=CARTESIAN_POINT('Ctrl Pts',(5.2917294071002,2.26838021238655,-6.58809524994861));
#2443=CARTESIAN_POINT('Ctrl Pts',(5.73156423374543,-0.544742070539062,-6.647746056525));
#2444=CARTESIAN_POINT('Ctrl Pts',(4.76969331146046,-3.22463661558752,-6.70739686310139));
#2445=CARTESIAN_POINT('Ctrl Pts',(2.64108715475489,-5.11585855558577,-6.76704766967779));
#2446=CARTESIAN_POINT('Ctrl Pts',(-0.133099273115468,-5.75587700309114,
-6.82669847625418));
#2447=CARTESIAN_POINT('Ctrl Pts',(-2.87547648899292,-4.98813486262155,-6.88634928283057));
#2448=CARTESIAN_POINT('Ctrl Pts',(-4.23369014485213,-3.66296142691522,-6.92611648721484));
#2449=CARTESIAN_POINT('Ctrl Pts',(-4.71307622105567,-2.87787379796607,-6.94600008940697));
#2450=CARTESIAN_POINT('Ctrl Pts',(-4.85384900345455,-2.92328488965884,-1.77981943692522));
#2451=CARTESIAN_POINT('Ctrl Pts',(-5.3407994992925,-2.11474782667332,-1.79970303911735));
#2452=CARTESIAN_POINT('Ctrl Pts',(-5.90233017140706,-0.250440440740939,
-1.83947024350161));
#2453=CARTESIAN_POINT('Ctrl Pts',(-5.3001753020211,2.6088767841888,-1.89912105007801));
#2454=CARTESIAN_POINT('Ctrl Pts',(-3.40206727579813,4.82944340046678,-1.9587718566544));
#2455=CARTESIAN_POINT('Ctrl Pts',(-0.671733110351278,5.86918335156263,-2.01842266323079));
#2456=CARTESIAN_POINT('Ctrl Pts',(2.22280771821468,5.47329382235876,-2.07807346980719));
#2457=CARTESIAN_POINT('Ctrl Pts',(4.57374645808145,3.73885798708703,-2.13772427638358));
#2458=CARTESIAN_POINT('Ctrl Pts',(5.8060372881684,1.08994448766892,-2.19737508295997));
#2459=CARTESIAN_POINT('Ctrl Pts',(5.61832465112816,-1.8255199468488,-2.25702588953637));
#2460=CARTESIAN_POINT('Ctrl Pts',(4.05650180560861,-4.29451856623402,-2.31667669611276));
#2461=CARTESIAN_POINT('Ctrl Pts',(1.50256086950773,-5.71317719807577,-2.37632750268916));
#2462=CARTESIAN_POINT('Ctrl Pts',(-1.41887111741825,-5.7345356847137,-2.43597830926555));
#2463=CARTESIAN_POINT('Ctrl Pts',(-3.99328123587944,-4.35336566933533,-2.49562911584194));
#2464=CARTESIAN_POINT('Ctrl Pts',(-5.59103297237216,-1.90746985054744,-2.55527992241833));
#2465=CARTESIAN_POINT('Ctrl Pts',(-5.82135481233381,1.00494677169526,-2.61493072899473));
#2466=CARTESIAN_POINT('Ctrl Pts',(-4.62791597248683,3.67157782465801,-2.67458153557112));
#2467=CARTESIAN_POINT('Ctrl Pts',(-2.302602205595,5.44023099109988,-2.73423234214751));
#2468=CARTESIAN_POINT('Ctrl Pts',(0.585871627247752,5.87833687351079,-2.79388314872391));
#2469=CARTESIAN_POINT('Ctrl Pts',(3.33105562567303,4.87874558723198,-2.8535339553003));
#2470=CARTESIAN_POINT('Ctrl Pts',(5.26154501281985,2.68593263187859,-2.91318476187669));
#2471=CARTESIAN_POINT('Ctrl Pts',(5.90518938654602,-0.163793640128162,-2.97283556845309));
#2472=CARTESIAN_POINT('Ctrl Pts',(5.10456909525533,-2.9734600039398,-3.03248637502948));
#2473=CARTESIAN_POINT('Ctrl Pts',(3.05549625192498,-5.05589089040242,-3.09213718160587));
#2474=CARTESIAN_POINT('Ctrl Pts',(0.259123876068474,-5.90177472130322,-3.15178798818227));
#2475=CARTESIAN_POINT('Ctrl Pts',(-2.60062385182174,-5.30422903194881,-3.21143879475866));
#2476=CARTESIAN_POINT('Ctrl Pts',(-4.82432269373029,-3.40939886049195,-3.27108960133506));
#2477=CARTESIAN_POINT('Ctrl Pts',(-5.86811038718,-0.680713248420826,-3.33074040791144));
#2478=CARTESIAN_POINT('Ctrl Pts',(-5.47670203234286,2.21445814856673,-3.39039121448785));
#2479=CARTESIAN_POINT('Ctrl Pts',(-3.74582652434775,4.56802733051482,-3.45004202106423));
#2480=CARTESIAN_POINT('Ctrl Pts',(-1.09881361083839,5.80436893136793,-3.50969282764063));
#2481=CARTESIAN_POINT('Ctrl Pts',(1.81694219400856,5.62110408251443,-3.56934363421702));
#2482=CARTESIAN_POINT('Ctrl Pts',(4.28831844822976,4.0630548764914,-3.62899444079341));
#2483=CARTESIAN_POINT('Ctrl Pts',(5.71087706189149,1.51128198122623,-3.68864524736981));
#2484=CARTESIAN_POINT('Ctrl Pts',(5.73669504682035,-1.41011346444232,-3.7482960539462));
#2485=CARTESIAN_POINT('Ctrl Pts',(4.35945795637244,-3.9866297005661,-3.8079468605226));
#2486=CARTESIAN_POINT('Ctrl Pts',(1.9160042443922,-5.58811397327278,-3.86759766709898));
#2487=CARTESIAN_POINT('Ctrl Pts',(-0.996057168990632,-5.82288246136886,
-3.92724847367538));
#2488=CARTESIAN_POINT('Ctrl Pts',(-3.66450739946905,-4.63351654384139,-3.98689928025178));
#2489=CARTESIAN_POINT('Ctrl Pts',(-5.43670889027779,-2.31090598795998,-4.04655008682817));
#2490=CARTESIAN_POINT('Ctrl Pts',(-5.8792245707732,0.576895561806183,-4.10620089340456));
#2491=CARTESIAN_POINT('Ctrl Pts',(-4.88382594590965,3.32360258949154,-4.16585169998096));
#2492=CARTESIAN_POINT('Ctrl Pts',(-2.6939631348306,5.2574378428079,-4.22550250655734));
#2493=CARTESIAN_POINT('Ctrl Pts',(0.154777064422968,5.90543259237998,-4.28515331313375));
#2494=CARTESIAN_POINT('Ctrl Pts',(2.96566258532634,5.10910319653171,-4.34480411971013));
#2495=CARTESIAN_POINT('Ctrl Pts',(5.05121968834487,3.06321231763196,-4.40445492628653));
#2496=CARTESIAN_POINT('Ctrl Pts',(5.90137219642945,0.268134746022587,-4.46410573286293));
#2497=CARTESIAN_POINT('Ctrl Pts',(5.30819363247477,-2.59252201590832,-4.52375653943931));
#2498=CARTESIAN_POINT('Ctrl Pts',(3.41676094199896,-4.81911140232777,-4.58340734601571));
#2499=CARTESIAN_POINT('Ctrl Pts',(0.689672226251424,-5.86706419456549,-4.64305815259211));
#2500=CARTESIAN_POINT('Ctrl Pts',(-2.2060934209856,-5.48007681156925,-4.70270895916849));
#2501=CARTESIAN_POINT('Ctrl Pts',(-4.56230266060331,-3.75279688710527,-4.7623597657449));
#2502=CARTESIAN_POINT('Ctrl Pts',(-5.80268443316513,-1.10767477714272,-4.82201057232128));
#2503=CARTESIAN_POINT('Ctrl Pts',(-5.62387174300638,1.80835744835727,-4.88166137889768));
#2504=CARTESIAN_POINT('Ctrl Pts',(-4.06959779372636,4.28210974171761,-4.94131218547407));
#2505=CARTESIAN_POINT('Ctrl Pts',(-1.51999991792932,5.70856289203418,-5.00096299205046));
#2506=CARTESIAN_POINT('Ctrl Pts',(1.40135270202196,5.73884140287484,-5.06061379862686));
#2507=CARTESIAN_POINT('Ctrl Pts',(3.97996878030343,4.36553989222723,-5.12026460520324));
#2508=CARTESIAN_POINT('Ctrl Pts',(5.58518199308844,1.92453426752791,-5.17991541177965));
#2509=CARTESIAN_POINT('Ctrl Pts',(5.82439651179325,-0.987165293271306,-5.23956621835604));
#2510=CARTESIAN_POINT('Ctrl Pts',(4.63910632522566,-3.65742840614063,-5.29921702493242));
#2511=CARTESIAN_POINT('Ctrl Pts',(2.31920437672147,-5.43317412769308,-5.35886783150883));
#2512=CARTESIAN_POINT('Ctrl Pts',(-0.567918148290202,-5.88009855526797,
-5.41851863808521));
#2513=CARTESIAN_POINT('Ctrl Pts',(-3.31614180660808,-4.88889492228782,-5.47816944466161));
#2514=CARTESIAN_POINT('Ctrl Pts',(-5.25331841535485,-2.7019873556437,-5.537820251238));
#2515=CARTESIAN_POINT('Ctrl Pts',(-5.90566203125497,0.145760127010448,-5.5974710578144));
#2516=CARTESIAN_POINT('Ctrl Pts',(-5.11362538688607,2.95785825332399,-5.65712186439079));
#2517=CARTESIAN_POINT('Ctrl Pts',(-3.07092124193911,5.04653671015964,-5.71677267096718));
#2518=CARTESIAN_POINT('Ctrl Pts',(-0.277144991314548,5.90095591383759,-5.77642347754358));
#2519=CARTESIAN_POINT('Ctrl Pts',(2.58441413699857,5.31214585793765,-5.83607428411997));
#2520=CARTESIAN_POINT('Ctrl Pts',(4.81388887426215,3.42411505810986,-5.89572509069636));
#2521=CARTESIAN_POINT('Ctrl Pts',(5.8660043277927,0.698629596124355,-5.95537589727276));
#2522=CARTESIAN_POINT('Ctrl Pts',(5.4834388078412,-2.19772355011987,-6.01502670384915));
#2523=CARTESIAN_POINT('Ctrl Pts',(3.75975851521105,-4.55656735504178,-6.07467751042554));
#2524=CARTESIAN_POINT('Ctrl Pts',(1.11653333327619,-5.80098640634526,-6.13432831700194));
#2525=CARTESIAN_POINT('Ctrl Pts',(-1.79976843238193,-5.62662629422143,-6.19397912357833));
#2526=CARTESIAN_POINT('Ctrl Pts',(-4.27589115900231,-4.07613122031985,-6.25362993015473));
#2527=CARTESIAN_POINT('Ctrl Pts',(-5.70623520508724,-1.52871431732593,-6.31328073673112));
#2528=CARTESIAN_POINT('Ctrl Pts',(-5.74097478846683,1.3925886848911,-6.37293154330751));
#2529=CARTESIAN_POINT('Ctrl Pts',(-4.37161085135078,3.9732985575641,-6.43258234988391));
#2530=CARTESIAN_POINT('Ctrl Pts',(-1.93306136829259,5.58223703913129,-6.4922331564603));
#2531=CARTESIAN_POINT('Ctrl Pts',(0.978274177369213,5.82589689195661,-6.55188396303669));
#2532=CARTESIAN_POINT('Ctrl Pts',(3.65033489573301,4.64468547124512,-6.61153476961309));
#2533=CARTESIAN_POINT('Ctrl Pts',(5.42963842193506,2.32749700697197,-6.67118557618948));
#2534=CARTESIAN_POINT('Ctrl Pts',(5.8809358882896,-0.558938722806715,-6.73083638276587));
#2535=CARTESIAN_POINT('Ctrl Pts',(4.89399741982349,-3.30867463504093,-6.79048718934227));
#2536=CARTESIAN_POINT('Ctrl Pts',(2.70991715334034,-5.24918415845744,-6.85013799591865));
#2537=CARTESIAN_POINT('Ctrl Pts',(-0.13656800483216,-5.90588227848217,-6.90978880249506));
#2538=CARTESIAN_POINT('Ctrl Pts',(-2.95041496359551,-5.11813182804549,-6.96943960907145));
#2539=CARTESIAN_POINT('Ctrl Pts',(-4.34402534759496,-3.75842273321071,-7.00920681345571));
#2540=CARTESIAN_POINT('Ctrl Pts',(-4.83590481800079,-2.95287474940627,-7.02909041564784));
#2541=CARTESIAN_POINT('Ctrl Pts',(-4.97713337014817,-2.99753427937619,-1.86290976316609));
#2542=CARTESIAN_POINT('Ctrl Pts',(-5.47645206768498,-2.16846094101672,-1.88279336535822));
#2543=CARTESIAN_POINT('Ctrl Pts',(-6.05224522576509,-0.256801452611983,
-1.92256056974249));
#2544=CARTESIAN_POINT('Ctrl Pts',(-5.43479604424234,2.67514042813228,-1.98221137631888));
#2545=CARTESIAN_POINT('Ctrl Pts',(-3.48847740294617,4.95210788192994,-2.04186218289527));
#2546=CARTESIAN_POINT('Ctrl Pts',(-0.688794661099539,6.01825649990142,-2.10151298947167));
#2547=CARTESIAN_POINT('Ctrl Pts',(2.27926547815462,5.61231165380292,-2.16116379604806));
#2548=CARTESIAN_POINT('Ctrl Pts',(4.68991641621167,3.83382236252751,-2.22081460262445));
#2549=CARTESIAN_POINT('Ctrl Pts',(5.95350657070313,1.11762831462725,-2.28046540920084));
#2550=CARTESIAN_POINT('Ctrl Pts',(5.76102616409252,-1.87188687552203,-2.34011621577724));
#2551=CARTESIAN_POINT('Ctrl Pts',(4.15953411166924,-4.40359633138808,-2.39976702235363));
#2552=CARTESIAN_POINT('Ctrl Pts',(1.54072486370781,-5.85828789932996,-2.45941782893003));
#2553=CARTESIAN_POINT('Ctrl Pts',(-1.45490945050324,-5.88018887657623,-2.51906863550642));
#2554=CARTESIAN_POINT('Ctrl Pts',(-4.09470778372724,-4.46393810971158,-2.57871944208282));
#2555=CARTESIAN_POINT('Ctrl Pts',(-5.73304129580198,-1.95591824940463,-2.6383702486592));
#2556=CARTESIAN_POINT('Ctrl Pts',(-5.96921314925912,1.0304717161715,-2.6980210552356));
#2557=CARTESIAN_POINT('Ctrl Pts',(-4.74546179836096,3.76483333107305,-2.75767186181199));
#2558=CARTESIAN_POINT('Ctrl Pts',(-2.36108668965334,5.57840904977607,-2.81732266838838));
#2559=CARTESIAN_POINT('Ctrl Pts',(0.600752356433508,6.02764251489905,-2.87697347496479));
#2560=CARTESIAN_POINT('Ctrl Pts',(3.41566210662042,5.00266230972441,-2.93662428154117));
#2561=CARTESIAN_POINT('Ctrl Pts',(5.39518457273896,2.75415344040956,-2.99627508811757));
#2562=CARTESIAN_POINT('Ctrl Pts',(6.05517706296695,-0.167953883921741,-3.05592589469396));
#2563=CARTESIAN_POINT('Ctrl Pts',(5.23422157676114,-3.04898380643419,-3.11557670127036));
#2564=CARTESIAN_POINT('Ctrl Pts',(3.13310371768776,-5.18430697958271,-3.17522750784675));
#2565=CARTESIAN_POINT('Ctrl Pts',(0.265705441117901,-6.05167566761747,-3.23487831442314));
#2566=CARTESIAN_POINT('Ctrl Pts',(-2.66667787706066,-5.43895273607235,-3.29452912099953));
#2567=CARTESIAN_POINT('Ctrl Pts',(-4.94685711282716,-3.49599520475865,-3.35417992757593));
#2568=CARTESIAN_POINT('Ctrl Pts',(-6.01715628297463,-0.698002888389401,
-3.41383073415232));
#2569=CARTESIAN_POINT('Ctrl Pts',(-5.61580642993465,2.27070383528284,-3.47348154072872));
#2570=CARTESIAN_POINT('Ctrl Pts',(-3.84096789575624,4.68405202680859,-3.53313234730511));
#2571=CARTESIAN_POINT('Ctrl Pts',(-1.12672270731629,5.95179583880789,-3.5927831538815));
#2572=CARTESIAN_POINT('Ctrl Pts',(1.8630912537646,5.76387619109021,-3.6524339604579));
#2573=CARTESIAN_POINT('Ctrl Pts',(4.397238734727,4.16625362596489,-3.71208476703428));
#2574=CARTESIAN_POINT('Ctrl Pts',(5.85592934129682,1.54966748555864,-3.77173557361068));
#2575=CARTESIAN_POINT('Ctrl Pts',(5.8824030849687,-1.44592935927262,-3.83138638018708));
#2576=CARTESIAN_POINT('Ctrl Pts',(4.47018513657445,-4.08788730407342,-3.89103718676346));
#2577=CARTESIAN_POINT('Ctrl Pts',(1.96466941087845,-5.73004815616895,-3.95068799333987));
#2578=CARTESIAN_POINT('Ctrl Pts',(-1.02135632378144,-5.97077959951023,-4.01033879991625));
#2579=CARTESIAN_POINT('Ctrl Pts',(-3.75758332203402,-4.75120462030716,-4.06998960649265));
#2580=CARTESIAN_POINT('Ctrl Pts',(-5.57479749005881,-2.36960138227725,-4.12964041306904));
#2581=CARTESIAN_POINT('Ctrl Pts',(-6.02855275905047,0.591548305213532,-4.18929121964543));
#2582=CARTESIAN_POINT('Ctrl Pts',(-5.00787170595593,3.40801976853749,-4.24894202622184));
#2583=CARTESIAN_POINT('Ctrl Pts',(-2.7623879125147,5.39097308348398,-4.30859283279822));
#2584=CARTESIAN_POINT('Ctrl Pts',(0.158708293505793,6.05542644605884,-4.36824363937462));
#2585=CARTESIAN_POINT('Ctrl Pts',(3.04098833884662,5.23887084103578,-4.42789444595101));
#2586=CARTESIAN_POINT('Ctrl Pts',(5.17951713226302,3.14101576606199,-4.4875452525274));
#2587=CARTESIAN_POINT('Ctrl Pts',(6.05126291889369,0.27494518086068,-4.5471960591038));
#2588=CARTESIAN_POINT('Ctrl Pts',(5.4430180346762,-2.65837026018683,-4.60684686568019));
#2589=CARTESIAN_POINT('Ctrl Pts',(3.50354427798202,-4.94151345827123,-4.66649767225659));
#2590=CARTESIAN_POINT('Ctrl Pts',(0.707189417985057,-6.01608351780011,-4.72614847883298));
#2591=CARTESIAN_POINT('Ctrl Pts',(-2.26212664947695,-5.61926692619085,-4.78579928540937));
#2592=CARTESIAN_POINT('Ctrl Pts',(-4.67818195428896,-3.84811530084811,-4.84545009198577));
#2593=CARTESIAN_POINT('Ctrl Pts',(-5.95006855552998,-1.13580894104139,-4.90510089856215));
#2594=CARTESIAN_POINT('Ctrl Pts',(-5.76671414822114,1.85428846158362,-4.96475170513856));
#2595=CARTESIAN_POINT('Ctrl Pts',(-4.17296272871717,4.39087233141591,-5.02440251171494));
#2596=CARTESIAN_POINT('Ctrl Pts',(-1.5586068517509,5.8535563931452,-5.08405331829134));
#2597=CARTESIAN_POINT('Ctrl Pts',(1.43694607961985,5.8846039569644,-5.14370412486774));
#2598=CARTESIAN_POINT('Ctrl Pts',(4.08105720109915,4.47642154934223,-5.20335493144412));
#2599=CARTESIAN_POINT('Ctrl Pts',(5.72704170574048,1.97341609063026,-5.26300573802052));
#2600=CARTESIAN_POINT('Ctrl Pts',(5.97233210575546,-1.01223860064371,-5.32265654459691));
#2601=CARTESIAN_POINT('Ctrl Pts',(4.75693637822541,-3.75032452723079,-5.3823073511733));
#2602=CARTESIAN_POINT('Ctrl Pts',(2.37811054430388,-5.57117294697899,-5.44195815774971));
#2603=CARTESIAN_POINT('Ctrl Pts',(-0.582342871678979,-6.02944894213957,
-5.50160896432608));
#2604=CARTESIAN_POINT('Ctrl Pts',(-3.40036948699182,-5.0130694307855,-5.5612597709025));
#2605=CARTESIAN_POINT('Ctrl Pts',(-5.38674902545747,-2.770615942919,-5.62091057747887));
#2606=CARTESIAN_POINT('Ctrl Pts',(-6.05566171252064,0.149462332195409,-5.68056138405527));
#2607=CARTESIAN_POINT('Ctrl Pts',(-5.24350789185934,3.03298578227494,-5.74021219063166));
#2608=CARTESIAN_POINT('Ctrl Pts',(-3.14892049164982,5.17471520971026,-5.79986299720806));
#2609=CARTESIAN_POINT('Ctrl Pts',(-0.28418428007533,6.05083606301543,-5.85951380378445));
#2610=CARTESIAN_POINT('Ctrl Pts',(2.65005644682879,5.44707064389903,-5.91916461036084));
#2611=CARTESIAN_POINT('Ctrl Pts',(4.93615828164884,3.51108518349382,-5.97881541693724));
#2612=CARTESIAN_POINT('Ctrl Pts',(6.01499673115326,0.716374298782043,-6.03846622351363));
#2613=CARTESIAN_POINT('Ctrl Pts',(5.62271431481449,-2.25354418975066,-6.09811703009003));
#2614=CARTESIAN_POINT('Ctrl Pts',(3.85525374943421,-4.67230097598124,-6.15776783666642));
#2615=CARTESIAN_POINT('Ctrl Pts',(1.14489249829912,-5.94832740001761,-6.21741864324281));
#2616=CARTESIAN_POINT('Ctrl Pts',(-1.84548129061536,-5.7695386631087,-6.27706944981921));
#2617=CARTESIAN_POINT('Ctrl Pts',(-4.38449580105303,-4.17966209977234,-6.33672025639559));
#2618=CARTESIAN_POINT('Ctrl Pts',(-5.85116958457932,-1.56754259079157,-6.39637106297199));
#2619=CARTESIAN_POINT('Ctrl Pts',(-5.88679152905692,1.42795946258923,-6.45602186954839));
#2620=CARTESIAN_POINT('Ctrl Pts',(-4.48264670657746,4.0742175593718,-6.51567267612478));
#2621=CARTESIAN_POINT('Ctrl Pts',(-1.98215977378487,5.72402195201449,-6.57532348270118));
#2622=CARTESIAN_POINT('Ctrl Pts',(1.00312165662203,5.97387059452462,-6.63497428927756));
#2623=CARTESIAN_POINT('Ctrl Pts',(3.74305084662472,4.76265723064802,-6.69462509585397));
#2624=CARTESIAN_POINT('Ctrl Pts',(5.56754743676993,2.38661380155739,-6.75427590243035));
#2625=CARTESIAN_POINT('Ctrl Pts',(6.03030754283377,-0.573135375074363,-6.81392670900675));
#2626=CARTESIAN_POINT('Ctrl Pts',(5.01830152818652,-3.39271265449435,-6.87357751558314));
#2627=CARTESIAN_POINT('Ctrl Pts',(2.77874715192579,-5.38250976132909,-6.93322832215953));
#2628=CARTESIAN_POINT('Ctrl Pts',(-0.140036736548846,-6.05588755387323,
-6.99287912873593));
#2629=CARTESIAN_POINT('Ctrl Pts',(-3.02535343819811,-5.24812879346942,-7.05252993531233));
#2630=CARTESIAN_POINT('Ctrl Pts',(-4.45436055033779,-3.8538840395062,-7.09229713969659));
#2631=CARTESIAN_POINT('Ctrl Pts',(-4.95873341494593,-3.02787570084647,-7.11218074188872));
#2632=CARTESIAN_POINT('Ctrl Pts',(-5.10041773684178,-3.07178366909354,-1.94600008940697));
#2633=CARTESIAN_POINT('Ctrl Pts',(-5.61210463607745,-2.22217405536012,-1.9658836915991));
#2634=CARTESIAN_POINT('Ctrl Pts',(-6.20216028012312,-0.263162464483035,
-2.00565089598336));
#2635=CARTESIAN_POINT('Ctrl Pts',(-5.56941678646357,2.74140407207577,-2.06530170255975));
#2636=CARTESIAN_POINT('Ctrl Pts',(-3.57488753009421,5.0747723633931,-2.12495250913615));
#2637=CARTESIAN_POINT('Ctrl Pts',(-0.705856211847799,6.16732964824023,-2.18460331571254));
#2638=CARTESIAN_POINT('Ctrl Pts',(2.33572323809456,5.75132948524708,-2.24425412228893));
#2639=CARTESIAN_POINT('Ctrl Pts',(4.8060863743419,3.92878673796798,-2.30390492886533));
#2640=CARTESIAN_POINT('Ctrl Pts',(6.10097585323786,1.14531214158558,-2.36355573544172));
#2641=CARTESIAN_POINT('Ctrl Pts',(5.90372767705688,-1.91825380419526,-2.42320654201811));
#2642=CARTESIAN_POINT('Ctrl Pts',(4.26256641772986,-4.51267409654215,-2.48285734859451));
#2643=CARTESIAN_POINT('Ctrl Pts',(1.57888885790789,-6.00339860058413,-2.5425081551709));
#2644=CARTESIAN_POINT('Ctrl Pts',(-1.49094778358823,-6.02584206843876,-2.60215896174729));
#2645=CARTESIAN_POINT('Ctrl Pts',(-4.19613433157504,-4.57451055008782,-2.66180976832369));
#2646=CARTESIAN_POINT('Ctrl Pts',(-5.87504961923179,-2.00436664826182,-2.72146057490008));
#2647=CARTESIAN_POINT('Ctrl Pts',(-6.11707148618445,1.05599666064773,-2.78111138147647));
#2648=CARTESIAN_POINT('Ctrl Pts',(-4.86300762423508,3.85808883748809,-2.84076218805287));
#2649=CARTESIAN_POINT('Ctrl Pts',(-2.41957117371168,5.71658710845227,-2.90041299462926));
#2650=CARTESIAN_POINT('Ctrl Pts',(0.615633085619266,6.17694815628731,-2.96006380120566));
#2651=CARTESIAN_POINT('Ctrl Pts',(3.50026858756781,5.12657903221683,-3.01971460778205));
#2652=CARTESIAN_POINT('Ctrl Pts',(5.52882413265806,2.82237424894053,-3.07936541435844));
#2653=CARTESIAN_POINT('Ctrl Pts',(6.20516473938789,-0.172114127715324,-3.13901622093483));
#2654=CARTESIAN_POINT('Ctrl Pts',(5.36387405826695,-3.12450760892858,-3.19866702751123));
#2655=CARTESIAN_POINT('Ctrl Pts',(3.21071118345055,-5.31272306876301,-3.25831783408762));
#2656=CARTESIAN_POINT('Ctrl Pts',(0.272287006167328,-6.20157661393171,-3.31796864066401));
#2657=CARTESIAN_POINT('Ctrl Pts',(-2.73273190229959,-5.57367644019589,-3.37761944724041));
#2658=CARTESIAN_POINT('Ctrl Pts',(-5.06939153192402,-3.58259154902535,-3.4372702538168));
#2659=CARTESIAN_POINT('Ctrl Pts',(-6.16620217876925,-0.715292528357977,
-3.4969210603932));
#2660=CARTESIAN_POINT('Ctrl Pts',(-5.75491082752644,2.32694952199893,-3.55657186696959));
#2661=CARTESIAN_POINT('Ctrl Pts',(-3.93610926716473,4.80007672310236,-3.61622267354598));
#2662=CARTESIAN_POINT('Ctrl Pts',(-1.15463180379419,6.09922274624785,-3.67587348012237));
#2663=CARTESIAN_POINT('Ctrl Pts',(1.90924031352064,5.906648299666,-3.73552428669877));
#2664=CARTESIAN_POINT('Ctrl Pts',(4.50615902122422,4.26945237543839,-3.79517509327516));
#2665=CARTESIAN_POINT('Ctrl Pts',(6.00098162070217,1.58805298989105,-3.85482589985156));
#2666=CARTESIAN_POINT('Ctrl Pts',(6.02811112311704,-1.48174525410292,-3.91447670642795));
#2667=CARTESIAN_POINT('Ctrl Pts',(4.58091231677647,-4.18914490758076,-3.97412751300434));
#2668=CARTESIAN_POINT('Ctrl Pts',(2.01333457736469,-5.87198233906511,-4.03377831958074));
#2669=CARTESIAN_POINT('Ctrl Pts',(-1.04665547857225,-6.1186767376516,-4.09342912615713));
#2670=CARTESIAN_POINT('Ctrl Pts',(-3.850659244599,-4.86889269677294,-4.15307993273352));
#2671=CARTESIAN_POINT('Ctrl Pts',(-5.7128860898398,-2.4282967765945,-4.21273073930992));
#2672=CARTESIAN_POINT('Ctrl Pts',(-6.17788094732776,0.606201048620875,-4.2723815458863));
#2673=CARTESIAN_POINT('Ctrl Pts',(-5.13191746600219,3.49243694758346,-4.33203235246271));
#2674=CARTESIAN_POINT('Ctrl Pts',(-2.83081269019881,5.52450832416006,-4.39168315903909));
#2675=CARTESIAN_POINT('Ctrl Pts',(0.162639522588626,6.20542029973769,-4.4513339656155));
#2676=CARTESIAN_POINT('Ctrl Pts',(3.11631409236691,5.36863848553987,-4.51098477219188));
#2677=CARTESIAN_POINT('Ctrl Pts',(5.30781457618118,3.21881921449201,-4.57063557876828));
#2678=CARTESIAN_POINT('Ctrl Pts',(6.20115364135792,0.281755615698777,-4.63028638534467));
#2679=CARTESIAN_POINT('Ctrl Pts',(5.57784243687763,-2.72421850446534,-4.68993719192106));
#2680=CARTESIAN_POINT('Ctrl Pts',(3.59032761396509,-5.06391551421469,-4.74958799849746));
#2681=CARTESIAN_POINT('Ctrl Pts',(0.724706609718694,-6.16510284103473,-4.80923880507385));
#2682=CARTESIAN_POINT('Ctrl Pts',(-2.31815987796832,-5.75845704081243,-4.86888961165024));
#2683=CARTESIAN_POINT('Ctrl Pts',(-4.7940612479746,-3.94343371459096,-4.92854041822664));
#2684=CARTESIAN_POINT('Ctrl Pts',(-6.09745267789484,-1.16394310494006,-4.98819122480303));
#2685=CARTESIAN_POINT('Ctrl Pts',(-5.90955655343589,1.90021947480997,-5.04784203137943));
#2686=CARTESIAN_POINT('Ctrl Pts',(-4.276327663708,4.49963492111421,-5.10749283795581));
#2687=CARTESIAN_POINT('Ctrl Pts',(-1.59721378557247,5.99854989425622,-5.16714364453221));
#2688=CARTESIAN_POINT('Ctrl Pts',(1.47253945721775,6.03036651105394,-5.22679445110861));
#2689=CARTESIAN_POINT('Ctrl Pts',(4.18214562189486,4.58730320645722,-5.28644525768499));
#2690=CARTESIAN_POINT('Ctrl Pts',(5.86890141839254,2.02229791373261,-5.3460960642614));
#2691=CARTESIAN_POINT('Ctrl Pts',(6.12026769971768,-1.03731190801611,-5.40574687083779));
#2692=CARTESIAN_POINT('Ctrl Pts',(4.87476643122516,-3.84322064832095,-5.46539767741417));
#2693=CARTESIAN_POINT('Ctrl Pts',(2.43701671188629,-5.70917176626489,-5.52504848399058));
#2694=CARTESIAN_POINT('Ctrl Pts',(-0.596767595067762,-6.17879932901117,
-5.58469929056696));
#2695=CARTESIAN_POINT('Ctrl Pts',(-3.48459716737555,-5.13724393928319,-5.64435009714337));
#2696=CARTESIAN_POINT('Ctrl Pts',(-5.52017963556009,-2.8392445301943,-5.70400090371975));
#2697=CARTESIAN_POINT('Ctrl Pts',(-6.2056613937863,0.153164537380375,-5.76365171029615));
#2698=CARTESIAN_POINT('Ctrl Pts',(-5.37339039683261,3.10811331122587,-5.82330251687254));
#2699=CARTESIAN_POINT('Ctrl Pts',(-3.22691974136051,5.30289370926089,-5.88295332344893));
#2700=CARTESIAN_POINT('Ctrl Pts',(-0.291223568836116,6.20071621219326,-5.94260413002532));
#2701=CARTESIAN_POINT('Ctrl Pts',(2.71569875665901,5.58199542986042,-6.00225493660172));
#2702=CARTESIAN_POINT('Ctrl Pts',(5.05842768903553,3.59805530887776,-6.06190574317811));
#2703=CARTESIAN_POINT('Ctrl Pts',(6.16398913451382,0.734119001439739,-6.12155654975451));
#2704=CARTESIAN_POINT('Ctrl Pts',(5.76198982178778,-2.30936482938146,-6.1812073563309));
#2705=CARTESIAN_POINT('Ctrl Pts',(3.95074898365738,-4.78803459692069,-6.24085816290729));
#2706=CARTESIAN_POINT('Ctrl Pts',(1.17325166332203,-6.09566839368997,-6.30050896948369));
#2707=CARTESIAN_POINT('Ctrl Pts',(-1.89119414884877,-5.91245103199596,-6.36015977606007));
#2708=CARTESIAN_POINT('Ctrl Pts',(-4.49310044310375,-4.28319297922484,-6.41981058263648));
#2709=CARTESIAN_POINT('Ctrl Pts',(-5.99610396407141,-1.6063708642572,-6.47946138921286));
#2710=CARTESIAN_POINT('Ctrl Pts',(-6.03260826964701,1.46333024028735,-6.53911219578926));
#2711=CARTESIAN_POINT('Ctrl Pts',(-4.59368256180415,4.17513656117951,-6.59876300236565));
#2712=CARTESIAN_POINT('Ctrl Pts',(-2.03125817927715,5.86580686489767,-6.65841380894205));
#2713=CARTESIAN_POINT('Ctrl Pts',(1.02796913587485,6.12184429709263,-6.71806461551843));
#2714=CARTESIAN_POINT('Ctrl Pts',(3.83576679751642,4.88062899005092,-6.77771542209484));
#2715=CARTESIAN_POINT('Ctrl Pts',(5.70545645160479,2.44573059614281,-6.83736622867122));
#2716=CARTESIAN_POINT('Ctrl Pts',(6.17967919737794,-0.58733202734202,-6.89701703524763));
#2717=CARTESIAN_POINT('Ctrl Pts',(5.14260563654954,-3.47675067394775,-6.95666784182401));
#2718=CARTESIAN_POINT('Ctrl Pts',(2.84757715051124,-5.51583536420076,-7.01631864840041));
#2719=CARTESIAN_POINT('Ctrl Pts',(-0.143505468265538,-6.20589282926427,
-7.0759694549768));
#2720=CARTESIAN_POINT('Ctrl Pts',(-3.10029191280071,-5.37812575889335,-7.13562026155319));
#2721=CARTESIAN_POINT('Ctrl Pts',(-4.56469575308063,-3.94934534580168,-7.17538746593746));
#2722=CARTESIAN_POINT('Ctrl Pts',(-5.08156201189105,-3.10287665228667,-7.19527106812959));
#2723=CARTESIAN_POINT('Ctrl Pts',(5.95412209970102,-0.000147991890203128,
-6.88570618077302));
#2724=CARTESIAN_POINT('Ctrl Pts',(5.95431556987144,-0.188194631692696,-6.88947646559789));
#2725=CARTESIAN_POINT('Ctrl Pts',(5.94558423478536,-0.376223390282054,-6.89324675042276));
#2726=CARTESIAN_POINT('Ctrl Pts',(5.92779647961102,-0.563391364528802,-6.89701703524762));
#2727=CARTESIAN_POINT('Ctrl Pts',(5.85076440594806,-1.37394542479129,-6.91334471996741));
#2728=CARTESIAN_POINT('Ctrl Pts',(5.60388550030264,-2.16835607604807,-6.92967240468719));
#2729=CARTESIAN_POINT('Ctrl Pts',(5.21053970869317,-2.88140549450307,-6.94600008940697));
#2730=CARTESIAN_POINT('',(-0.135905339612795,5.52074145106039,-1.94600008940697));
#2731=CARTESIAN_POINT('Ctrl Pts',(-0.135905339612795,5.52074145106039,-1.94600008940697));
#2732=CARTESIAN_POINT('Ctrl Pts',(-0.30096563992111,5.52302806281315,-1.94600008940697));
#2733=CARTESIAN_POINT('Ctrl Pts',(-0.465863145238032,5.51788972896577,-1.94600008940697));
#2734=CARTESIAN_POINT('Ctrl Pts',(-0.630100148271959,5.50527481757162,-1.94600008940697));
#2735=CARTESIAN_POINT('Ctrl Pts',(-0.78876824621093,5.49308764927456,-1.94600008940697));
#2736=CARTESIAN_POINT('Ctrl Pts',(-0.946820701575212,5.47392230082847,-1.94600008940697));
#2737=CARTESIAN_POINT('Ctrl Pts',(-1.10384711329729,5.44797315619548,-1.94600008940697));
#2738=CARTESIAN_POINT('Ctrl Pts',(-1.1991041769239,5.43223160485866,-1.94600008940697));
#2739=CARTESIAN_POINT('Ctrl Pts',(-1.29398370047788,5.41399257141493,-1.94600008940697));
#2740=CARTESIAN_POINT('Ctrl Pts',(-1.3883932345389,5.39329020102044,-1.94600008940697));
#2741=CARTESIAN_POINT('Ctrl Pts',(-1.44277842432564,5.38136447387712,-1.94600008940697));
#2742=CARTESIAN_POINT('Ctrl Pts',(-1.49700763317325,5.36862118459057,-1.94600008940697));
#2743=CARTESIAN_POINT('Ctrl Pts',(-1.55106295334527,5.3550658478592,-1.94600008940697));
#2744=CARTESIAN_POINT('Ctrl Pts',(-1.58358612268403,5.34691008242195,-1.94600008940697));
#2745=CARTESIAN_POINT('Ctrl Pts',(-1.61605111131181,5.33845895822239,-1.94600008940697));
#2746=CARTESIAN_POINT('Ctrl Pts',(-1.64842470591201,5.32972173756836,-1.94600008940697));
#2747=CARTESIAN_POINT('Ctrl Pts',(-1.80422781172201,5.28767246466998,-1.94600008940697));
#2748=CARTESIAN_POINT('Ctrl Pts',(-1.95803049167817,5.23897393649468,-1.94600008940697));
#2749=CARTESIAN_POINT('Ctrl Pts',(-2.10941426296733,5.18383315005699,-1.94600008940697));
#2750=CARTESIAN_POINT('Ctrl Pts',(-2.26112037209881,5.12857495366198,-1.94600008940697));
#2751=CARTESIAN_POINT('Ctrl Pts',(-2.41039799825507,5.066846826764,-1.94600008940697));
#2752=CARTESIAN_POINT('Ctrl Pts',(-2.55681658296722,4.99880556045807,-1.94600008940697));
#2753=CARTESIAN_POINT('Ctrl Pts',(-2.67671944458837,4.94308625027318,-1.94600008940697));
#2754=CARTESIAN_POINT('Ctrl Pts',(-2.79470502918723,4.88313231764116,-1.94600008940697));
#2755=CARTESIAN_POINT('Ctrl Pts',(-2.9105269469103,4.81900567012804,-1.94600008940697));
#2756=CARTESIAN_POINT('Ctrl Pts',(-2.93074773377258,4.8078101097622,-1.94600008940697));
#2757=CARTESIAN_POINT('Ctrl Pts',(-2.95090254343118,4.79648731339345,-1.94600008940697));
#2758=CARTESIAN_POINT('Ctrl Pts',(-2.97099002615929,4.78503754536934,-1.94600008940697));
#2759=CARTESIAN_POINT('Ctrl Pts',(-2.99255324094745,4.77274661720674,-1.94600008940697));
#2760=CARTESIAN_POINT('Ctrl Pts',(-3.01403218384889,4.76031314666705,-1.94600008940697));
#2761=CARTESIAN_POINT('Ctrl Pts',(-3.03541823246667,4.74774199935715,-1.94600008940697));
#2762=CARTESIAN_POINT('Ctrl Pts',(-3.10822277775896,4.70494603082375,-1.94600008940697));
#2763=CARTESIAN_POINT('Ctrl Pts',(-3.17997668734835,4.66054004972942,-1.94600008940697));
#2764=CARTESIAN_POINT('Ctrl Pts',(-3.25062238464076,4.61455261452202,-1.94600008940697));
#2765=CARTESIAN_POINT('Ctrl Pts',(-3.38495365846738,4.52710849565576,-1.94600008940697));
#2766=CARTESIAN_POINT('Ctrl Pts',(-3.51527943067229,4.43394948911879,-1.94600008940697));
#2767=CARTESIAN_POINT('Ctrl Pts',(-3.64135955446011,4.33547003259229,-1.94600008940697));
#2768=CARTESIAN_POINT('Ctrl Pts',(-3.76902005331015,4.23575616676669,-1.94600008940697));
#2769=CARTESIAN_POINT('Ctrl Pts',(-3.89232835911401,4.130587209529,-1.94600008940697));
#2770=CARTESIAN_POINT('Ctrl Pts',(-4.0110103956259,4.02032522951321,-1.94600008940697));
#2771=CARTESIAN_POINT('Ctrl Pts',(-4.12568830206928,3.91378330117981,-1.94600008940697));
#2772=CARTESIAN_POINT('Ctrl Pts',(-4.23604713820039,3.80248554179959,-1.94600008940697));
#2773=CARTESIAN_POINT('Ctrl Pts',(-4.34181067496721,3.68672323176865,-1.94600008940697));
#2774=CARTESIAN_POINT('Ctrl Pts',(-4.42113332754232,3.59990149924544,-1.94600008940697));
#2775=CARTESIAN_POINT('Ctrl Pts',(-4.49787058332608,3.51056770525107,-1.94600008940697));
#2776=CARTESIAN_POINT('Ctrl Pts',(-4.57189306098157,3.4188341840576,-1.94600008940697));
#2777=CARTESIAN_POINT('Ctrl Pts',(-4.5914546726129,3.39459214877323,-1.94600008940697));
#2778=CARTESIAN_POINT('Ctrl Pts',(-4.61082662833276,3.3701824817676,-1.94600008940697));
#2779=CARTESIAN_POINT('Ctrl Pts',(-4.63000639495061,3.34560716678456,-1.94600008940697));
#2780=CARTESIAN_POINT('Ctrl Pts',(-4.64339857678735,3.32844756867758,-1.94600008940697));
#2781=CARTESIAN_POINT('Ctrl Pts',(-4.65669203607119,3.31121360467257,-1.94600008940697));
#2782=CARTESIAN_POINT('Ctrl Pts',(-4.66988258189835,3.29391084988214,-1.94600008940697));
#2783=CARTESIAN_POINT('Ctrl Pts',(-4.76983879612559,3.16279285922302,-1.94600008940697));
#2784=CARTESIAN_POINT('Ctrl Pts',(-4.86395377534845,3.027643742243,-1.94600008940697));
#2785=CARTESIAN_POINT('Ctrl Pts',(-4.95196286688925,2.88884761341543,-1.94600008940697));
#2786=CARTESIAN_POINT('Ctrl Pts',(-5.02452879580838,2.77440636828472,-1.94600008940697));
#2787=CARTESIAN_POINT('Ctrl Pts',(-5.09294329815725,2.65748472996781,-1.94600008940697));
#2788=CARTESIAN_POINT('Ctrl Pts',(-5.15704008988055,2.53827831774742,-1.94600008940697));
#2789=CARTESIAN_POINT('Ctrl Pts',(-5.23447312627077,2.39426932436044,-1.94600008940697));
#2790=CARTESIAN_POINT('Ctrl Pts',(-5.30560635817753,2.24692629385064,-1.94600008940697));
#2791=CARTESIAN_POINT('Ctrl Pts',(-5.37037301775557,2.09670033531078,-1.94600008940697));
#2792=CARTESIAN_POINT('Ctrl Pts',(-5.43541542219133,1.94583478788628,-1.94600008940697));
#2793=CARTESIAN_POINT('Ctrl Pts',(-5.49403717911136,1.79206101152791,-1.94600008940697));
#2794=CARTESIAN_POINT('Ctrl Pts',(-5.54612294002928,1.63581417790289,-1.94600008940697));
#2795=CARTESIAN_POINT('Ctrl Pts',(-5.57139383974062,1.56000654846317,-1.94600008940697));
#2796=CARTESIAN_POINT('Ctrl Pts',(-5.59512543916743,1.48361650621655,-1.94600008940697));
#2797=CARTESIAN_POINT('Ctrl Pts',(-5.61730026523056,1.40669268219965,-1.94600008940697));
#2798=CARTESIAN_POINT('Ctrl Pts',(-5.62314012775008,1.38643436966741,-1.94600008940697));
#2799=CARTESIAN_POINT('Ctrl Pts',(-5.62887260378307,1.36613685451276,-1.94600008940697));
#2800=CARTESIAN_POINT('Ctrl Pts',(-5.63449540131555,1.34580805262178,-1.94600008940697));
#2801=CARTESIAN_POINT('Ctrl Pts',(-5.67868721842154,1.18603585916116,-1.94600008940697));
#2802=CARTESIAN_POINT('Ctrl Pts',(-5.71600705127171,1.02470396242897,-1.94600008940697));
#2803=CARTESIAN_POINT('Ctrl Pts',(-5.74642528577118,0.862285496089686,-1.94600008940697));
#2804=CARTESIAN_POINT('Ctrl Pts',(-5.77703723325455,0.698832697341786,-1.94600008940697));
#2805=CARTESIAN_POINT('Ctrl Pts',(-5.80065964112761,0.534278733341097,-1.94600008940697));
#2806=CARTESIAN_POINT('Ctrl Pts',(-5.81721485527931,0.369082654181576,-1.94600008940697));
#2807=CARTESIAN_POINT('Ctrl Pts',(-5.83371310466327,0.204454997525835,-1.94600008940697));
#2808=CARTESIAN_POINT('Ctrl Pts',(-5.8431928877501,0.0391888989396592,-1.94600008940697));
#2809=CARTESIAN_POINT('Ctrl Pts',(-5.84552733935087,-0.126273334370664,
-1.94600008940697));
#2810=CARTESIAN_POINT('Ctrl Pts',(-5.84609862986024,-0.16676550114697,-1.94600008940697));
#2811=CARTESIAN_POINT('Ctrl Pts',(-5.84624175384402,-0.20726944130603,-1.94600008940697));
#2812=CARTESIAN_POINT('Ctrl Pts',(-5.84595437442366,-0.247778704658461,
-1.94600008940697));
#2813=CARTESIAN_POINT('Ctrl Pts',(-5.84508332812081,-0.370562180348994,
-1.94600008940697));
#2814=CARTESIAN_POINT('Ctrl Pts',(-5.84025842821466,-0.493394677294328,
-1.94600008940697));
#2815=CARTESIAN_POINT('Ctrl Pts',(-5.83152644996036,-0.616103780423781,
-1.94600008940697));
#2816=CARTESIAN_POINT('Ctrl Pts',(-5.82770620947411,-0.669789013042917,
-1.94600008940697));
#2817=CARTESIAN_POINT('Ctrl Pts',(-5.82313792821588,-0.723450606951273,
-1.94600008940697));
#2818=CARTESIAN_POINT('Ctrl Pts',(-5.81782459289754,-0.777073975417135,
-1.94600008940697));
#2819=CARTESIAN_POINT('Ctrl Pts',(-5.81447947232163,-0.81083368047203,-1.94600008940697));
#2820=CARTESIAN_POINT('Ctrl Pts',(-5.81083903139926,-0.844578232280705,
-1.94600008940697));
#2821=CARTESIAN_POINT('Ctrl Pts',(-5.80690390220907,-0.878303962406062,
-1.94600008940697));
#2822=CARTESIAN_POINT('Ctrl Pts',(-5.80454891848656,-0.898487174096468,
-1.94600008940697));
#2823=CARTESIAN_POINT('Ctrl Pts',(-5.80208846568974,-0.918662636585941,
-1.94600008940697));
#2824=CARTESIAN_POINT('Ctrl Pts',(-5.79952442582483,-0.938817005265675,
-1.94600008940697));
#2825=CARTESIAN_POINT('Ctrl Pts',(-5.77862137706691,-1.10312324596136,-1.94600008940697));
#2826=CARTESIAN_POINT('Ctrl Pts',(-5.75081271166765,-1.26624921678963,-1.94600008940697));
#2827=CARTESIAN_POINT('Ctrl Pts',(-5.71630844884404,-1.42778072085902,-1.94600008940697));
#2828=CARTESIAN_POINT('Ctrl Pts',(-5.68123784371484,-1.59196355311087,-1.94600008940697));
#2829=CARTESIAN_POINT('Ctrl Pts',(-5.63925000148622,-1.75449985171847,-1.94600008940697));
#2830=CARTESIAN_POINT('Ctrl Pts',(-5.59051191238443,-1.91495707616141,-1.94600008940697));
#2831=CARTESIAN_POINT('Ctrl Pts',(-5.54175728819755,-2.07546873798397,-1.94600008940697));
#2832=CARTESIAN_POINT('Ctrl Pts',(-5.48624766751063,-2.23390064699625,-1.94600008940697));
#2833=CARTESIAN_POINT('Ctrl Pts',(-5.424098833796,-2.38981133254284,-1.94600008940697));
#2834=CARTESIAN_POINT('Ctrl Pts',(-5.36273243597359,-2.54375914752436,-1.94600008940697));
#2835=CARTESIAN_POINT('Ctrl Pts',(-5.29489269264479,-2.69524949402184,-1.94600008940697));
#2836=CARTESIAN_POINT('Ctrl Pts',(-5.22064427393958,-2.84383870505206,-1.94600008940697));
#2837=CARTESIAN_POINT('Ctrl Pts',(-5.18227915493,-2.92061667371625,-1.94600008940697));
#2838=CARTESIAN_POINT('Ctrl Pts',(-5.14220222493562,-2.99661969422439,-1.94600008940697));
#2839=CARTESIAN_POINT('Ctrl Pts',(-5.10041773684181,-3.0717836690935,-1.94600008940697));
#2840=CARTESIAN_POINT('Ctrl Pts',(-0.135905339612795,5.52074145106039,-1.94600008940697));
#2841=CARTESIAN_POINT('Ctrl Pts',(0.619179668061806,5.53854412697687,-1.96232777412675));
#2842=CARTESIAN_POINT('Ctrl Pts',(2.30293507690552,5.23350853138843,-1.99853906103866));
#2843=CARTESIAN_POINT('Ctrl Pts',(4.45757649995122,3.64389361164655,-2.0546339501427));
#2844=CARTESIAN_POINT('Ctrl Pts',(5.40689431838465,1.60325456517323,-2.10178463630407));
#2845=CARTESIAN_POINT('Ctrl Pts',(5.52211900528042,0.341737615790145,-2.1290517202733));
#2846=CARTESIAN_POINT('Ctrl Pts',(5.52189654376885,9.94647686070049E-5,
-2.1364352020504));
#2847=CARTESIAN_POINT('Origin',(1.26377987262832E-15,2.82525377547347E-16,
-1.94600008940697));
#2848=CARTESIAN_POINT('',(5.17486121466241,1.92770756897479,-1.94600008940697));
#2849=CARTESIAN_POINT('Ctrl Pts',(-0.953775096337426,-5.87728976551273,
-1.94600008940697));
#2850=CARTESIAN_POINT('Ctrl Pts',(-0.786966501968221,-5.89862342840221,
-1.94600008940697));
#2851=CARTESIAN_POINT('Ctrl Pts',(-0.619512935932386,-5.91283523247076,
-1.94600008940697));
#2852=CARTESIAN_POINT('Ctrl Pts',(-0.451843706753902,-5.91978789970514,
-1.94600008940697));
#2853=CARTESIAN_POINT('Ctrl Pts',(-0.44265057134315,-5.9201691074656,-1.94600008940697));
#2854=CARTESIAN_POINT('Ctrl Pts',(-0.433456786369517,-5.92052847968663,
-1.94600008940697));
#2855=CARTESIAN_POINT('Ctrl Pts',(-0.424262422275859,-5.92086598919511,
-1.94600008940697));
#2856=CARTESIAN_POINT('Ctrl Pts',(-0.256219801408161,-5.92703454873822,
-1.94600008940697));
#2857=CARTESIAN_POINT('Ctrl Pts',(-0.0879833646985746,-5.9259044921161,
-1.94600008940697));
#2858=CARTESIAN_POINT('Ctrl Pts',(0.0799930515371369,-5.91758514872878,
-1.94600008940697));
#2859=CARTESIAN_POINT('Ctrl Pts',(0.181375264551668,-5.91256400669982,-1.94600008940697));
#2860=CARTESIAN_POINT('Ctrl Pts',(0.282662709880487,-5.90492298215766,-1.94600008940697));
#2861=CARTESIAN_POINT('Ctrl Pts',(0.383753886483883,-5.89467710789358,-1.94600008940697));
#2862=CARTESIAN_POINT('Ctrl Pts',(0.443097415942665,-5.888662474751,-1.94600008940697));
#2863=CARTESIAN_POINT('Ctrl Pts',(0.502373278269703,-5.8817500744859,-1.94600008940696));
#2864=CARTESIAN_POINT('Ctrl Pts',(0.561560578915644,-5.8739418968664,-1.94600008940696));
#2865=CARTESIAN_POINT('Ctrl Pts',(0.598562355725319,-5.86906050436474,-1.94600008940696));
#2866=CARTESIAN_POINT('Ctrl Pts',(0.635536050856357,-5.86382791350327,-1.94600008940697));
#2867=CARTESIAN_POINT('Ctrl Pts',(0.672441580661009,-5.85825003051812,-1.94600008940697));
#2868=CARTESIAN_POINT('Ctrl Pts',(0.838053043515525,-5.8332195983392,-1.94600008940697));
#2869=CARTESIAN_POINT('Ctrl Pts',(1.00239401997454,-5.8012292598568,-1.94600008940697));
#2870=CARTESIAN_POINT('Ctrl Pts',(1.16501865780187,-5.7623959672253,-1.94600008940697));
#2871=CARTESIAN_POINT('Ctrl Pts',(1.32704738585651,-5.72370497245772,-1.94600008940697));
#2872=CARTESIAN_POINT('Ctrl Pts',(1.48737304683283,-5.67822085913308,-1.94600008940697));
#2873=CARTESIAN_POINT('Ctrl Pts',(1.64554039304795,-5.62600984795961,-1.94600008940697));
#2874=CARTESIAN_POINT('Ctrl Pts',(1.77848569233594,-5.58212462972282,-1.94600008940697));
#2875=CARTESIAN_POINT('Ctrl Pts',(1.90990611435686,-5.53348595165874,-1.94600008940697));
#2876=CARTESIAN_POINT('Ctrl Pts',(2.03951789740923,-5.4801075994103,-1.94600008940697));
#2877=CARTESIAN_POINT('Ctrl Pts',(2.06352168015906,-5.47022206014265,-1.94600008940697));
#2878=CARTESIAN_POINT('Ctrl Pts',(2.08746338812754,-5.46017389648146,-1.94600008940697));
#2879=CARTESIAN_POINT('Ctrl Pts',(2.11134115884282,-5.44996311151832,-1.94600008940697));
#2880=CARTESIAN_POINT('Ctrl Pts',(2.12978828781492,-5.44207461684403,-1.94600008940697));
#2881=CARTESIAN_POINT('Ctrl Pts',(2.14819505505985,-5.43408996793195,-1.94600008940697));
#2882=CARTESIAN_POINT('Ctrl Pts',(2.16655269876915,-5.42601280932074,-1.94600008940697));
#2883=CARTESIAN_POINT('Ctrl Pts',(2.2527390428312,-5.38809177859736,-1.94600008940697));
#2884=CARTESIAN_POINT('Ctrl Pts',(2.33789357203593,-5.34811046624951,-1.94600008940697));
#2885=CARTESIAN_POINT('Ctrl Pts',(2.42193853815226,-5.30608939419162,-1.94600008940697));
#2886=CARTESIAN_POINT('Ctrl Pts',(2.56918806404488,-5.23246710336387,-1.94600008940697));
#2887=CARTESIAN_POINT('Ctrl Pts',(2.71303313547568,-5.15258620854633,-1.94600008940697));
#2888=CARTESIAN_POINT('Ctrl Pts',(2.85316315959161,-5.06678573314237,-1.94600008940697));
#2889=CARTESIAN_POINT('Ctrl Pts',(2.99429707813586,-4.9803705813352,-1.94600008940697));
#2890=CARTESIAN_POINT('Ctrl Pts',(3.13166311619584,-4.88795025564991,-1.94600008940697));
#2891=CARTESIAN_POINT('Ctrl Pts',(3.26491547189604,-4.78982669627048,-1.94600008940697));
#2892=CARTESIAN_POINT('Ctrl Pts',(3.39227104321095,-4.69604537511818,-1.94600008940697));
#2893=CARTESIAN_POINT('Ctrl Pts',(3.51586919809094,-4.5970537358748,-1.94600008940697));
#2894=CARTESIAN_POINT('Ctrl Pts',(3.63537656626762,-4.49308392190916,-1.94600008940697));
#2895=CARTESIAN_POINT('Ctrl Pts',(3.72500709240013,-4.41510656143493,-1.94600008940697));
#2896=CARTESIAN_POINT('Ctrl Pts',(3.81233596152141,-4.33432831250031,-1.94600008940697));
#2897=CARTESIAN_POINT('Ctrl Pts',(3.89720882478344,-4.25083787978486,-1.94600008940697));
#2898=CARTESIAN_POINT('Ctrl Pts',(3.9169852439423,-4.23138358391602,-1.94600008940697));
#2899=CARTESIAN_POINT('Ctrl Pts',(3.93662825997951,-4.21178200105696,-1.94600008940697));
#2900=CARTESIAN_POINT('Ctrl Pts',(3.95613581742587,-4.19203420146437,-1.94600008940697));
#2901=CARTESIAN_POINT('Ctrl Pts',(3.97140298550064,-4.17657901306797,-1.94600008940697));
#2902=CARTESIAN_POINT('Ctrl Pts',(3.98658784244907,-4.16103350817386,-1.94600008940697));
#2903=CARTESIAN_POINT('Ctrl Pts',(4.00167774980018,-4.14541046405087,-1.94600008940697));
#2904=CARTESIAN_POINT('Ctrl Pts',(4.11576756548801,-4.02728977695844,-1.94600008940697));
#2905=CARTESIAN_POINT('Ctrl Pts',(4.22459112935237,-3.90458087840049,-1.94600008940697));
#2906=CARTESIAN_POINT('Ctrl Pts',(4.32783065469805,-3.77759187921028,-1.94600008940697));
#2907=CARTESIAN_POINT('Ctrl Pts',(4.4181214230841,-3.66653040081751,-1.94600008940697));
#2908=CARTESIAN_POINT('Ctrl Pts',(4.50414081581241,-3.55219429296054,-1.94600008940697));
#2909=CARTESIAN_POINT('Ctrl Pts',(4.58565202985703,-3.43476771083221,-1.94600008940697));
#2910=CARTESIAN_POINT('Ctrl Pts',(4.67895987656928,-3.30034667866388,-1.94600008940697));
#2911=CARTESIAN_POINT('Ctrl Pts',(4.76636140337422,-3.16187588684621,-1.94600008940696));
#2912=CARTESIAN_POINT('Ctrl Pts',(4.84769670397309,-3.01978864762458,-1.94600008940696));
#2913=CARTESIAN_POINT('Ctrl Pts',(4.92883645616314,-2.87804301817559,-1.94600008940696));
#2914=CARTESIAN_POINT('Ctrl Pts',(5.00393934980869,-2.73269757917681,-1.94600008940697));
#2915=CARTESIAN_POINT('Ctrl Pts',(5.07279770377714,-2.58416605160238,-1.94600008940697));
#2916=CARTESIAN_POINT('Ctrl Pts',(5.10539849911648,-2.51384421477613,-1.94600008940697));
#2917=CARTESIAN_POINT('Ctrl Pts',(5.13659883505507,-2.44280803800328,-1.94600008940697));
#2918=CARTESIAN_POINT('Ctrl Pts',(5.16637259635654,-2.37110085242659,-1.94600008940697));
#2919=CARTESIAN_POINT('Ctrl Pts',(5.17406557180531,-2.35257307514793,-1.94600008940697));
#2920=CARTESIAN_POINT('Ctrl Pts',(5.18166415176418,-2.33399836576663,-1.94600008940697));
#2921=CARTESIAN_POINT('Ctrl Pts',(5.1891650535419,-2.31538444294672,-1.94600008940697));
#2922=CARTESIAN_POINT('Ctrl Pts',(5.24991505711604,-2.1646297855272,-1.94600008940697));
#2923=CARTESIAN_POINT('Ctrl Pts',(5.30413680196276,-2.01161971479742,-1.94600008940697));
#2924=CARTESIAN_POINT('Ctrl Pts',(5.35171448639797,-1.85679080575862,-1.94600008940697));
#2925=CARTESIAN_POINT('Ctrl Pts',(5.39932169365273,-1.70186582256246,-1.94600008940697));
#2926=CARTESIAN_POINT('Ctrl Pts',(5.44027681986297,-1.5451190126816,-1.94600008940697));
#2927=CARTESIAN_POINT('Ctrl Pts',(5.47441497897765,-1.38696981185465,-1.94600008940697));
#2928=CARTESIAN_POINT('Ctrl Pts',(5.50817920404342,-1.23055290628116,-1.94600008940697));
#2929=CARTESIAN_POINT('Ctrl Pts',(5.53527511614245,-1.07276345942198,-1.94600008940697));
#2930=CARTESIAN_POINT('Ctrl Pts',(5.55549287320598,-0.914000427803699,-1.94600008940697));
#2931=CARTESIAN_POINT('Ctrl Pts',(5.56021835839652,-0.876892832121361,-1.94600008940697));
#2932=CARTESIAN_POINT('Ctrl Pts',(5.56456787008127,-0.839732045920663,-1.94600008940697));
#2933=CARTESIAN_POINT('Ctrl Pts',(5.5685383141732,-0.802523171617795,-1.94600008940697));
#2934=CARTESIAN_POINT('Ctrl Pts',(5.5808477939893,-0.687165323325358,-1.94600008940697));
#2935=CARTESIAN_POINT('Ctrl Pts',(5.58951477508392,-0.571345059100188,-1.94600008940697));
#2936=CARTESIAN_POINT('Ctrl Pts',(5.59454893660466,-0.455229417794234,-1.94600008940697));
#2937=CARTESIAN_POINT('Ctrl Pts',(5.59677587659421,-0.403863849968967,-1.94600008940697));
#2938=CARTESIAN_POINT('Ctrl Pts',(5.59829174333793,-0.35244051656796,-1.94600008940697));
#2939=CARTESIAN_POINT('Ctrl Pts',(5.59909654270414,-0.300974099012755,-1.94600008940697));
#2940=CARTESIAN_POINT('Ctrl Pts',(5.59963135808481,-0.266772988956297,-1.94600008940697));
#2941=CARTESIAN_POINT('Ctrl Pts',(5.5998521531758,-0.232552855918424,-1.94600008940697));
#2942=CARTESIAN_POINT('Ctrl Pts',(5.59975880678408,-0.198318052970496,-1.94600008940697));
#2943=CARTESIAN_POINT('Ctrl Pts',(5.59970400794474,-0.178220570549807,-1.94600008940697));
#2944=CARTESIAN_POINT('Ctrl Pts',(5.59954090253397,-0.158119098285162,-1.94600008940697));
#2945=CARTESIAN_POINT('Ctrl Pts',(5.59926979859957,-0.138027459934401,-1.94600008940697));
#2946=CARTESIAN_POINT('Ctrl Pts',(5.59711513988256,0.0216552971823504,-1.94600008940697));
#2947=CARTESIAN_POINT('Ctrl Pts',(5.58814291181304,0.180934757184279,-1.94600008940697));
#2948=CARTESIAN_POINT('Ctrl Pts',(5.57247436541142,0.339382526453735,-1.94600008940697));
#2949=CARTESIAN_POINT('Ctrl Pts',(5.55668628892044,0.499039040652948,-1.94600008940697));
#2950=CARTESIAN_POINT('Ctrl Pts',(5.53409924366454,0.657851876842375,-1.94600008940697));
#2951=CARTESIAN_POINT('Ctrl Pts',(5.50478487465064,0.815380019760062,-1.94600008940697));
#2952=CARTESIAN_POINT('Ctrl Pts',(5.47562862815292,0.97205845152357,-1.94600008940697));
#2953=CARTESIAN_POINT('Ctrl Pts',(5.43981725114002,1.12746673307514,-1.94600008940697));
#2954=CARTESIAN_POINT('Ctrl Pts',(5.39737185088095,1.28115723641128,-1.94600008940697));
#2955=CARTESIAN_POINT('Ctrl Pts',(5.35572726798444,1.43194806103588,-1.94600008940697));
#2956=CARTESIAN_POINT('Ctrl Pts',(5.30769636922942,1.58108592302231,-1.94600008940697));
#2957=CARTESIAN_POINT('Ctrl Pts',(5.25325486801764,1.72812509284886,-1.94600008940697));
#2958=CARTESIAN_POINT('Ctrl Pts',(5.22845611986787,1.79510317500158,-1.94600008940697));
#2959=CARTESIAN_POINT('Ctrl Pts',(5.20232663962079,1.86164542398482,-1.94600008940697));
#2960=CARTESIAN_POINT('Ctrl Pts',(5.17486121466241,1.92770756897477,-1.94600008940697));
#2961=CARTESIAN_POINT('Origin',(0.,0.,-1.94600008940697));
#2962=CARTESIAN_POINT('Origin',(0.,0.,1.38643520205039));
#2963=CARTESIAN_POINT('Ctrl Pts',(5.17486121466241,1.92770756897479,-1.94600008940697));
#2964=CARTESIAN_POINT('Ctrl Pts',(5.40399449191571,1.31260757739402,-1.96018832558784));
#2965=CARTESIAN_POINT('Ctrl Pts',(5.52125190753211,0.65608663976747,-1.97437656176872));
#2966=CARTESIAN_POINT('Ctrl Pts',(5.52199529366703,-0.000222712618993259,
-1.9885647979496));
#2967=CARTESIAN_POINT('Ctrl Pts',(5.5794510701435,2.07842290111386,-1.69672911068434));
#2968=CARTESIAN_POINT('Ctrl Pts',(5.92566743305723,1.14901760273837,-1.71661271287648));
#2969=CARTESIAN_POINT('Ctrl Pts',(6.14430298251024,-0.885211775080406,-1.75637991726074));
#2970=CARTESIAN_POINT('Ctrl Pts',(4.96828181722466,-3.72154153778586,-1.81603072383713));
#2971=CARTESIAN_POINT('Ctrl Pts',(2.57762646507411,-5.64703255492497,-1.87568153041352));
#2972=CARTESIAN_POINT('Ctrl Pts',(-0.443688939038527,-6.19171456510057,
-1.93533233698992));
#2973=CARTESIAN_POINT('Ctrl Pts',(-3.35636953305491,-5.22189389586374,-1.99498314356631));
#2974=CARTESIAN_POINT('Ctrl Pts',(-5.4482252814932,-2.97500811357077,-2.05463395014271));
#2975=CARTESIAN_POINT('Ctrl Pts',(-6.20754745447828,-0.000466200503857637,
-2.1142847567191));
#2976=CARTESIAN_POINT('Ctrl Pts',(-5.44867150740957,2.97416824721127,-2.17393556329549));
#2977=CARTESIAN_POINT('Ctrl Pts',(-3.35717584741037,5.22140498636135,-2.23358636987188));
#2978=CARTESIAN_POINT('Ctrl Pts',(-0.444601378274094,6.19160835877082,-2.29323717644828));
#2979=CARTESIAN_POINT('Ctrl Pts',(2.5767138243199,5.64749887573036,-2.35288798302467));
#2980=CARTESIAN_POINT('Ctrl Pts',(4.96782685986484,3.72214804731217,-2.41253878960107));
#2981=CARTESIAN_POINT('Ctrl Pts',(6.14393169968712,0.886451739575079,-2.47218959617746));
#2982=CARTESIAN_POINT('Ctrl Pts',(5.81738107059622,-2.1660493319267,-2.53184040275385));
#2983=CARTESIAN_POINT('Ctrl Pts',(4.06804168671285,-4.68878760275574,-2.59149120933025));
#2984=CARTESIAN_POINT('Ctrl Pts',(1.3237588876172,-6.06476338855834,-2.65114201590664));
#2985=CARTESIAN_POINT('Ctrl Pts',(-1.74428286896326,-5.95744656804827,-2.71079282248303));
#2986=CARTESIAN_POINT('Ctrl Pts',(-4.38571578531158,-4.39308428410082,-2.77044362905943));
#2987=CARTESIAN_POINT('Ctrl Pts',(-5.95451004847511,-1.75428118919726,-2.83009443563582));
#2988=CARTESIAN_POINT('Ctrl Pts',(-6.06697702779979,1.31357610271536,-2.88974524221221));
#2989=CARTESIAN_POINT('Ctrl Pts',(-4.69561004759193,4.0601648623718,-2.9493960487886));
#2990=CARTESIAN_POINT('Ctrl Pts',(-2.1758118804593,5.81373675764729,-3.009046855365));
#2991=CARTESIAN_POINT('Ctrl Pts',(0.876136571972576,6.14541106330178,-3.06869766194139));
#2992=CARTESIAN_POINT('Ctrl Pts',(3.71380348146222,4.97406836788494,-3.12834846851779));
#2993=CARTESIAN_POINT('Ctrl Pts',(5.64316503742116,2.58619040076548,-3.18799927509418));
#2994=CARTESIAN_POINT('Ctrl Pts',(6.19234666698618,-0.434206384030986,-3.24765008167057));
#2995=CARTESIAN_POINT('Ctrl Pts',(5.22703199712554,-3.34840692407974,-3.30730088824697));
#2996=CARTESIAN_POINT('Ctrl Pts',(2.98331334849207,-5.44366915718851,-3.36695169482336));
#2997=CARTESIAN_POINT('Ctrl Pts',(0.00994933771019385,-6.20754326918838,
-3.42660250139975));
#2998=CARTESIAN_POINT('Ctrl Pts',(-2.9658480373507,-5.45320436510038,-3.48625330797615));
#2999=CARTESIAN_POINT('Ctrl Pts',(-5.21627163750149,-3.36514526164644,-3.54590411455254));
#3000=CARTESIAN_POINT('Ctrl Pts',(-6.19092297926998,-0.45405406389655,-3.60555492112893));
#3001=CARTESIAN_POINT('Ctrl Pts',(-5.65142622070456,2.56808763482167,-3.66520572770533));
#3002=CARTESIAN_POINT('Ctrl Pts',(-3.7297290527813,4.96213800906728,-3.72485653428172));
#3003=CARTESIAN_POINT('Ctrl Pts',(-0.89583152653715,6.14257098487708,-3.78450734085812));
#3004=CARTESIAN_POINT('Ctrl Pts',(2.15716444571675,5.82068157369278,-3.84415814743451));
#3005=CARTESIAN_POINT('Ctrl Pts',(4.68257083907834,4.07519604009484,-3.9038089540109));
#3006=CARTESIAN_POINT('Ctrl Pts',(6.06273511516493,1.33301738605971,-3.96345976058729));
#3007=CARTESIAN_POINT('Ctrl Pts',(5.96010290223233,-1.73518466538666,-4.02311056716369));
#3008=CARTESIAN_POINT('Ctrl Pts',(4.39977552536009,-4.37900305487833,-4.08276137374008));
#3009=CARTESIAN_POINT('Ctrl Pts',(1.7633708372496,-5.95182457054381,-4.14241218031648));
#3010=CARTESIAN_POINT('Ctrl Pts',(-1.30431115997049,-6.06897559940456,-4.20206298689287));
#3011=CARTESIAN_POINT('Ctrl Pts',(-4.05299059945799,-4.7018038696756,-4.26171379346926));
#3012=CARTESIAN_POINT('Ctrl Pts',(-5.81040782531659,-2.18468609454335,-4.32136460004566));
#3013=CARTESIAN_POINT('Ctrl Pts',(-6.14674163593603,0.866752380580388,-4.38101540662205));
#3014=CARTESIAN_POINT('Ctrl Pts',(-4.97973302048184,3.70620445643709,-4.44066621319845));
#3015=CARTESIAN_POINT('Ctrl Pts',(-2.59480369782841,5.63920971395171,-4.50031701977483));
#3016=CARTESIAN_POINT('Ctrl Pts',(0.424751043839251,6.19300242038939,-4.55996782635123));
#3017=CARTESIAN_POINT('Ctrl Pts',(3.34042208540321,5.23213844613671,-4.61961863292762));
#3018=CARTESIAN_POINT('Ctrl Pts',(5.43910771592909,2.99162158080061,-4.67926943950402));
#3019=CARTESIAN_POINT('Ctrl Pts',(6.2075208421519,0.019427363209855,-4.7389202460804));
#3020=CARTESIAN_POINT('Ctrl Pts',(5.45772643738213,-2.95751831150564,-4.7985710526568));
#3021=CARTESIAN_POINT('Ctrl Pts',(3.37310584514885,-5.21112745820081,-4.8582218592332));
#3022=CARTESIAN_POINT('Ctrl Pts',(0.463506194904754,-6.19022248675086,-4.91787266580959));
#3023=CARTESIAN_POINT('Ctrl Pts',(-2.55945571599988,-5.65534073827797,-4.97752347238598));
#3024=CARTESIAN_POINT('Ctrl Pts',(-4.95643745831901,-3.73730118534302,-5.03717427896238));
#3025=CARTESIAN_POINT('Ctrl Pts',(-6.14119601726604,-0.90520931595927,-5.09682508553877));
#3026=CARTESIAN_POINT('Ctrl Pts',(-5.82396847261658,2.14827457699779,-5.15647589211516));
#3027=CARTESIAN_POINT('Ctrl Pts',(-4.0823409105913,4.67634313517296,-5.21612669869156));
#3028=CARTESIAN_POINT('Ctrl Pts',(-1.34227276784511,6.0606927198892,-5.27577750526795));
#3029=CARTESIAN_POINT('Ctrl Pts',(1.7260824119859,5.96274533543335,-5.33542831184435));
#3030=CARTESIAN_POINT('Ctrl Pts',(4.37228011802515,4.40645651261761,-5.39507911842074));
#3031=CARTESIAN_POINT('Ctrl Pts',(5.94912521597544,1.77245637272947,-5.45472992499713));
#3032=CARTESIAN_POINT('Ctrl Pts',(6.0709600229727,-1.29504317564391,-5.51438073157352));
#3033=CARTESIAN_POINT('Ctrl Pts',(4.70798673027981,-4.04580688827444,-5.57403153814992));
#3034=CARTESIAN_POINT('Ctrl Pts',(2.1935552153727,-5.80706534692683,-5.63368234472631));
#3035=CARTESIAN_POINT('Ctrl Pts',(-0.85736616809709,-6.14805787891487,-5.6933331513027));
#3036=CARTESIAN_POINT('Ctrl Pts',(-3.69859679211762,-4.98538606356745,-5.7529839578791));
#3037=CARTESIAN_POINT('Ctrl Pts',(-5.6352412418574,-2.60341094609203,-5.81263476445549));
#3038=CARTESIAN_POINT('Ctrl Pts',(-6.1936437399188,0.415294714280683,-5.87228557103189));
#3039=CARTESIAN_POINT('Ctrl Pts',(-5.23723268993027,3.33242945756313,-5.93193637760827));
#3040=CARTESIAN_POINT('Ctrl Pts',(-2.99992285352704,5.43453359770913,-5.99158718418467));
#3041=CARTESIAN_POINT('Ctrl Pts',(-0.028905314516133,6.20748393726332,-6.05123799076106));
#3042=CARTESIAN_POINT('Ctrl Pts',(2.94918163427764,5.46223579836234,-6.11088879733746));
#3043=CARTESIAN_POINT('Ctrl Pts',(5.20597124078034,3.38105854092826,-6.17053960391385));
#3044=CARTESIAN_POINT('Ctrl Pts',(6.18950734674084,0.472957292305891,-6.23019041049024));
#3045=CARTESIAN_POINT('Ctrl Pts',(5.65924249451333,-2.55081792217938,-6.28984121706665));
#3046=CARTESIAN_POINT('Ctrl Pts',(3.74486377795071,-4.95072517299804,-6.34949202364303));
#3047=CARTESIAN_POINT('Ctrl Pts',(0.914586612922572,-6.13980708406198,-6.40914283021943));
#3048=CARTESIAN_POINT('Ctrl Pts',(-2.13938286425505,-5.82724110694834,-6.46879363679582));
#3049=CARTESIAN_POINT('Ctrl Pts',(-4.67009834059681,-4.08947760797118,-6.52844444337222));
#3050=CARTESIAN_POINT('Ctrl Pts',(-6.05864829961579,-1.3515223917036,-6.58809524994861));
#3051=CARTESIAN_POINT('Ctrl Pts',(-5.96535019174333,1.71697099333277,-6.647746056525));
#3052=CARTESIAN_POINT('Ctrl Pts',(-4.41317355568543,4.36555704323088,-6.70739686310139));
#3053=CARTESIAN_POINT('Ctrl Pts',(-1.78144692405865,5.94639232868087,-6.76704766967779));
#3054=CARTESIAN_POINT('Ctrl Pts',(1.28559188983598,6.07296872424176,-6.82669847625418));
#3055=CARTESIAN_POINT('Ctrl Pts',(4.03899412866208,4.71408373454041,-6.88634928283058));
#3056=CARTESIAN_POINT('Ctrl Pts',(5.21476710660512,3.03973354135965,-6.92611648721484));
#3057=CARTESIAN_POINT('Ctrl Pts',(5.5666532590493,2.11246005725927,-6.94600008940697));
#3058=CARTESIAN_POINT('Ctrl Pts',(5.44458778498314,2.02818445706751,-1.77981943692522));
#3059=CARTESIAN_POINT('Ctrl Pts',(5.78243560491802,1.12124420950231,-1.79970303911735));
#3060=CARTESIAN_POINT('Ctrl Pts',(5.99578642150371,-0.863814944720372,-1.83947024350161));
#3061=CARTESIAN_POINT('Ctrl Pts',(4.84819136405106,-3.63158657423537,-1.899121050078));
#3062=CARTESIAN_POINT('Ctrl Pts',(2.51532155933591,-5.51053572894865,-1.9587718566544));
#3063=CARTESIAN_POINT('Ctrl Pts',(-0.432964344960053,-6.04205199856367,
-2.01842266323079));
#3064=CARTESIAN_POINT('Ctrl Pts',(-3.27524129736482,-5.0956732772578,-2.07807346980719));
#3065=CARTESIAN_POINT('Ctrl Pts',(-5.31653391069012,-2.90309792697161,-2.13772427638358));
#3066=CARTESIAN_POINT('Ctrl Pts',(-6.05750218443735,-0.000454931773166991,
-2.19737508295997));
#3067=CARTESIAN_POINT('Ctrl Pts',(-5.31696935069005,2.90227836137915,-2.25702588953637));
#3068=CARTESIAN_POINT('Ctrl Pts',(-3.276028121953,5.09519618539497,-2.31667669611276));
#3069=CARTESIAN_POINT('Ctrl Pts',(-0.433854729238711,6.04194835939229,-2.37632750268915));
#3070=CARTESIAN_POINT('Ctrl Pts',(2.51443097840959,5.5109907781155,-2.43597830926554));
#3071=CARTESIAN_POINT('Ctrl Pts',(4.84774740365912,3.63217842356191,-2.49562911584194));
#3072=CARTESIAN_POINT('Ctrl Pts',(5.99542411311563,0.865024937505789,-2.55527992241833));
#3073=CARTESIAN_POINT('Ctrl Pts',(5.67676667818608,-2.11369283214732,-2.61493072899472));
#3074=CARTESIAN_POINT('Ctrl Pts',(3.96971132067106,-4.57545292312918,-2.67458153557112));
#3075=CARTESIAN_POINT('Ctrl Pts',(1.29176174845424,-5.91816941291116,-2.73423234214751));
#3076=CARTESIAN_POINT('Ctrl Pts',(-1.70212106576793,-5.81344659291923,-2.79388314872391));
#3077=CARTESIAN_POINT('Ctrl Pts',(-4.27970678350282,-4.28689717517346,-2.8535339553003));
#3078=CARTESIAN_POINT('Ctrl Pts',(-5.81058105320977,-1.71187771235054,-2.91318476187669));
#3079=CARTESIAN_POINT('Ctrl Pts',(-5.92032954533688,1.28182509597775,-2.97283556845309));
#3080=CARTESIAN_POINT('Ctrl Pts',(-4.58211045974913,3.96202489040175,-3.03248637502948));
#3081=CARTESIAN_POINT('Ctrl Pts',(-2.12321940596662,5.67321045347564,-3.09213718160587));
#3082=CARTESIAN_POINT('Ctrl Pts',(0.85495910220721,5.99686771840307,-3.15178798818227));
#3083=CARTESIAN_POINT('Ctrl Pts',(3.62403555776268,4.8538380455339,-3.21143879475866));
#3084=CARTESIAN_POINT('Ctrl Pts',(5.50676169485558,2.52367849249481,-3.27108960133505));
#3085=CARTESIAN_POINT('Ctrl Pts',(6.04266882164572,-0.423710996823209,-3.33074040791145));
#3086=CARTESIAN_POINT('Ctrl Pts',(5.1006871832884,-3.26747115599826,-3.39039121448784));
#3087=CARTESIAN_POINT('Ctrl Pts',(2.91120241252681,-5.31208791440405,-3.45004202106423));
#3088=CARTESIAN_POINT('Ctrl Pts',(0.00970884803622299,-6.05749810031187,
-3.50969282764063));
#3089=CARTESIAN_POINT('Ctrl Pts',(-2.8941592628503,-5.32139264274946,-3.56934363421702));
#3090=CARTESIAN_POINT('Ctrl Pts',(-5.09018691689398,-3.2838049040876,-3.62899444079341));
#3091=CARTESIAN_POINT('Ctrl Pts',(-6.04127954649091,-0.44307892997608,-3.68864524736981));
#3092=CARTESIAN_POINT('Ctrl Pts',(-5.51482319356373,2.50601329620707,-3.7482960539462));
#3093=CARTESIAN_POINT('Ctrl Pts',(-3.63957618532311,4.84219606049406,-3.80794686052259));
#3094=CARTESIAN_POINT('Ctrl Pts',(-0.874178001647293,5.99409628872208,-3.86759766709899));
#3095=CARTESIAN_POINT('Ctrl Pts',(2.10502270630133,5.67998740341836,-3.92724847367538));
#3096=CARTESIAN_POINT('Ctrl Pts',(4.56938642749107,3.97669274313419,-3.98689928025178));
#3097=CARTESIAN_POINT('Ctrl Pts',(5.9161901657767,1.30079645579259,-4.04655008682817));
#3098=CARTESIAN_POINT('Ctrl Pts',(5.81603871971981,-1.69324277874012,-4.10620089340456));
#3099=CARTESIAN_POINT('Ctrl Pts',(4.29342667959397,-4.27315630933227,-4.16585169998096));
#3100=CARTESIAN_POINT('Ctrl Pts',(1.72074765065333,-5.8079604871079,-4.22550250655735));
#3101=CARTESIAN_POINT('Ctrl Pts',(-1.27278410010502,-5.92227980861724,-4.28515331313374));
#3102=CARTESIAN_POINT('Ctrl Pts',(-3.95502403964857,-4.58815456832455,-4.34480411971014));
#3103=CARTESIAN_POINT('Ctrl Pts',(-5.66996198618434,-2.13187911764719,-4.40445492628653));
#3104=CARTESIAN_POINT('Ctrl Pts',(-5.9981661292002,0.845801740096936,-4.46410573286292));
#3105=CARTESIAN_POINT('Ctrl Pts',(-4.85936577540329,3.61662021200385,-4.52375653943932));
#3106=CARTESIAN_POINT('Ctrl Pts',(-2.53208359389058,5.50290197719219,-4.58340734601571));
#3107=CARTESIAN_POINT('Ctrl Pts',(0.414484205681292,6.04330872455448,-4.64305815259211));
#3108=CARTESIAN_POINT('Ctrl Pts',(3.25967932225391,5.10567020214838,-4.7027089591685));
#3109=CARTESIAN_POINT('Ctrl Pts',(5.30763672968162,2.91930982301812,-4.76235976574489));
#3110=CARTESIAN_POINT('Ctrl Pts',(6.05747621536883,0.0189577761498412,-4.82201057232128));
#3111=CARTESIAN_POINT('Ctrl Pts',(5.32580541009853,-2.88603087835188,-4.88166137889768));
#3112=CARTESIAN_POINT('Ctrl Pts',(3.29157306893997,-5.08516707973938,-4.94131218547407));
#3113=CARTESIAN_POINT('Ctrl Pts',(0.452302589505012,-6.04059598587444,-5.00096299205047));
#3114=CARTESIAN_POINT('Ctrl Pts',(-2.4975900231669,-5.51864309166775,-5.06061379862685));
#3115=CARTESIAN_POINT('Ctrl Pts',(-4.83663330018278,-3.6469652886477,-5.12026460520326));
#3116=CARTESIAN_POINT('Ctrl Pts',(-5.99275455603805,-0.883329116532244,
-5.17991541177964));
#3117=CARTESIAN_POINT('Ctrl Pts',(-5.6831948533101,2.09634771838069,-5.23956621835604));
#3118=CARTESIAN_POINT('Ctrl Pts',(-3.98366491192666,4.56330925606587,-5.29921702493242));
#3119=CARTESIAN_POINT('Ctrl Pts',(-1.30982812180787,5.91419713810596,-5.35886783150883));
#3120=CARTESIAN_POINT('Ctrl Pts',(1.68436053977815,5.8186172815439,-5.41851863808521));
#3121=CARTESIAN_POINT('Ctrl Pts',(4.26659587544552,4.29994617786659,-5.47816944466162));
#3122=CARTESIAN_POINT('Ctrl Pts',(5.80532637978703,1.72961357579038,-5.53782025123799));
#3123=CARTESIAN_POINT('Ctrl Pts',(5.9242162658392,-1.26374013616994,-5.5974710578144));
#3124=CARTESIAN_POINT('Ctrl Pts',(4.59418798037507,-3.94801396900379,-5.65712186439079));
#3125=CARTESIAN_POINT('Ctrl Pts',(2.14053385918429,-5.66670030026153,-5.71677267096719));
#3126=CARTESIAN_POINT('Ctrl Pts',(-0.836642405748204,-5.99945055671011,
-5.77642347754357));
#3127=CARTESIAN_POINT('Ctrl Pts',(-3.60919643577473,-4.86488217637983,-5.83607428411998));
#3128=CARTESIAN_POINT('Ctrl Pts',(-5.49902942872495,-2.54048279269513,-5.89572509069636));
#3129=CARTESIAN_POINT('Ctrl Pts',(-6.04393454247675,0.405256449086943,-5.95537589727276));
#3130=CARTESIAN_POINT('Ctrl Pts',(-5.11064131080825,3.2518798876212,-6.01502670384914));
#3131=CARTESIAN_POINT('Ctrl Pts',(-2.92741044215035,5.30317317441885,-6.07467751042555));
#3132=CARTESIAN_POINT('Ctrl Pts',(-0.0282066318634409,6.05744020252403,
-6.13432831700193));
#3133=CARTESIAN_POINT('Ctrl Pts',(2.87789571049535,5.33020577339631,-6.19397912357834));
#3134=CARTESIAN_POINT('Ctrl Pts',(5.08013549544347,3.29933353672684,-6.25362993015472));
#3135=CARTESIAN_POINT('Ctrl Pts',(6.03989813181781,0.461525240410625,-6.31328073673112));
#3136=CARTESIAN_POINT('Ctrl Pts',(5.52245053689345,-2.4891610171351,-6.37293154330751));
#3137=CARTESIAN_POINT('Ctrl Pts',(3.65434508261255,-4.83105908894017,-6.4325823498839));
#3138=CARTESIAN_POINT('Ctrl Pts',(0.892479750861802,-5.99139919532926,-6.4922331564603));
#3139=CARTESIAN_POINT('Ctrl Pts',(-2.08767093100894,-5.68638838340534,-6.5518839630367));
#3140=CARTESIAN_POINT('Ctrl Pts',(-4.55721540707578,-3.99062910515841,-6.61153476961309));
#3141=CARTESIAN_POINT('Ctrl Pts',(-5.91220213438462,-1.31885416907354,-6.67118557618948));
#3142=CARTESIAN_POINT('Ctrl Pts',(-5.82115917476398,1.67546935710103,-6.73083638276588));
#3143=CARTESIAN_POINT('Ctrl Pts',(-4.30650086042917,4.26003530695191,-6.79048718934227));
#3144=CARTESIAN_POINT('Ctrl Pts',(-1.73838681267905,5.80265955027376,-6.85013799591866));
#3145=CARTESIAN_POINT('Ctrl Pts',(1.25451730141158,5.92617641393544,-6.90978880249505));
#3146=CARTESIAN_POINT('Ctrl Pts',(3.94136588350198,4.60013761135219,-6.96943960907145));
#3147=CARTESIAN_POINT('Ctrl Pts',(5.0887187526539,2.966258848913,-7.00920681345571));
#3148=CARTESIAN_POINT('Ctrl Pts',(5.43209931522473,2.06139888663325,-7.02909041564784));
#3149=CARTESIAN_POINT('Ctrl Pts',(5.30972449982277,1.97794601302115,-1.86290976316609));
#3150=CARTESIAN_POINT('Ctrl Pts',(5.63920377677882,1.09347081626626,-1.88279336535822));
#3151=CARTESIAN_POINT('Ctrl Pts',(5.84726986049717,-0.842418114360343,-1.92256056974249));
#3152=CARTESIAN_POINT('Ctrl Pts',(4.72810091087746,-3.54163161068487,-1.98221137631888));
#3153=CARTESIAN_POINT('Ctrl Pts',(2.4530166535977,-5.37403890297235,-2.04186218289527));
#3154=CARTESIAN_POINT('Ctrl Pts',(-0.422239750881576,-5.89238943202676,
-2.10151298947166));
#3155=CARTESIAN_POINT('Ctrl Pts',(-3.19411306167473,-4.96945265865187,-2.16116379604806));
#3156=CARTESIAN_POINT('Ctrl Pts',(-5.18484253988705,-2.83118774037244,-2.22081460262445));
#3157=CARTESIAN_POINT('Ctrl Pts',(-5.90745691439642,-0.000443663042470203,
-2.28046540920084));
#3158=CARTESIAN_POINT('Ctrl Pts',(-5.18526719397052,2.83038847554702,-2.34011621577724));
#3159=CARTESIAN_POINT('Ctrl Pts',(-3.19488039649563,4.96898738442859,-2.39976702235363));
#3160=CARTESIAN_POINT('Ctrl Pts',(-0.423108080203329,5.89228836001376,-2.45941782893002));
#3161=CARTESIAN_POINT('Ctrl Pts',(2.45214813249927,5.37448268050063,-2.51906863550642));
#3162=CARTESIAN_POINT('Ctrl Pts',(4.72766794745341,3.54220879981165,-2.57871944208281));
#3163=CARTESIAN_POINT('Ctrl Pts',(5.84691652654414,0.843598135436498,-2.63837024865921));
#3164=CARTESIAN_POINT('Ctrl Pts',(5.53615228577594,-2.06133633236794,-2.6980210552356));
#3165=CARTESIAN_POINT('Ctrl Pts',(3.87138095462927,-4.46211824350261,-2.757671861812));
#3166=CARTESIAN_POINT('Ctrl Pts',(1.25976460929128,-5.77157543726397,-2.81732266838838));
#3167=CARTESIAN_POINT('Ctrl Pts',(-1.65995926257262,-5.66944661779019,-2.87697347496478));
#3168=CARTESIAN_POINT('Ctrl Pts',(-4.17369778169405,-4.18071006624609,-2.93662428154117));
#3169=CARTESIAN_POINT('Ctrl Pts',(-5.66665205794447,-1.66947423550383,-2.99627508811757));
#3170=CARTESIAN_POINT('Ctrl Pts',(-5.77368206287396,1.25007408924014,-3.05592589469396));
#3171=CARTESIAN_POINT('Ctrl Pts',(-4.46861087190635,3.86388491843171,-3.11557670127035));
#3172=CARTESIAN_POINT('Ctrl Pts',(-2.07062693147393,5.53268414930398,-3.17522750784675));
#3173=CARTESIAN_POINT('Ctrl Pts',(0.833781632441838,5.84832437350438,-3.23487831442314));
#3174=CARTESIAN_POINT('Ctrl Pts',(3.53426763406314,4.73360772318284,-3.29452912099954));
#3175=CARTESIAN_POINT('Ctrl Pts',(5.37035835228999,2.46116658422415,-3.35417992757592));
#3176=CARTESIAN_POINT('Ctrl Pts',(5.89299097630526,-0.413215609615438,-3.41383073415233));
#3177=CARTESIAN_POINT('Ctrl Pts',(4.97434236945126,-3.18653538791679,-3.47348154072871));
#3178=CARTESIAN_POINT('Ctrl Pts',(2.83909147656154,-5.18050667161958,-3.53313234730511));
#3179=CARTESIAN_POINT('Ctrl Pts',(0.00946835836224825,-5.90745293143537,
-3.59278315388149));
#3180=CARTESIAN_POINT('Ctrl Pts',(-2.82247048834991,-5.18958092039854,-3.6524339604579));
#3181=CARTESIAN_POINT('Ctrl Pts',(-4.96410219628648,-3.20246454652876,-3.71208476703428));
#3182=CARTESIAN_POINT('Ctrl Pts',(-5.89163611371183,-0.432103796055611,
-3.77173557361069));
#3183=CARTESIAN_POINT('Ctrl Pts',(-5.37822016642293,2.44393895759246,-3.83138638018707));
#3184=CARTESIAN_POINT('Ctrl Pts',(-3.5494233178649,4.72225411192084,-3.89103718676347));
#3185=CARTESIAN_POINT('Ctrl Pts',(-0.852524476757445,5.84562159256709,-3.95068799333986));
#3186=CARTESIAN_POINT('Ctrl Pts',(2.05288096688592,5.53929323314391,-4.01033879991626));
#3187=CARTESIAN_POINT('Ctrl Pts',(4.45620201590379,3.87818944617355,-4.06998960649265));
#3188=CARTESIAN_POINT('Ctrl Pts',(5.76964521638848,1.26857552552546,-4.12964041306904));
#3189=CARTESIAN_POINT('Ctrl Pts',(5.67197453720727,-1.65130089209357,-4.18929121964543));
#3190=CARTESIAN_POINT('Ctrl Pts',(4.18707783382787,-4.16730956378621,-4.24894202622183));
#3191=CARTESIAN_POINT('Ctrl Pts',(1.67812446405705,-5.66409640367199,-4.30859283279822));
#3192=CARTESIAN_POINT('Ctrl Pts',(-1.24125704023954,-5.77558401782993,-4.36824363937462));
#3193=CARTESIAN_POINT('Ctrl Pts',(-3.85705747983915,-4.4745052669735,-4.427894445951));
#3194=CARTESIAN_POINT('Ctrl Pts',(-5.52951614705208,-2.07907214075103,-4.48754525252741));
#3195=CARTESIAN_POINT('Ctrl Pts',(-5.84959062246437,0.824851099613479,-4.54719605910379));
#3196=CARTESIAN_POINT('Ctrl Pts',(-4.73899853032474,3.5270359675706,-4.6068468656802));
#3197=CARTESIAN_POINT('Ctrl Pts',(-2.46936348995275,5.36659424043266,-4.66649767225658));
#3198=CARTESIAN_POINT('Ctrl Pts',(0.404217367523332,5.89361502871957,-4.72614847883298));
#3199=CARTESIAN_POINT('Ctrl Pts',(3.17893655910462,4.97920195816005,-4.78579928540937));
#3200=CARTESIAN_POINT('Ctrl Pts',(5.17616574343415,2.84699806523563,-4.84545009198576));
#3201=CARTESIAN_POINT('Ctrl Pts',(5.90743158858578,0.0184881890898284,-4.90510089856216));
#3202=CARTESIAN_POINT('Ctrl Pts',(5.19388438281492,-2.81454344519813,-4.96475170513855));
#3203=CARTESIAN_POINT('Ctrl Pts',(3.21004029273108,-4.95920670127794,-5.02440251171494));
#3204=CARTESIAN_POINT('Ctrl Pts',(0.441098984105264,-5.89096948499801,-5.08405331829134));
#3205=CARTESIAN_POINT('Ctrl Pts',(-2.43572433033391,-5.38194544505755,-5.14370412486773));
#3206=CARTESIAN_POINT('Ctrl Pts',(-4.71682914204656,-3.55662939195237,-5.20335493144413));
#3207=CARTESIAN_POINT('Ctrl Pts',(-5.84431309481004,-0.86144891710522,-5.26300573802052));
#3208=CARTESIAN_POINT('Ctrl Pts',(-5.54242123400363,2.04442085976359,-5.32265654459692));
#3209=CARTESIAN_POINT('Ctrl Pts',(-3.88498891326201,4.45027537695878,-5.3823073511733));
#3210=CARTESIAN_POINT('Ctrl Pts',(-1.27738347577063,5.76770155632273,-5.4419581577497));
#3211=CARTESIAN_POINT('Ctrl Pts',(1.6426386675704,5.67448922765445,-5.50160896432609));
#3212=CARTESIAN_POINT('Ctrl Pts',(4.1609116328659,4.19343584311557,-5.56125977090249));
#3213=CARTESIAN_POINT('Ctrl Pts',(5.66152754359862,1.68677077885129,-5.62091057747887));
#3214=CARTESIAN_POINT('Ctrl Pts',(5.77747250870571,-1.23243709669596,-5.68056138405528));
#3215=CARTESIAN_POINT('Ctrl Pts',(4.48038923047034,-3.85022104973314,-5.74021219063166));
#3216=CARTESIAN_POINT('Ctrl Pts',(2.08751250299589,-5.52633525359622,-5.79986299720806));
#3217=CARTESIAN_POINT('Ctrl Pts',(-0.815918643399318,-5.85084323450534,
-5.85951380378445));
#3218=CARTESIAN_POINT('Ctrl Pts',(-3.51979607943185,-4.7443782891922,-5.91916461036085));
#3219=CARTESIAN_POINT('Ctrl Pts',(-5.36281761559249,-2.47755463929824,-5.97881541693724));
#3220=CARTESIAN_POINT('Ctrl Pts',(-5.8942253450347,0.395218183893205,-6.03846622351363));
#3221=CARTESIAN_POINT('Ctrl Pts',(-4.98404993168623,3.17133031767927,-6.09811703009002));
#3222=CARTESIAN_POINT('Ctrl Pts',(-2.85489803077367,5.17181275112858,-6.15776783666642));
#3223=CARTESIAN_POINT('Ctrl Pts',(-0.0275079492107407,5.90739646778472,
-6.21741864324281));
#3224=CARTESIAN_POINT('Ctrl Pts',(2.80660978671306,5.19817574843029,-6.27706944981921));
#3225=CARTESIAN_POINT('Ctrl Pts',(4.95429975010663,3.21760853252541,-6.3367202563956));
#3226=CARTESIAN_POINT('Ctrl Pts',(5.89028891689477,0.45009318851536,-6.39637106297199));
#3227=CARTESIAN_POINT('Ctrl Pts',(5.38565857927358,-2.42750411209083,-6.45602186954839));
#3228=CARTESIAN_POINT('Ctrl Pts',(3.56382638727438,-4.71139300488228,-6.51567267612478));
#3229=CARTESIAN_POINT('Ctrl Pts',(0.870372888801036,-5.84299130659655,-6.57532348270117));
#3230=CARTESIAN_POINT('Ctrl Pts',(-2.03595899776284,-5.54553565986234,-6.63497428927756));
#3231=CARTESIAN_POINT('Ctrl Pts',(-4.44433247355475,-3.89178060234565,-6.69462509585396));
#3232=CARTESIAN_POINT('Ctrl Pts',(-5.76575596915345,-1.28618594644348,-6.75427590243035));
#3233=CARTESIAN_POINT('Ctrl Pts',(-5.67696815778462,1.63396772086929,-6.81392670900675));
#3234=CARTESIAN_POINT('Ctrl Pts',(-4.19982816517292,4.15451357067294,-6.87357751558314));
#3235=CARTESIAN_POINT('Ctrl Pts',(-1.69532670129945,5.65892677186665,-6.93322832215954));
#3236=CARTESIAN_POINT('Ctrl Pts',(1.22344271298719,5.77938410362912,-6.99287912873593));
#3237=CARTESIAN_POINT('Ctrl Pts',(3.84373763834188,4.48619148816399,-7.05252993531232));
#3238=CARTESIAN_POINT('Ctrl Pts',(4.96267039870268,2.89278415646634,-7.09229713969658));
#3239=CARTESIAN_POINT('Ctrl Pts',(5.29754537140016,2.01033771600724,-7.11218074188871));
#3240=CARTESIAN_POINT('Ctrl Pts',(5.17486121466241,1.92770756897479,-1.94600008940697));
#3241=CARTESIAN_POINT('Ctrl Pts',(5.49597194863962,1.0656974230302,-1.9658836915991));
#3242=CARTESIAN_POINT('Ctrl Pts',(5.69875329949063,-0.821021284000315,-2.00565089598336));
#3243=CARTESIAN_POINT('Ctrl Pts',(4.60801045770386,-3.45167664713438,-2.06530170255975));
#3244=CARTESIAN_POINT('Ctrl Pts',(2.39071174785949,-5.23754207699604,-2.12495250913614));
#3245=CARTESIAN_POINT('Ctrl Pts',(-0.411515156803098,-5.74272686548986,
-2.18460331571254));
#3246=CARTESIAN_POINT('Ctrl Pts',(-3.11298482598465,-4.84323204004593,-2.24425412228893));
#3247=CARTESIAN_POINT('Ctrl Pts',(-5.05315116908396,-2.75927755377327,-2.30390492886533));
#3248=CARTESIAN_POINT('Ctrl Pts',(-5.7574116443555,-0.000432394311776325,
-2.36355573544172));
#3249=CARTESIAN_POINT('Ctrl Pts',(-5.053565037251,2.7584985897149,-2.42320654201812));
#3250=CARTESIAN_POINT('Ctrl Pts',(-3.11373267103826,4.84277858346222,-2.4828573485945));
#3251=CARTESIAN_POINT('Ctrl Pts',(-0.412361431167951,5.74262836063523,-2.5425081551709));
#3252=CARTESIAN_POINT('Ctrl Pts',(2.38986528658896,5.23797458288578,-2.60215896174729));
#3253=CARTESIAN_POINT('Ctrl Pts',(4.60758849124768,3.45223917606139,-2.66180976832369));
#3254=CARTESIAN_POINT('Ctrl Pts',(5.69840893997266,0.822171333367212,-2.72146057490008));
#3255=CARTESIAN_POINT('Ctrl Pts',(5.39553789336579,-2.00897983258857,-2.78111138147647));
#3256=CARTESIAN_POINT('Ctrl Pts',(3.77305058858749,-4.34878356387605,-2.84076218805287));
#3257=CARTESIAN_POINT('Ctrl Pts',(1.22776747012831,-5.62498146161679,-2.90041299462926));
#3258=CARTESIAN_POINT('Ctrl Pts',(-1.6177974593773,-5.52544664266115,-2.96006380120565));
#3259=CARTESIAN_POINT('Ctrl Pts',(-4.06768877988529,-4.07452295731873,-3.01971460778205));
#3260=CARTESIAN_POINT('Ctrl Pts',(-5.52272306267914,-1.62707075865711,-3.07936541435844));
#3261=CARTESIAN_POINT('Ctrl Pts',(-5.62703458041105,1.21832308250253,-3.13901622093483));
#3262=CARTESIAN_POINT('Ctrl Pts',(-4.35511128406355,3.76574494646167,-3.19866702751123));
#3263=CARTESIAN_POINT('Ctrl Pts',(-2.01803445698124,5.39215784513231,-3.25831783408762));
#3264=CARTESIAN_POINT('Ctrl Pts',(0.81260416267647,5.69978102860568,-3.31796864066402));
#3265=CARTESIAN_POINT('Ctrl Pts',(3.44449971036359,4.61337740083179,-3.37761944724041));
#3266=CARTESIAN_POINT('Ctrl Pts',(5.2339550097244,2.39865467595348,-3.4372702538168));
#3267=CARTESIAN_POINT('Ctrl Pts',(5.7433131309648,-0.402720222407665,-3.4969210603932));
#3268=CARTESIAN_POINT('Ctrl Pts',(4.84799755561412,-3.10559961983531,-3.55657186696959));
#3269=CARTESIAN_POINT('Ctrl Pts',(2.76698054059628,-5.04892542883512,-3.61622267354598));
#3270=CARTESIAN_POINT('Ctrl Pts',(0.00922786868827578,-5.75740776255887,
-3.67587348012237));
#3271=CARTESIAN_POINT('Ctrl Pts',(-2.75078171384951,-5.05776919804762,-3.73552428669877));
#3272=CARTESIAN_POINT('Ctrl Pts',(-4.83801747567898,-3.12112418896992,-3.79517509327516));
#3273=CARTESIAN_POINT('Ctrl Pts',(-5.74199268093276,-0.421128662135139,
-3.85482589985156));
#3274=CARTESIAN_POINT('Ctrl Pts',(-5.2416171392821,2.38186461897785,-3.91447670642794));
#3275=CARTESIAN_POINT('Ctrl Pts',(-3.4592704504067,4.60231216334763,-3.97412751300435));
#3276=CARTESIAN_POINT('Ctrl Pts',(-0.830870951867589,5.69714689641208,-4.03377831958073));
#3277=CARTESIAN_POINT('Ctrl Pts',(2.0007392274705,5.39859906286949,-4.09342912615713));
#3278=CARTESIAN_POINT('Ctrl Pts',(4.34301760431651,3.7796861492129,-4.15307993273352));
#3279=CARTESIAN_POINT('Ctrl Pts',(5.62310026700025,1.23635459525834,-4.21273073930992));
#3280=CARTESIAN_POINT('Ctrl Pts',(5.52791035469475,-1.60935900544703,-4.2723815458863));
#3281=CARTESIAN_POINT('Ctrl Pts',(4.08072898806175,-4.06146281824016,-4.33203235246271));
#3282=CARTESIAN_POINT('Ctrl Pts',(1.63550127746078,-5.52023232023607,-4.39168315903909));
#3283=CARTESIAN_POINT('Ctrl Pts',(-1.20972998037407,-5.62888822704262,-4.45133396561549));
#3284=CARTESIAN_POINT('Ctrl Pts',(-3.75909092002973,-4.36085596562244,-4.51098477219188));
#3285=CARTESIAN_POINT('Ctrl Pts',(-5.38907030791982,-2.02626516385487,-4.57063557876828));
#3286=CARTESIAN_POINT('Ctrl Pts',(-5.70101511572854,0.803900459130025,-4.63028638534467));
#3287=CARTESIAN_POINT('Ctrl Pts',(-4.61863128524618,3.43745172313736,-4.68993719192107));
#3288=CARTESIAN_POINT('Ctrl Pts',(-2.40664338601492,5.23028650367313,-4.74958799849745));
#3289=CARTESIAN_POINT('Ctrl Pts',(0.393950529365375,5.74392133288467,-4.80923880507385));
#3290=CARTESIAN_POINT('Ctrl Pts',(3.09819379595532,4.85273371417171,-4.86888961165024));
#3291=CARTESIAN_POINT('Ctrl Pts',(5.04469475718668,2.77468630745315,-4.92854041822664));
#3292=CARTESIAN_POINT('Ctrl Pts',(5.75738696180271,0.0180186020298105,-4.98819122480303));
#3293=CARTESIAN_POINT('Ctrl Pts',(5.06196335553132,-2.74305601204436,-5.04784203137943));
#3294=CARTESIAN_POINT('Ctrl Pts',(3.12850751652219,-4.83324632281651,-5.10749283795581));
#3295=CARTESIAN_POINT('Ctrl Pts',(0.429895378705521,-5.74134298412158,-5.16714364453222));
#3296=CARTESIAN_POINT('Ctrl Pts',(-2.37385863750092,-5.24524779844734,-5.2267944511086));
#3297=CARTESIAN_POINT('Ctrl Pts',(-4.59702498391035,-3.46629349525704,-5.286445257685));
#3298=CARTESIAN_POINT('Ctrl Pts',(-5.69587163358203,-0.83956871767819,-5.3460960642614));
#3299=CARTESIAN_POINT('Ctrl Pts',(-5.40164761469716,1.99249400114648,-5.40574687083778));
#3300=CARTESIAN_POINT('Ctrl Pts',(-3.78631291459737,4.3372414978517,-5.46539767741418));
#3301=CARTESIAN_POINT('Ctrl Pts',(-1.24493882973338,5.62120597453948,-5.52504848399057));
#3302=CARTESIAN_POINT('Ctrl Pts',(1.60091679536266,5.53036117376501,-5.58469929056696));
#3303=CARTESIAN_POINT('Ctrl Pts',(4.05522739028627,4.08692550836454,-5.64435009714336));
#3304=CARTESIAN_POINT('Ctrl Pts',(5.51772870741021,1.6439279819122,-5.70400090371974));
#3305=CARTESIAN_POINT('Ctrl Pts',(5.63072875157221,-1.20113405722199,-5.76365171029615));
#3306=CARTESIAN_POINT('Ctrl Pts',(4.3665904805656,-3.75242813046248,-5.82330251687253));
#3307=CARTESIAN_POINT('Ctrl Pts',(2.03449114680748,-5.38597020693092,-5.88295332344894));
#3308=CARTESIAN_POINT('Ctrl Pts',(-0.795194881050433,-5.70223591230058,
-5.94260413002532));
#3309=CARTESIAN_POINT('Ctrl Pts',(-3.43039572308895,-4.62387440200458,-6.00225493660172));
#3310=CARTESIAN_POINT('Ctrl Pts',(-5.22660580246004,-2.41462648590135,-6.06190574317811));
#3311=CARTESIAN_POINT('Ctrl Pts',(-5.74451614759263,0.38517991869947,-6.12155654975451));
#3312=CARTESIAN_POINT('Ctrl Pts',(-4.85745855256423,3.09078074773733,-6.1812073563309));
#3313=CARTESIAN_POINT('Ctrl Pts',(-2.78238561939697,5.04045232783831,-6.24085816290729));
#3314=CARTESIAN_POINT('Ctrl Pts',(-0.0268092665580492,5.75735273304542,
-6.30050896948369));
#3315=CARTESIAN_POINT('Ctrl Pts',(2.73532386293078,5.06614572346428,-6.36015977606008));
#3316=CARTESIAN_POINT('Ctrl Pts',(4.82846400476977,3.13588352832398,-6.41981058263647));
#3317=CARTESIAN_POINT('Ctrl Pts',(5.74067970197173,0.4386611366201,-6.47946138921287));
#3318=CARTESIAN_POINT('Ctrl Pts',(5.2488666216537,-2.36584720704655,-6.53911219578925));
#3319=CARTESIAN_POINT('Ctrl Pts',(3.47330769193622,-4.59172692082441,-6.59876300236566));
#3320=CARTESIAN_POINT('Ctrl Pts',(0.848266026740262,-5.69458341786383,-6.65841380894204));
#3321=CARTESIAN_POINT('Ctrl Pts',(-1.98424706451672,-5.40468293631935,-6.71806461551844));
#3322=CARTESIAN_POINT('Ctrl Pts',(-4.33144954003373,-3.79293209953288,-6.77771542209483));
#3323=CARTESIAN_POINT('Ctrl Pts',(-5.61930980392228,-1.25351772381341,-6.83736622867123));
#3324=CARTESIAN_POINT('Ctrl Pts',(-5.53277714080527,1.59246608463755,-6.89701703524762));
#3325=CARTESIAN_POINT('Ctrl Pts',(-4.09315546991666,4.04899183439398,-6.95666784182402));
#3326=CARTESIAN_POINT('Ctrl Pts',(-1.65226658991985,5.51519399345952,-7.0163186484004));
#3327=CARTESIAN_POINT('Ctrl Pts',(1.19236812456279,5.63259179332281,-7.07596945497681));
#3328=CARTESIAN_POINT('Ctrl Pts',(3.74610939318177,4.37224536497576,-7.13562026155319));
#3329=CARTESIAN_POINT('Ctrl Pts',(4.83662204475146,2.81930946401969,-7.17538746593746));
#3330=CARTESIAN_POINT('Ctrl Pts',(5.16299142757558,1.95927654538123,-7.19527106812959));
#3331=CARTESIAN_POINT('Origin',(0.,0.,-4.95));
#3332=CARTESIAN_POINT('Origin',(0.,0.,-6.94600008940697));
#3333=CARTESIAN_POINT('Origin',(0.,0.,-7.9));
#3334=CARTESIAN_POINT('',(5.00000008940697,6.12323410522872E-16,-9.9));
#3335=CARTESIAN_POINT('Origin',(0.,0.,-9.9));
#3336=CARTESIAN_POINT('',(5.00000008940697,6.12323410522872E-16,-7.9));
#3337=CARTESIAN_POINT('',(5.00000008940697,-6.12323410522872E-16,-7.9));
#3338=CARTESIAN_POINT('Origin',(0.,0.,-7.9));
#3339=CARTESIAN_POINT('Origin',(0.,0.,-9.9));
#3340=CARTESIAN_POINT('Origin',(0.,0.,-7.4));
#3341=CARTESIAN_POINT('',(5.50000008940697,6.7355575048024E-16,-7.4));
#3342=CARTESIAN_POINT('Origin',(-6.8053287944081,0.,5.5));
#3343=CARTESIAN_POINT('',(-6.8053287944081,0.,5.5));
#3344=CARTESIAN_POINT('Origin',(-1.20302127726981E-15,0.,5.5));
#3345=CARTESIAN_POINT('Origin',(0.,0.,0.));
#3346=CARTESIAN_POINT('',(-8.75,0.,1.2518544638517E-32));
#3347=CARTESIAN_POINT('Origin',(0.,0.,0.));
#3348=CARTESIAN_POINT('Origin',(1.92687667973243E-16,0.,2.22044604925031E-15));
#3349=CARTESIAN_POINT('Origin',(0.,0.,0.));
#3350=CARTESIAN_POINT('Origin',(-1.80635402874235E-15,0.,3.5));
#3351=CARTESIAN_POINT('',(5.04356025045799,-6.17657991703021E-16,3.5));
#3352=CARTESIAN_POINT('Origin',(-1.6073489238809E-15,0.,3.5));
#3353=CARTESIAN_POINT('Origin',(-2.71615537110821,0.,8.1));
#3354=CARTESIAN_POINT('',(-2.71615537110821,0.,8.1));
#3355=CARTESIAN_POINT('Origin',(-1.6073489238809E-15,0.,8.1));
#3356=CARTESIAN_POINT('Origin',(-1.6073489238809E-15,0.,2.75000000000001));
#3357=CARTESIAN_POINT('',(-5.043560250458,0.,6.));
#3358=CARTESIAN_POINT('Origin',(-1.6073489238809E-15,0.,2.75000000000001));
#3359=CARTESIAN_POINT('',(5.04356025045799,-6.17657991703021E-16,6.));
#3360=CARTESIAN_POINT('Origin',(-1.6073489238809E-15,0.,6.));
#3361=CARTESIAN_POINT('Origin',(-1.6073489238809E-15,0.,6.));
#3362=CARTESIAN_POINT('Origin',(-1.6073489238809E-15,0.,5.75));
#3363=CARTESIAN_POINT('',(5.04356025045799,-6.17657991703021E-16,5.75));
#3364=CARTESIAN_POINT('Origin',(-2.05,0.75,-11.55));
#3365=CARTESIAN_POINT('',(-2.05,0.75,-11.55));
#3366=CARTESIAN_POINT('',(-2.05,0.75,-12.05));
#3367=CARTESIAN_POINT('',(-2.05,0.75,-10.725));
#3368=CARTESIAN_POINT('',(-2.55,0.75,-11.55));
#3369=CARTESIAN_POINT('',(-2.05,0.75,-11.55));
#3370=CARTESIAN_POINT('',(-2.55,0.75,-12.05));
#3371=CARTESIAN_POINT('',(-2.55,0.75,-10.725));
#3372=CARTESIAN_POINT('',(-2.05,0.75,-12.05));
#3373=CARTESIAN_POINT('Origin',(-2.05,0.,-11.55));
#3374=CARTESIAN_POINT('',(-2.05,-0.75,-11.55));
#3375=CARTESIAN_POINT('Origin',(-2.05,0.,-11.55));
#3376=CARTESIAN_POINT('',(-2.55,-0.75,-11.55));
#3377=CARTESIAN_POINT('',(-2.05,-0.75,-11.55));
#3378=CARTESIAN_POINT('Origin',(-2.55,0.,-11.55));
#3379=CARTESIAN_POINT('Origin',(-2.05,-0.75,-12.05));
#3380=CARTESIAN_POINT('',(-2.05,-0.75,-12.05));
#3381=CARTESIAN_POINT('',(-2.05,-0.75,-10.975));
#3382=CARTESIAN_POINT('',(-2.55,-0.75,-12.05));
#3383=CARTESIAN_POINT('',(-2.05,-0.75,-12.05));
#3384=CARTESIAN_POINT('',(-2.55,-0.75,-10.975));
#3385=CARTESIAN_POINT('Origin',(-2.05,0.,-12.05));
#3386=CARTESIAN_POINT('Origin',(-2.05,0.,-12.05));
#3387=CARTESIAN_POINT('Origin',(-2.55,0.,-12.05));
#3388=CARTESIAN_POINT('Origin',(-2.05,-1.4,-12.8));
#3389=CARTESIAN_POINT('',(-2.05,-1.4,-12.8));
#3390=CARTESIAN_POINT('',(-2.05,-0.7,-13.5));
#3391=CARTESIAN_POINT('',(-2.05,-1.425,-12.775));
#3392=CARTESIAN_POINT('',(-2.55,-1.4,-12.8));
#3393=CARTESIAN_POINT('',(-2.05,-1.4,-12.8));
#3394=CARTESIAN_POINT('',(-2.55,-0.7,-13.5));
#3395=CARTESIAN_POINT('',(-2.55,-2.125,-12.075));
#3396=CARTESIAN_POINT('',(-2.175,-0.700000000000002,-13.5));
#3397=CARTESIAN_POINT('Origin',(-2.05,0.7,-13.5));
#3398=CARTESIAN_POINT('',(-2.05,0.7,-13.5));
#3399=CARTESIAN_POINT('',(-2.05,1.4,-12.8));
#3400=CARTESIAN_POINT('',(-2.05,1.775,-12.425));
#3401=CARTESIAN_POINT('',(-2.55,0.7,-13.5));
#3402=CARTESIAN_POINT('',(-2.175,0.700000000000001,-13.5));
#3403=CARTESIAN_POINT('',(-2.55,1.4,-12.8));
#3404=CARTESIAN_POINT('',(-2.55,1.075,-13.125));
#3405=CARTESIAN_POINT('',(-2.3,1.4,-12.8));
#3406=CARTESIAN_POINT('Origin',(-2.3,0.,-13.5));
#3407=CARTESIAN_POINT('',(-2.55,1.4,-13.5));
#3408=CARTESIAN_POINT('',(-2.05,-1.4,-13.5));
#3409=CARTESIAN_POINT('Origin',(-2.05,1.4,-9.9));
#3410=CARTESIAN_POINT('',(-2.05,1.4,-9.9));
#3411=CARTESIAN_POINT('',(-2.05,1.4,-9.9));
#3412=CARTESIAN_POINT('',(-2.05,-1.4,-9.9));
#3413=CARTESIAN_POINT('',(-2.05,-1.4,-9.9));
#3414=CARTESIAN_POINT('',(-2.05,-1.4,-9.9));
#3415=CARTESIAN_POINT('Origin',(-2.55,-1.4,-9.9));
#3416=CARTESIAN_POINT('',(-2.55,-1.4,-9.9));
#3417=CARTESIAN_POINT('',(-2.55,-1.4,-9.9));
#3418=CARTESIAN_POINT('',(-2.55,1.4,-9.9));
#3419=CARTESIAN_POINT('',(-2.55,1.4,-9.9));
#3420=CARTESIAN_POINT('',(-2.55,1.4,-9.9));
#3421=CARTESIAN_POINT('Origin',(-2.05,-1.4,-9.9));
#3422=CARTESIAN_POINT('',(-2.55,-1.4,-9.9));
#3423=CARTESIAN_POINT('Origin',(-2.55,1.4,-9.9));
#3424=CARTESIAN_POINT('',(-2.05,1.4,-9.9));
#3425=CARTESIAN_POINT('Origin',(-2.3,0.,-9.9));
#3426=CARTESIAN_POINT('Origin',(2.05,0.75,-11.55));
#3427=CARTESIAN_POINT('',(2.05,0.75,-11.55));
#3428=CARTESIAN_POINT('',(2.05,0.75,-12.05));
#3429=CARTESIAN_POINT('',(2.05,0.75,-10.725));
#3430=CARTESIAN_POINT('',(2.55,0.75,-12.05));
#3431=CARTESIAN_POINT('',(2.05,0.75,-12.05));
#3432=CARTESIAN_POINT('',(2.55,0.75,-11.55));
#3433=CARTESIAN_POINT('',(2.55,0.75,-10.725));
#3434=CARTESIAN_POINT('',(2.05,0.75,-11.55));
#3435=CARTESIAN_POINT('Origin',(2.05,0.,-11.55));
#3436=CARTESIAN_POINT('',(2.05,-0.75,-11.55));
#3437=CARTESIAN_POINT('Origin',(2.05,0.,-11.55));
#3438=CARTESIAN_POINT('',(2.55,-0.75,-11.55));
#3439=CARTESIAN_POINT('Origin',(2.55,0.,-11.55));
#3440=CARTESIAN_POINT('',(2.05,-0.75,-11.55));
#3441=CARTESIAN_POINT('Origin',(2.05,-0.75,-12.05));
#3442=CARTESIAN_POINT('',(2.05,-0.75,-12.05));
#3443=CARTESIAN_POINT('',(2.05,-0.75,-10.975));
#3444=CARTESIAN_POINT('',(2.55,-0.75,-12.05));
#3445=CARTESIAN_POINT('',(2.55,-0.75,-10.975));
#3446=CARTESIAN_POINT('',(2.05,-0.75,-12.05));
#3447=CARTESIAN_POINT('Origin',(2.05,0.,-12.05));
#3448=CARTESIAN_POINT('Origin',(2.05,0.,-12.05));
#3449=CARTESIAN_POINT('Origin',(2.55,0.,-12.05));
#3450=CARTESIAN_POINT('Origin',(2.05,-1.4,-12.8));
#3451=CARTESIAN_POINT('',(2.05,-1.4,-12.8));
#3452=CARTESIAN_POINT('',(2.05,-0.7,-13.5));
#3453=CARTESIAN_POINT('',(2.05,-1.425,-12.775));
#3454=CARTESIAN_POINT('',(2.55,-0.7,-13.5));
#3455=CARTESIAN_POINT('',(2.175,-0.700000000000002,-13.5));
#3456=CARTESIAN_POINT('',(2.55,-1.4,-12.8));
#3457=CARTESIAN_POINT('',(2.55,-2.125,-12.075));
#3458=CARTESIAN_POINT('',(2.05,-1.4,-12.8));
#3459=CARTESIAN_POINT('Origin',(2.05,0.7,-13.5));
#3460=CARTESIAN_POINT('',(2.05,0.7,-13.5));
#3461=CARTESIAN_POINT('',(2.05,1.4,-12.8));
#3462=CARTESIAN_POINT('',(2.05,1.775,-12.425));
#3463=CARTESIAN_POINT('',(2.55,1.4,-12.8));
#3464=CARTESIAN_POINT('',(2.3,1.4,-12.8));
#3465=CARTESIAN_POINT('',(2.55,0.7,-13.5));
#3466=CARTESIAN_POINT('',(2.55,1.075,-13.125));
#3467=CARTESIAN_POINT('',(2.175,0.700000000000001,-13.5));
#3468=CARTESIAN_POINT('Origin',(2.3,0.,-13.5));
#3469=CARTESIAN_POINT('',(2.05,-1.4,-13.5));
#3470=CARTESIAN_POINT('',(2.55,1.4,-13.5));
#3471=CARTESIAN_POINT('Origin',(2.05,1.4,-9.9));
#3472=CARTESIAN_POINT('',(2.05,-1.4,-9.9));
#3473=CARTESIAN_POINT('',(2.05,-1.4,-9.9));
#3474=CARTESIAN_POINT('',(2.05,1.4,-9.9));
#3475=CARTESIAN_POINT('',(2.05,-1.4,-9.9));
#3476=CARTESIAN_POINT('',(2.05,1.4,-9.9));
#3477=CARTESIAN_POINT('Origin',(2.55,-1.4,-9.9));
#3478=CARTESIAN_POINT('',(2.55,1.4,-9.9));
#3479=CARTESIAN_POINT('',(2.55,1.4,-9.9));
#3480=CARTESIAN_POINT('',(2.55,-1.4,-9.9));
#3481=CARTESIAN_POINT('',(2.55,1.4,-9.9));
#3482=CARTESIAN_POINT('',(2.55,-1.4,-9.9));
#3483=CARTESIAN_POINT('Origin',(2.05,-1.4,-9.9));
#3484=CARTESIAN_POINT('',(2.55,-1.4,-9.9));
#3485=CARTESIAN_POINT('Origin',(2.55,1.4,-9.9));
#3486=CARTESIAN_POINT('',(2.05,1.4,-9.9));
#3487=CARTESIAN_POINT('Origin',(2.3,0.,-9.9));
#3488=UNCERTAINTY_MEASURE_WITH_UNIT(LENGTH_MEASURE(0.01),#3492,
'DISTANCE_ACCURACY_VALUE',
'Maximum model space distance between geometric entities at asserted c
onnectivities');
#3489=UNCERTAINTY_MEASURE_WITH_UNIT(LENGTH_MEASURE(0.01),#3492,
'DISTANCE_ACCURACY_VALUE',
'Maximum model space distance between geometric entities at asserted c
onnectivities');
#3490=(
GEOMETRIC_REPRESENTATION_CONTEXT(3)
GLOBAL_UNCERTAINTY_ASSIGNED_CONTEXT((#3488))
GLOBAL_UNIT_ASSIGNED_CONTEXT((#3492,#3494,#3495))
REPRESENTATION_CONTEXT('','3D')
);
#3491=(
GEOMETRIC_REPRESENTATION_CONTEXT(3)
GLOBAL_UNCERTAINTY_ASSIGNED_CONTEXT((#3489))
GLOBAL_UNIT_ASSIGNED_CONTEXT((#3492,#3494,#3495))
REPRESENTATION_CONTEXT('','3D')
);
#3492=(
LENGTH_UNIT()
NAMED_UNIT(*)
SI_UNIT(.MILLI.,.METRE.)
);
#3493=(
LENGTH_UNIT()
NAMED_UNIT(*)
SI_UNIT($,.METRE.)
);
#3494=(
NAMED_UNIT(*)
PLANE_ANGLE_UNIT()
SI_UNIT($,.RADIAN.)
);
#3495=(
NAMED_UNIT(*)
SI_UNIT($,.STERADIAN.)
SOLID_ANGLE_UNIT()
);
#3496=SHAPE_DEFINITION_REPRESENTATION(#3497,#3498);
#3497=PRODUCT_DEFINITION_SHAPE('',$,#3500);
#3498=SHAPE_REPRESENTATION('',(#968),#3490);
#3499=PRODUCT_DEFINITION_CONTEXT('part definition',#3504,'design');
#3500=PRODUCT_DEFINITION('12mm Push Button Amazon',
'12mm Push Button Amazon v1',#3501,#3499);
#3501=PRODUCT_DEFINITION_FORMATION('',$,#3506);
#3502=PRODUCT_RELATED_PRODUCT_CATEGORY('12mm Push Button Amazon v1',
'12mm Push Button Amazon v1',(#3506));
#3503=APPLICATION_PROTOCOL_DEFINITION('international standard',
'automotive_design',2009,#3504);
#3504=APPLICATION_CONTEXT(
'Core Data for Automotive Mechanical Design Process');
#3505=PRODUCT_CONTEXT('part definition',#3504,'mechanical');
#3506=PRODUCT('12mm Push Button Amazon','12mm Push Button Amazon v1',$,
(#3505));
#3507=PRESENTATION_STYLE_ASSIGNMENT((#3511));
#3508=PRESENTATION_STYLE_ASSIGNMENT((#3512));
#3509=PRESENTATION_STYLE_ASSIGNMENT((#3513));
#3510=PRESENTATION_STYLE_ASSIGNMENT((#3514));
#3511=SURFACE_STYLE_USAGE(.BOTH.,#3515);
#3512=SURFACE_STYLE_USAGE(.BOTH.,#3516);
#3513=SURFACE_STYLE_USAGE(.BOTH.,#3517);
#3514=SURFACE_STYLE_USAGE(.BOTH.,#3518);
#3515=SURFACE_SIDE_STYLE('',(#3519));
#3516=SURFACE_SIDE_STYLE('',(#3520));
#3517=SURFACE_SIDE_STYLE('',(#3521));
#3518=SURFACE_SIDE_STYLE('',(#3522));
#3519=SURFACE_STYLE_FILL_AREA(#3523);
#3520=SURFACE_STYLE_FILL_AREA(#3524);
#3521=SURFACE_STYLE_FILL_AREA(#3525);
#3522=SURFACE_STYLE_FILL_AREA(#3526);
#3523=FILL_AREA_STYLE('Stainless Steel - Satin',(#3527));
#3524=FILL_AREA_STYLE('ABS (White)',(#3528));
#3525=FILL_AREA_STYLE('ABS (White) (1)',(#3529));
#3526=FILL_AREA_STYLE('Copper - Raw',(#3530));
#3527=FILL_AREA_STYLE_COLOUR('Stainless Steel - Satin',#3531);
#3528=FILL_AREA_STYLE_COLOUR('ABS (White)',#3532);
#3529=FILL_AREA_STYLE_COLOUR('ABS (White) (1)',#3533);
#3530=FILL_AREA_STYLE_COLOUR('Copper - Raw',#3534);
#3531=COLOUR_RGB('Stainless Steel - Satin',0.796078431372549,0.796078431372549,
0.796078431372549);
#3532=COLOUR_RGB('ABS (White)',0.192156862745098,0.192156862745098,0.192156862745098);
#3533=COLOUR_RGB('ABS (White) (1)',0.,0.568627450980392,1.);
#3534=COLOUR_RGB('Copper - Raw',0.,0.,0.);
ENDSEC;
END-ISO-10303-21;
