ISO-10303-21;
HEADER;
FILE_DESCRIPTION (( 'STEP AP214' ),
    '1' );
FILE_NAME ('CUI_DEVICES_CMS-305-158SP-67.step',
    '2020-08-07T12:03:09',
    ( '' ),
    ( '' ),
    'SwSTEP 2.0',
    'SolidWorks 2020',
    '' );
FILE_SCHEMA (( 'AUTOMOTIVE_DESIGN' ));
ENDSEC;

DATA;
#1 = DIRECTION ( 'NONE',  ( 0.9999595181125350285, 0.008997896206719469686, 0.0000000000000000000 ) ) ;
#2 = CYLINDRICAL_SURFACE ( 'NONE', #1934, 0.5026578869255905468 ) ;
#3 = ORIENTED_EDGE ( 'NONE', *, *, #2327, .F. ) ;
#4 = CARTESIAN_POINT ( 'NONE',  ( -0.05905511811023692048, -0.5216485394792121921, -0.01282800867512720253 ) ) ;
#5 = DIRECTION ( 'NONE',  ( 0.1123595505618001505, -0.9936676161562024712, -7.796510004390138882E-16 ) ) ;
#6 = DIRECTION ( 'NONE',  ( 0.1636351031488065821, -0.9865209338972383835, -1.142312968200734568E-15 ) ) ;
#7 = CARTESIAN_POINT ( 'NONE',  ( -0.3597074019655906452, -0.2076771653543307283, 0.06372777114399647003 ) ) ;
#8 = ORIENTED_EDGE ( 'NONE', *, *, #645, .F. ) ;
#9 = CARTESIAN_POINT ( 'NONE',  ( -0.05905511811023686497, -0.5026062164116161801, -0.007138370588289101246 ) ) ;
#10 = CLOSED_SHELL ( 'NONE', ( #731, #382, #1147, #3039 ) ) ;
#11 = PRESENTATION_LAYER_ASSIGNMENT (  '', '', ( #2053 ) ) ;
#12 = DIRECTION ( 'NONE',  ( -0.1020408163264970025, -0.9947802128125700083, 7.080503983578804809E-16 ) ) ;
#13 = DIRECTION ( 'NONE',  ( -6.982962677686266711E-15, 0.0000000000000000000, -1.000000000000000000 ) ) ;
#14 =( GEOMETRIC_REPRESENTATION_CONTEXT ( 3 ) GLOBAL_UNCERTAINTY_ASSIGNED_CONTEXT ( ( #2144 ) ) GLOBAL_UNIT_ASSIGNED_CONTEXT ( ( #1382, #56, #628 ) ) REPRESENTATION_CONTEXT ( 'NONE', 'WORKASPACE' ) );
#15 = ADVANCED_FACE ( 'NONE', ( #3559 ), #757, .T. ) ;
#16 = EDGE_LOOP ( 'NONE', ( #2695, #3150, #2349, #1264 ) ) ;
#17 = CARTESIAN_POINT ( 'NONE',  ( 0.1941220586964992056, -0.3123099841562921308, -0.002925697486148078931 ) ) ;
#18 = ADVANCED_FACE ( 'NONE', ( #3025 ), #2, .T. ) ;
#19 = VECTOR ( 'NONE', #3052, 39.37007874015748143 ) ;
#20 = FILL_AREA_STYLE_COLOUR ( '', #495 ) ;
#21 = FACE_BOUND ( 'NONE', #811, .T. ) ;
#22 = CIRCLE ( 'NONE', #3346, 0.5162692607295276126 ) ;
#23 = DIRECTION ( 'NONE',  ( 0.0000000000000000000, -1.000000000000000000, 0.0000000000000000000 ) ) ;
#24 = ORIENTED_EDGE ( 'NONE', *, *, #919, .T. ) ;
#25 = AXIS2_PLACEMENT_3D ( 'NONE', #1214, #2338, #3390 ) ;
#26 = DIRECTION ( 'NONE',  ( 0.0000000000000000000, 1.000000000000000000, 0.0000000000000000000 ) ) ;
#27 = CARTESIAN_POINT ( 'NONE',  ( -0.03136597330126039695, -0.3637722774382283197, 0.004672653033757934518 ) ) ;
#28 = VERTEX_POINT ( 'NONE', #1059 ) ;
#29 = ORIENTED_EDGE ( 'NONE', *, *, #1958, .F. ) ;
#30 = DIRECTION ( 'NONE',  ( -6.982962677686266711E-15, 0.0000000000000000000, -1.000000000000000000 ) ) ;
#31 = AXIS2_PLACEMENT_3D ( 'NONE', #2180, #1050, #2478 ) ;
#32 = CIRCLE ( 'NONE', #1609, 0.05511811023622047861 ) ;
#33 = VECTOR ( 'NONE', #435, 39.37007874015748143 ) ;
#34 = DIRECTION ( 'NONE',  ( -6.982962677686266711E-15, 0.0000000000000000000, -1.000000000000000000 ) ) ;
#35 = ORIENTED_EDGE ( 'NONE', *, *, #2000, .T. ) ;
#36 =( CONVERSION_BASED_UNIT ( 'INCH', #2555 ) LENGTH_UNIT ( ) NAMED_UNIT ( #270 ) );
#37 = AXIS2_PLACEMENT_3D ( 'NONE', #123, #2641, #3170 ) ;
#38 = EDGE_CURVE ( 'NONE', #1405, #1298, #1351, .T. ) ;
#39 = DIRECTION ( 'NONE',  ( -6.982962677686266711E-15, 0.0000000000000000000, -1.000000000000000000 ) ) ;
#40 = ORIENTED_EDGE ( 'NONE', *, *, #2557, .T. ) ;
#41 = CARTESIAN_POINT ( 'NONE',  ( -0.1967203040098430833, -0.3075958649006627077, 0.002218586399326789773 ) ) ;
#42 = DIRECTION ( 'NONE',  ( -1.000000000000000000, 0.0000000000000000000, 6.982962677686265922E-15 ) ) ;
#43 = SURFACE_SIDE_STYLE ('',( #2560 ) ) ;
#44 = VERTEX_POINT ( 'NONE', #2469 ) ;
#45 = SURFACE_STYLE_USAGE ( .BOTH. , #1992 ) ;
#46 = CARTESIAN_POINT ( 'NONE',  ( -1.417643986442973787E-16, 0.0000000000000000000, 0.06372777114399395815 ) ) ;
#47 = DIRECTION ( 'NONE',  ( 0.1000000000000019623, -0.9949874371066197432, -6.938893903907224433E-16 ) ) ;
#48 = ORIENTED_EDGE ( 'NONE', *, *, #1850, .F. ) ;
#49 = ORIENTED_EDGE ( 'NONE', *, *, #1390, .F. ) ;
#50 = CARTESIAN_POINT ( 'NONE',  ( 8.067088784430104916E-16, 0.0000000000000000000, 0.1995545427975372876 ) ) ;
#51 = B_SPLINE_CURVE_WITH_KNOTS ( 'NONE', 3,
 ( #502, #1621, #2137, #1636, #1596, #1332 ),
 .UNSPECIFIED., .F., .F.,
 ( 4, 2, 4 ),
 ( 2.357740904424692704E-17, 0.0002567902199530485178, 0.0005135804399060734000 ),
 .UNSPECIFIED. ) ;
#52 = CARTESIAN_POINT ( 'NONE',  ( -1.417643986442973787E-16, 0.0000000000000000000, 0.06372777114399395815 ) ) ;
#53 = EDGE_LOOP ( 'NONE', ( #1692, #3381 ) ) ;
#54 = DIRECTION ( 'NONE',  ( -6.982962677686266711E-15, 0.0000000000000000000, -1.000000000000000000 ) ) ;
#55 = CARTESIAN_POINT ( 'NONE',  ( 0.09180757811621922948, -0.5054410255581694988, -0.002671272028389123226 ) ) ;
#56 =( NAMED_UNIT ( * ) PLANE_ANGLE_UNIT ( ) SI_UNIT ( $, .RADIAN. ) );
#57 =( CONVERSION_BASED_UNIT ( 'INCH', #3164 ) LENGTH_UNIT ( ) NAMED_UNIT ( #2518 ) );
#58 = CARTESIAN_POINT ( 'NONE',  ( 0.3597074019655903676, 0.2076771653543307283, 0.06372777114399144627 ) ) ;
#59 = FILL_AREA_STYLE ('',( #898 ) ) ;
#60 = VERTEX_POINT ( 'NONE', #3576 ) ;
#61 = LENGTH_MEASURE_WITH_UNIT ( LENGTH_MEASURE( 0.02539999999999999897 ), #3397 );
#62 = ADVANCED_FACE ( 'NONE', ( #810 ), #3043, .T. ) ;
#63 = FACE_OUTER_BOUND ( 'NONE', #924, .T. ) ;
#64 = CARTESIAN_POINT ( 'NONE',  ( -0.03744807212450269873, -0.3693085455479148127, -0.005661158628307343989 ) ) ;
#65 = ORIENTED_EDGE ( 'NONE', *, *, #338, .T. ) ;
#66 = ORIENTED_EDGE ( 'NONE', *, *, #2458, .F. ) ;
#67 = DIRECTION ( 'NONE',  ( -0.1737505122916075395, 0.9847897031744412555, 1.213293342561164359E-15 ) ) ;
#68 = EDGE_CURVE ( 'NONE', #2213, #618, #300, .T. ) ;
#69 = DIRECTION ( 'NONE',  ( -1.000000000000000000, 0.0000000000000000000, 6.982962677686266711E-15 ) ) ;
#70 = ORIENTED_EDGE ( 'NONE', *, *, #1027, .T. ) ;
#71 = CARTESIAN_POINT ( 'NONE',  ( -0.2066929133858269596, -0.2363455213631495966, 0.05979076326997966734 ) ) ;
#72 = ORIENTED_EDGE ( 'NONE', *, *, #2148, .T. ) ;
#73 = DIRECTION ( 'NONE',  ( 0.0000000000000000000, 1.000000000000000000, 0.0000000000000000000 ) ) ;
#74 = AXIS2_PLACEMENT_3D ( 'NONE', #1733, #3441, #2567 ) ;
#75 = CARTESIAN_POINT ( 'NONE',  ( 0.05905511811023547025, -0.4765581655182592469, -0.02485490602136165503 ) ) ;
#76 = CIRCLE ( 'NONE', #3456, 0.3769330499553150138 ) ;
#77 = DIRECTION ( 'NONE',  ( -6.982962677686266711E-15, 0.0000000000000000000, -1.000000000000000000 ) ) ;
#78 = CARTESIAN_POINT ( 'NONE',  ( -0.09250756241847236938, -0.3551216477030294527, -0.001716732653586674042 ) ) ;
#79 = FACE_OUTER_BOUND ( 'NONE', #1743, .T. ) ;
#80 = ORIENTED_EDGE ( 'NONE', *, *, #3202, .F. ) ;
#81 = CARTESIAN_POINT ( 'NONE',  ( 0.2066929133858268208, -0.4826547328036485673, 0.08151912986795217808 ) ) ;
#82 = AXIS2_PLACEMENT_3D ( 'NONE', #1533, #1770, #2889 ) ;
#83 = CARTESIAN_POINT ( 'NONE',  ( -0.03435586771687388491, -0.3664995878831676657, -0.003197631582055410204 ) ) ;
#84 = ORIENTED_EDGE ( 'NONE', *, *, #2846, .F. ) ;
#85 = EDGE_CURVE ( 'NONE', #3543, #106, #1878, .T. ) ;
#86 = ORIENTED_EDGE ( 'NONE', *, *, #2642, .F. ) ;
#87 = CYLINDRICAL_SURFACE ( 'NONE', #2768, 0.05511811023622047861 ) ;
#88 = CIRCLE ( 'NONE', #729, 0.05511811023622047861 ) ;
#89 = MECHANICAL_DESIGN_GEOMETRIC_PRESENTATION_REPRESENTATION (  '', ( #1130 ), #2597 ) ;
#90 = FILL_AREA_STYLE_COLOUR ( '', #2834 ) ;
#91 = ORIENTED_EDGE ( 'NONE', *, *, #2968, .T. ) ;
#92 = AXIS2_PLACEMENT_3D ( 'NONE', #3035, #909, #2019 ) ;
#93 = VECTOR ( 'NONE', #1414, 39.37007874015748143 ) ;
#94 = DIRECTION ( 'NONE',  ( -6.982962677686266711E-15, 0.0000000000000000000, -1.000000000000000000 ) ) ;
#95 = AXIS2_PLACEMENT_3D ( 'NONE', #2120, #1581, #876 ) ;
#96 = LINE ( 'NONE', #3446, #1766 ) ;
#97 = EDGE_CURVE ( 'NONE', #2689, #3107, #3109, .T. ) ;
#98 = CIRCLE ( 'NONE', #1373, 0.5026578869255908799 ) ;
#99 = CARTESIAN_POINT ( 'NONE',  ( 0.3139636675963562995, 0.002825126860180573324, -0.01304388239931532703 ) ) ;
#100 = CARTESIAN_POINT ( 'NONE',  ( -0.09342510081090965590, -0.3539315665334695216, 6.474035680393648757E-05 ) ) ;
#101 = FACE_OUTER_BOUND ( 'NONE', #2099, .T. ) ;
#102 = VERTEX_POINT ( 'NONE', #1184 ) ;
#103 = FACE_OUTER_BOUND ( 'NONE', #1616, .T. ) ;
#104 = CARTESIAN_POINT ( 'NONE',  ( 0.2066928907657872572, -0.4581953130417323328, 0.06373280420009486136 ) ) ;
#105 = CARTESIAN_POINT ( 'NONE',  ( 0.1967203040098422784, -0.3075958649006693135, 0.04404273177391384436 ) ) ;
#106 = VERTEX_POINT ( 'NONE', #2806 ) ;
#107 = EDGE_LOOP ( 'NONE', ( #3119, #555, #3457, #2343 ) ) ;
#108 = DIRECTION ( 'NONE',  ( -6.982962677686266711E-15, 0.0000000000000000000, -1.000000000000000000 ) ) ;
#109 = EDGE_CURVE ( 'NONE', #1980, #2790, #1742, .T. ) ;
#110 = ORIENTED_EDGE ( 'NONE', *, *, #232, .F. ) ;
#111 = FACE_OUTER_BOUND ( 'NONE', #2282, .T. ) ;
#112 = EDGE_LOOP ( 'NONE', ( #2122, #3200, #2377, #2696 ) ) ;
#113 = EDGE_CURVE ( 'NONE', #1563, #169, #1960, .T. ) ;
#114 = CARTESIAN_POINT ( 'NONE',  ( 0.08596834165798269978, -0.5005220597653547987, -0.006718665809329420723 ) ) ;
#115 = CARTESIAN_POINT ( 'NONE',  ( 0.2627952755905510474, 0.3597074019655905341, 0.06372777114399211240 ) ) ;
#116 = ADVANCED_FACE ( 'NONE', ( #79 ), #1150, .T. ) ;
#117 = CARTESIAN_POINT ( 'NONE',  ( -2.792242938743420261E-16, 0.0000000000000000000, 0.04404273177391521132 ) ) ;
#118 = CARTESIAN_POINT ( 'NONE',  ( -0.09435809928536768865, -0.5075731461311422388, 0.003082431284785974376 ) ) ;
#119 = CYLINDRICAL_SURFACE ( 'NONE', #1822, 0.01181102362204724393 ) ;
#120 = ADVANCED_FACE ( 'NONE', ( #1131 ), #2249, .T. ) ;
#121 = VERTEX_POINT ( 'NONE', #2028 ) ;
#122 = CYLINDRICAL_SURFACE ( 'NONE', #3284, 0.05511811023622047861 ) ;
#123 = CARTESIAN_POINT ( 'NONE',  ( 5.867730460749391543E-16, 0.0000000000000000000, 0.1680584798054112761 ) ) ;
#124 = DIRECTION ( 'NONE',  ( 0.0000000000000000000, -1.000000000000000000, 0.0000000000000000000 ) ) ;
#125 = VERTEX_POINT ( 'NONE', #877 ) ;
#126 = ORIENTED_EDGE ( 'NONE', *, *, #601, .F. ) ;
#127 = DIRECTION ( 'NONE',  ( -1.000000000000000000, 0.0000000000000000000, 6.969871108835385309E-15 ) ) ;
#128 = DIRECTION ( 'NONE',  ( -6.982962677686265922E-15, 0.0000000000000000000, -1.000000000000000000 ) ) ;
#129 = FILL_AREA_STYLE_COLOUR ( '', #3002 ) ;
#130 = ORIENTED_EDGE ( 'NONE', *, *, #818, .F. ) ;
#131 = DIRECTION ( 'NONE',  ( -1.000000000000000000, 0.0000000000000000000, 6.996718019773122999E-15 ) ) ;
#132 = DIRECTION ( 'NONE',  ( -6.982962677686265922E-15, 0.0000000000000000000, -1.000000000000000000 ) ) ;
#133 = ADVANCED_FACE ( 'NONE', ( #2229 ), #1757, .T. ) ;
#134 = SURFACE_SIDE_STYLE ('',( #2914 ) ) ;
#135 = CARTESIAN_POINT ( 'NONE',  ( -0.08996597039088835568, -0.3583947361723451852, -0.004518792685835448970 ) ) ;
#136 = DIRECTION ( 'NONE',  ( 0.0000000000000000000, 1.000000000000000000, 0.0000000000000000000 ) ) ;
#137 = EDGE_CURVE ( 'NONE', #2551, #1060, #3499, .T. ) ;
#138 = VERTEX_POINT ( 'NONE', #318 ) ;
#139 = LINE ( 'NONE', #162, #2169 ) ;
#140 = TOROIDAL_SURFACE ( 'NONE', #2766, 0.5044582371074803895, 0.01181102362204724393 ) ;
#141 = CARTESIAN_POINT ( 'NONE',  ( 0.2066929133858267931, -0.4832426585547244247, 0.08734981838808698884 ) ) ;
#142 =( NAMED_UNIT ( * ) PLANE_ANGLE_UNIT ( ) SI_UNIT ( $, .RADIAN. ) );
#143 = AXIS2_PLACEMENT_3D ( 'NONE', #2123, #707, #3230 ) ;
#144 = VERTEX_POINT ( 'NONE', #1724 ) ;
#145 = ADVANCED_FACE ( 'NONE', ( #1446 ), #119, .T. ) ;
#146 = ORIENTED_EDGE ( 'NONE', *, *, #1238, .T. ) ;
#147 = DIRECTION ( 'NONE',  ( -6.982962677686266711E-15, 0.0000000000000000000, -1.000000000000000000 ) ) ;
#148 = VECTOR ( 'NONE', #3309, 39.37007874015748143 ) ;
#149 = ADVANCED_FACE ( 'NONE', ( #2659 ), #3276, .T. ) ;
#150 = DIRECTION ( 'NONE',  ( -6.982962677686265922E-15, 0.0000000000000000000, -1.000000000000000000 ) ) ;
#151 = CIRCLE ( 'NONE', #2173, 0.5905511811023621549 ) ;
#152 = AXIS2_PLACEMENT_3D ( 'NONE', #3006, #3311, #3596 ) ;
#153 = DIRECTION ( 'NONE',  ( -6.982962677686265922E-15, 0.0000000000000000000, -1.000000000000000000 ) ) ;
#154 = LINE ( 'NONE', #3465, #3335 ) ;
#155 = FACE_OUTER_BOUND ( 'NONE', #3071, .T. ) ;
#156 = AXIS2_PLACEMENT_3D ( 'NONE', #2199, #308, #1397 ) ;
#157 = COLOUR_RGB ( '',0.2509803921568627416, 0.2509803921568627416, 0.2509803921568627416 ) ;
#158 = PLANE ( 'NONE',  #2835 ) ;
#159 = CARTESIAN_POINT ( 'NONE',  ( -0.08644039456671101518, -0.3628867569943973748, -0.006478637132916208186 ) ) ;
#160 = PRESENTATION_STYLE_ASSIGNMENT (( #717 ) ) ;
#161 = ORIENTED_EDGE ( 'NONE', *, *, #1602, .T. ) ;
#162 = CARTESIAN_POINT ( 'NONE',  ( -0.09435809928543337222, -0.3527189294792126284, 0.04404273177391588440 ) ) ;
#163 = EDGE_CURVE ( 'NONE', #2262, #2075, #828, .T. ) ;
#164 = AXIS2_PLACEMENT_3D ( 'NONE', #353, #630, #1741 ) ;
#165 = FACE_OUTER_BOUND ( 'NONE', #3098, .T. ) ;
#166 = FILL_AREA_STYLE_COLOUR ( '', #2594 ) ;
#167 = AXIS2_PLACEMENT_3D ( 'NONE', #2136, #1566, #2392 ) ;
#168 = ORIENTED_EDGE ( 'NONE', *, *, #2744, .F. ) ;
#169 = VERTEX_POINT ( 'NONE', #1263 ) ;
#170 = FACE_OUTER_BOUND ( 'NONE', #726, .T. ) ;
#171 = DIRECTION ( 'NONE',  ( 0.0000000000000000000, -1.000000000000000000, 0.0000000000000000000 ) ) ;
#172 = EDGE_CURVE ( 'NONE', #2429, #2317, #2647, .T. ) ;
#173 = DIRECTION ( 'NONE',  ( 1.000000000000000000, 0.0000000000000000000, -6.982962677686265922E-15 ) ) ;
#174 = DIRECTION ( 'NONE',  ( 1.000000000000000000, 0.0000000000000000000, -6.969871108835385309E-15 ) ) ;
#175 = DIRECTION ( 'NONE',  ( -6.982962677686265922E-15, 0.0000000000000000000, -1.000000000000000000 ) ) ;
#176 = ORIENTED_EDGE ( 'NONE', *, *, #3500, .F. ) ;
#177 = DIRECTION ( 'NONE',  ( -0.4111999806667108737, -0.9115451584533245111, 2.870256807225850725E-15 ) ) ;
#178 = EDGE_CURVE ( 'NONE', #2361, #2644, #2897, .T. ) ;
#179 = ORIENTED_EDGE ( 'NONE', *, *, #1247, .T. ) ;
#180 = CARTESIAN_POINT ( 'NONE',  ( 0.05905511811023636537, -0.5757192570213994776, 0.1050663538211589060 ) ) ;
#181 = DIRECTION ( 'NONE',  ( 0.0000000000000000000, -1.000000000000000000, 0.0000000000000000000 ) ) ;
#182 = EDGE_LOOP ( 'NONE', ( #930, #2091, #2381, #852 ) ) ;
#183 = ORIENTED_EDGE ( 'NONE', *, *, #2269, .T. ) ;
#184 = CARTESIAN_POINT ( 'NONE',  ( 0.05905511811023641394, -0.5862935943244645953, 0.1106869535649222247 ) ) ;
#185 = FACE_OUTER_BOUND ( 'NONE', #1231, .T. ) ;
#186 = B_SPLINE_CURVE_WITH_KNOTS ( 'NONE', 3,
 ( #2743, #3318, #1915, #2159, #239, #1339, #3566, #1641, #1065, #639 ),
 .UNSPECIFIED., .F., .F.,
 ( 4, 2, 2, 2, 4 ),
 ( 0.0000000000000000000, 0.2500000000000014988, 0.3750000000000012212, 0.5000000000000009992, 1.000000000000000000 ),
 .UNSPECIFIED. ) ;
#187 = ADVANCED_FACE ( 'NONE', ( #1577 ), #1851, .F. ) ;
#188 = CARTESIAN_POINT ( 'NONE',  ( -5.541440843344312717E-16, 0.0000000000000000000, 0.004672653033757728953 ) ) ;
#189 = CARTESIAN_POINT ( 'NONE',  ( 1.331553918157918670E-16, 0.0000000000000000000, 0.1030978498841514379 ) ) ;
#190 = CARTESIAN_POINT ( 'NONE',  ( -0.3045892917293698821, -0.2076771653543307283, 0.1030978498841535473 ) ) ;
#191 = ORIENTED_EDGE ( 'NONE', *, *, #2846, .T. ) ;
#192 = CARTESIAN_POINT ( 'NONE',  ( 0.05511811023622061045, 0.4153543307086614567, 0.1030978498841510355 ) ) ;
#193 = AXIS2_PLACEMENT_3D ( 'NONE', #2163, #786, #1615 ) ;
#194 = CARTESIAN_POINT ( 'NONE',  ( 0.03444976606793042490, -0.3665918484091748586, -0.003303955439373774689 ) ) ;
#195 = CARTESIAN_POINT ( 'NONE',  ( 0.03136597330126349864, -0.4232516879196850934, 0.04404273177391498928 ) ) ;
#196 = ORIENTED_EDGE ( 'NONE', *, *, #2269, .F. ) ;
#197 = ORIENTED_EDGE ( 'NONE', *, *, #2402, .T. ) ;
#198 = FACE_OUTER_BOUND ( 'NONE', #1670, .T. ) ;
#199 = AXIS2_PLACEMENT_3D ( 'NONE', #2761, #1699, #2495 ) ;
#200 = PRESENTATION_LAYER_ASSIGNMENT (  '', '', ( #662 ) ) ;
#201 = ADVANCED_FACE ( 'NONE', ( #461 ), #686, .T. ) ;
#202 = DIRECTION ( 'NONE',  ( -1.000000000000000000, 0.0000000000000000000, 6.996718019773122999E-15 ) ) ;
#203 =( GEOMETRIC_REPRESENTATION_CONTEXT ( 3 ) GLOBAL_UNCERTAINTY_ASSIGNED_CONTEXT ( ( #1900 ) ) GLOBAL_UNIT_ASSIGNED_CONTEXT ( ( #472, #782, #1628 ) ) REPRESENTATION_CONTEXT ( 'NONE', 'WORKASPACE' ) );
#204 = EDGE_CURVE ( 'NONE', #563, #1574, #658, .T. ) ;
#205 = AXIS2_PLACEMENT_3D ( 'NONE', #303, #635, #3138 ) ;
#206 = FACE_OUTER_BOUND ( 'NONE', #1860, .T. ) ;
#207 = MECHANICAL_DESIGN_GEOMETRIC_PRESENTATION_REPRESENTATION (  '', ( #2119 ), #3463 ) ;
#208 = CARTESIAN_POINT ( 'NONE',  ( -0.03326259385205024288, -0.4232516879196850934, -0.001777144364201655412 ) ) ;
#209 = CIRCLE ( 'NONE', #1607, 0.05511811023622047861 ) ;
#210 = DIRECTION ( 'NONE',  ( -1.000000000000000000, 0.0000000000000000000, 7.002139030635552099E-15 ) ) ;
#211 = ORIENTED_EDGE ( 'NONE', *, *, #579, .F. ) ;
#212 = CARTESIAN_POINT ( 'NONE',  ( -1.417643986442973787E-16, 0.0000000000000000000, 0.06372777114399395815 ) ) ;
#213 = ADVANCED_FACE ( 'NONE', ( #101 ), #3433, .T. ) ;
#214 = CIRCLE ( 'NONE', #2784, 0.5905511811023621549 ) ;
#215 =( CONVERSION_BASED_UNIT ( 'INCH', #1854 ) LENGTH_UNIT ( ) NAMED_UNIT ( #2061 ) );
#216 = LINE ( 'NONE', #2100, #3584 ) ;
#217 = VERTEX_POINT ( 'NONE', #2638 ) ;
#218 = VERTEX_POINT ( 'NONE', #412 ) ;
#219 = PRESENTATION_STYLE_ASSIGNMENT (( #2490 ) ) ;
#220 = VECTOR ( 'NONE', #3207, 39.37007874015748143 ) ;
#221 = CARTESIAN_POINT ( 'NONE',  ( -0.4704724409448820532, 0.0000000000000000000, 0.06372777114399723331 ) ) ;
#222 = ADVANCED_FACE ( 'NONE', ( #1240 ), #885, .T. ) ;
#223 = EDGE_CURVE ( 'NONE', #3489, #2295, #2360, .T. ) ;
#224 = FACE_OUTER_BOUND ( 'NONE', #2869, .T. ) ;
#225 = ADVANCED_FACE ( 'NONE', ( #515 ), #1864, .T. ) ;
#226 = UNCERTAINTY_MEASURE_WITH_UNIT (LENGTH_MEASURE( 1.000000000000000082E-05 ), #2386, 'distance_accuracy_value', 'NONE');
#227 = DIRECTION ( 'NONE',  ( -6.982962677686265922E-15, 0.0000000000000000000, -1.000000000000000000 ) ) ;
#228 = DIRECTION ( 'NONE',  ( -1.000000000000000000, 0.0000000000000000000, 7.011425895934133952E-15 ) ) ;
#229 = ORIENTED_EDGE ( 'NONE', *, *, #68, .T. ) ;
#230 = CARTESIAN_POINT ( 'NONE',  ( 0.08592912790137278989, -0.3634844658284350771, -0.006704380525989669590 ) ) ;
#231 = EDGE_LOOP ( 'NONE', ( #3126, #3026, #1192, #1732 ) ) ;
#232 = EDGE_CURVE ( 'NONE', #446, #2213, #3562, .T. ) ;
#233 = CARTESIAN_POINT ( 'NONE',  ( -0.2066929133858270706, -0.4832426585547244247, 0.04404273177391666155 ) ) ;
#234 = DIRECTION ( 'NONE',  ( -6.982962677686265922E-15, 0.0000000000000000000, -1.000000000000000000 ) ) ;
#235 = VERTEX_POINT ( 'NONE', #190 ) ;
#236 = VERTEX_POINT ( 'NONE', #3520 ) ;
#237 = CARTESIAN_POINT ( 'NONE',  ( -1.417643986442973787E-16, 0.0000000000000000000, 0.06372777114399395815 ) ) ;
#238 = CARTESIAN_POINT ( 'NONE',  ( -0.05905511811023678864, -0.5128805344322835413, 0.004672653033758138348 ) ) ;
#239 = CARTESIAN_POINT ( 'NONE',  ( 0.03939379829631362712, -0.4238444241546591718, -0.006531334283739875964 ) ) ;
#240 = DIRECTION ( 'NONE',  ( -1.000000000000000000, 0.0000000000000000000, 6.969871108835385309E-15 ) ) ;
#241 = CARTESIAN_POINT ( 'NONE',  ( -0.05905511811023608781, -0.5222623100665354512, 0.1050663538211597248 ) ) ;
#242 = ADVANCED_FACE ( 'NONE', ( #1936 ), #2763, .T. ) ;
#243 = DIRECTION ( 'NONE',  ( 0.9999595181125348065, 0.008997896206719317030, -6.982679994176975993E-15 ) ) ;
#244 = ORIENTED_EDGE ( 'NONE', *, *, #3163, .F. ) ;
#245 = CARTESIAN_POINT ( 'NONE',  ( 0.5905449333788596045, -0.002716461292468724895, 0.1168773774432024237 ) ) ;
#246 = EDGE_CURVE ( 'NONE', #1345, #2102, #3050, .T. ) ;
#247 = DIRECTION ( 'NONE',  ( -0.4111999806667108737, -0.9115451584533245111, 2.870256807225850725E-15 ) ) ;
#248 = CARTESIAN_POINT ( 'NONE',  ( 0.04317699692330644740, -0.3744519609847244968, -0.007138370588289819421 ) ) ;
#249 = CARTESIAN_POINT ( 'NONE',  ( -1.417643986442973787E-16, 0.0000000000000000000, 0.06372777114399395815 ) ) ;
#250 = CARTESIAN_POINT ( 'NONE',  ( -1.417643986442973787E-16, 0.0000000000000000000, 0.06372777114399395815 ) ) ;
#251 = ORIENTED_EDGE ( 'NONE', *, *, #1916, .F. ) ;
#252 = FACE_OUTER_BOUND ( 'NONE', #2515, .T. ) ;
#253 = STYLED_ITEM ( 'NONE', ( #160 ), #149 ) ;
#254 = DIRECTION ( 'NONE',  ( -1.000000000000000000, 0.0000000000000000000, 6.982962677686265922E-15 ) ) ;
#255 = TOROIDAL_SURFACE ( 'NONE', #774, 0.5044582371074803895, 0.01181102362204724393 ) ;
#256 = CARTESIAN_POINT ( 'NONE',  ( 0.08254707566338519154, -0.4976586111834646053, -0.007138370588290092640 ) ) ;
#257 = CARTESIAN_POINT ( 'NONE',  ( -0.05905511811023684415, -0.5104778714410592722, -0.002486285265713071742 ) ) ;
#258 = EDGE_CURVE ( 'NONE', #2828, #2453, #2994, .T. ) ;
#259 = VECTOR ( 'NONE', #1171, 39.37007874015748143 ) ;
#260 = CARTESIAN_POINT ( 'NONE',  ( -0.3597074019655906452, 0.2076771653543307283, 0.06372777114399647003 ) ) ;
#261 = AXIS2_PLACEMENT_3D ( 'NONE', #1821, #1272, #998 ) ;
#262 = CARTESIAN_POINT ( 'NONE',  ( -2.792242938743420261E-16, 0.0000000000000000000, 0.04404273177391521132 ) ) ;
#263 = PRESENTATION_LAYER_ASSIGNMENT (  '', '', ( #1303 ) ) ;
#264 =( LENGTH_UNIT ( ) NAMED_UNIT ( * ) SI_UNIT ( $, .METRE. ) );
#265 = LINE ( 'NONE', #1633, #148 ) ;
#266 = FILL_AREA_STYLE ('',( #20 ) ) ;
#267 = AXIS2_PLACEMENT_3D ( 'NONE', #3227, #2694, #1622 ) ;
#268 = CARTESIAN_POINT ( 'NONE',  ( -0.3021531221068395334, -0.002718852495534319208, -0.01304388239931102492 ) ) ;
#269 = LINE ( 'NONE', #2716, #2658 ) ;
#270 = DIMENSIONAL_EXPONENTS ( 1.000000000000000000, 0.0000000000000000000, 0.0000000000000000000, 0.0000000000000000000, 0.0000000000000000000, 0.0000000000000000000, 0.0000000000000000000 ) ;
#271 = EDGE_CURVE ( 'NONE', #3107, #418, #3019, .T. ) ;
#272 = ORIENTED_EDGE ( 'NONE', *, *, #363, .T. ) ;
#273 = EDGE_LOOP ( 'NONE', ( #1169, #1909, #3568, #3370 ) ) ;
#274 = DIRECTION ( 'NONE',  ( 0.0000000000000000000, -1.000000000000000000, 0.0000000000000000000 ) ) ;
#275 = COLOUR_RGB ( '',1.000000000000000000, 1.000000000000000000, 1.000000000000000000 ) ;
#276 = EDGE_CURVE ( 'NONE', #2295, #825, #2202, .T. ) ;
#277 = AXIS2_PLACEMENT_3D ( 'NONE', #2741, #1116, #3277 ) ;
#278 = CARTESIAN_POINT ( 'NONE',  ( 0.1494762095216532749, -0.4941566678307086624, 0.04404273177391417049 ) ) ;
#279 = VERTEX_POINT ( 'NONE', #750 ) ;
#280 = CARTESIAN_POINT ( 'NONE',  ( 8.067088784430104916E-16, 0.0000000000000000000, 0.1995545427975372876 ) ) ;
#281 = AXIS2_PLACEMENT_3D ( 'NONE', #1801, #922, #1245 ) ;
#282 = DIRECTION ( 'NONE',  ( -1.000000000000000000, 0.0000000000000000000, 6.969871108835385309E-15 ) ) ;
#283 = EDGE_CURVE ( 'NONE', #2336, #2991, #820, .T. ) ;
#284 = DIRECTION ( 'NONE',  ( -5.738158304785150323E-06, -1.272030803479041401E-05, -0.9999999999026336628 ) ) ;
#285 = DIRECTION ( 'NONE',  ( -1.000000000000000000, 0.0000000000000000000, 7.124757133476171544E-15 ) ) ;
#286 = ORIENTED_EDGE ( 'NONE', *, *, #2265, .F. ) ;
#287 = ORIENTED_EDGE ( 'NONE', *, *, #1396, .T. ) ;
#288 = DIRECTION ( 'NONE',  ( -6.982962677686266711E-15, 0.0000000000000000000, -1.000000000000000000 ) ) ;
#289 = EDGE_CURVE ( 'NONE', #693, #2507, #2581, .T. ) ;
#290 = ORIENTED_EDGE ( 'NONE', *, *, #2965, .F. ) ;
#291 = CARTESIAN_POINT ( 'NONE',  ( -0.1529023592271851750, -0.4895215134896966913, -0.003768488395383232624 ) ) ;
#292 = ORIENTED_EDGE ( 'NONE', *, *, #1213, .F. ) ;
#293 = DIRECTION ( 'NONE',  ( -6.982962677686266711E-15, 0.0000000000000000000, -1.000000000000000000 ) ) ;
#294 = EDGE_CURVE ( 'NONE', #573, #538, #2055, .T. ) ;
#295 = CARTESIAN_POINT ( 'NONE',  ( -1.692563776903062835E-16, 0.0000000000000000000, 0.05979076326997821711 ) ) ;
#296 = CARTESIAN_POINT ( 'NONE',  ( 0.05905511811023549801, -0.4842950390120234205, -0.02409719229417477820 ) ) ;
#297 = ORIENTED_EDGE ( 'NONE', *, *, #1837, .T. ) ;
#298 = CARTESIAN_POINT ( 'NONE',  ( -0.1941220586965003714, -0.3123099841562921863, -0.002925697486145366691 ) ) ;
#299 =( NAMED_UNIT ( * ) SI_UNIT ( $, .STERADIAN. ) SOLID_ANGLE_UNIT ( ) );
#300 = LINE ( 'NONE', #2859, #2048 ) ;
#301 = ORIENTED_EDGE ( 'NONE', *, *, #289, .T. ) ;
#302 = PRESENTATION_STYLE_ASSIGNMENT (( #45 ) ) ;
#303 = CARTESIAN_POINT ( 'NONE',  ( 1.469013813387963317E-16, 0.0000000000000000000, 0.1050663538211593084 ) ) ;
#304 = ORIENTED_EDGE ( 'NONE', *, *, #1573, .T. ) ;
#305 = ORIENTED_EDGE ( 'NONE', *, *, #1914, .F. ) ;
#306 = CARTESIAN_POINT ( 'NONE',  ( -0.05905511811023685803, -0.5009896266500000195, -0.007138370588289102980 ) ) ;
#307 = COLOUR_RGB ( '',1.000000000000000000, 1.000000000000000000, 1.000000000000000000 ) ;
#308 = DIRECTION ( 'NONE',  ( -6.982962677686266711E-15, 0.0000000000000000000, -1.000000000000000000 ) ) ;
#309 = CARTESIAN_POINT ( 'NONE',  ( 5.867730460749391543E-16, 0.0000000000000000000, 0.1680584798054112761 ) ) ;
#310 = AXIS2_PLACEMENT_3D ( 'NONE', #2006, #2816, #2221 ) ;
#311 = AXIS2_PLACEMENT_3D ( 'NONE', #2824, #2329, #2604 ) ;
#312 = CARTESIAN_POINT ( 'NONE',  ( 0.05905511811023592128, -0.5755093130655649647, 0.04076712761216486069 ) ) ;
#313 = ORIENTED_EDGE ( 'NONE', *, *, #999, .T. ) ;
#314 = CIRCLE ( 'NONE', #1064, 0.5905511811023621549 ) ;
#315 = CYLINDRICAL_SURFACE ( 'NONE', #1499, 0.01181102362204724393 ) ;
#316 = SURFACE_SIDE_STYLE ('',( #3345 ) ) ;
#317 = AXIS2_PLACEMENT_3D ( 'NONE', #890, #54, #2853 ) ;
#318 = CARTESIAN_POINT ( 'NONE',  ( -0.05511811023622033984, 0.4153543307086614567, 0.1030978498841518265 ) ) ;
#319 = ADVANCED_FACE ( 'NONE', ( #3094 ), #1161, .F. ) ;
#320 = VERTEX_POINT ( 'NONE', #2802 ) ;
#321 = DIRECTION ( 'NONE',  ( -6.982962677686266711E-15, 0.0000000000000000000, -1.000000000000000000 ) ) ;
#322 = CIRCLE ( 'NONE', #267, 0.5162692607295275016 ) ;
#323 = CARTESIAN_POINT ( 'NONE',  ( 0.05905511811023558821, -0.5009896266497499973, -0.007138370588289925239 ) ) ;
#324 = CARTESIAN_POINT ( 'NONE',  ( -0.03651869105464877058, -0.3684682404441619874, -0.005108171157164373422 ) ) ;
#325 = ORIENTED_EDGE ( 'NONE', *, *, #338, .F. ) ;
#326 = STYLED_ITEM ( 'NONE', ( #1989 ), #3437 ) ;
#327 = ORIENTED_EDGE ( 'NONE', *, *, #3474, .T. ) ;
#328 = DIRECTION ( 'NONE',  ( 6.982962677686266711E-15, 0.0000000000000000000, 1.000000000000000000 ) ) ;
#329 = AXIS2_PLACEMENT_3D ( 'NONE', #52, #406, #3106 ) ;
#330 = AXIS2_PLACEMENT_3D ( 'NONE', #2375, #989, #2097 ) ;
#331 = AXIS2_PLACEMENT_3D ( 'NONE', #2701, #3203, #1586 ) ;
#332 = ADVANCED_FACE ( 'NONE', ( #1400 ), #484, .T. ) ;
#333 = FACE_OUTER_BOUND ( 'NONE', #2780, .T. ) ;
#334 = AXIS2_PLACEMENT_3D ( 'NONE', #2309, #1221, #940 ) ;
#335 = ORIENTED_CLOSED_SHELL ( 'NONE', *, #3387, .F. );
#336 = AXIS2_PLACEMENT_3D ( 'NONE', #2149, #449, #2166 ) ;
#337 = CARTESIAN_POINT ( 'NONE',  ( 1.331553918157918670E-16, 0.0000000000000000000, 0.1030978498841514379 ) ) ;
#338 = EDGE_CURVE ( 'NONE', #2068, #3419, #2877, .T. ) ;
#339 = ORIENTED_EDGE ( 'NONE', *, *, #1516, .T. ) ;
#340 = CARTESIAN_POINT ( 'NONE',  ( 0.03136597330126349864, -0.3637722774382283197, 0.04404273177391498928 ) ) ;
#341 = ADVANCED_FACE ( 'NONE', ( #873 ), #1987, .F. ) ;
#342 = FACE_OUTER_BOUND ( 'NONE', #2883, .T. ) ;
#343 = CARTESIAN_POINT ( 'NONE',  ( -0.03902593077245258141, -0.3707333486774622155, -0.006385241262525483824 ) ) ;
#344 = ORIENTED_EDGE ( 'NONE', *, *, #2537, .T. ) ;
#345 = EDGE_LOOP ( 'NONE', ( #2961, #2528, #1325, #1334 ) ) ;
#346 = FACE_OUTER_BOUND ( 'NONE', #2503, .T. ) ;
#347 = SURFACE_STYLE_FILL_AREA ( #3550 ) ;
#348 = CARTESIAN_POINT ( 'NONE',  ( -2.792242938743420261E-16, 0.0000000000000000000, 0.04404273177391521132 ) ) ;
#349 = EDGE_LOOP ( 'NONE', ( #403, #2209 ) ) ;
#350 = CARTESIAN_POINT ( 'NONE',  ( 0.1612872331437001372, -0.4779796453937008582, -0.007138370588290639078 ) ) ;
#351 = CARTESIAN_POINT ( 'NONE',  ( 0.05905511811023556740, -0.5282319919683760023, -0.009309962143152416755 ) ) ;
#352 = EDGE_CURVE ( 'NONE', #2882, #2991, #2592, .T. ) ;
#353 = CARTESIAN_POINT ( 'NONE',  ( -0.4153543307086612901, 0.0000000000000000000, 0.1030978498841543384 ) ) ;
#354 = DIRECTION ( 'NONE',  ( 0.0000000000000000000, -1.000000000000000000, 0.0000000000000000000 ) ) ;
#355 = ORIENTED_EDGE ( 'NONE', *, *, #3337, .F. ) ;
#356 = CARTESIAN_POINT ( 'NONE',  ( -0.4153543307086615677, 0.0000000000000000000, 0.06372777114399685860 ) ) ;
#357 = CARTESIAN_POINT ( 'NONE',  ( 0.2066929133858267653, -0.4783594322141672128, 0.07341347817999591130 ) ) ;
#358 = DIRECTION ( 'NONE',  ( -6.982962677686266711E-15, 0.0000000000000000000, -1.000000000000000000 ) ) ;
#359 = ORIENTED_EDGE ( 'NONE', *, *, #1585, .F. ) ;
#360 = EDGE_LOOP ( 'NONE', ( #3066, #751, #2626, #244, #2852, #3145 ) ) ;
#361 = DIRECTION ( 'NONE',  ( -0.004599874455247162340, -0.9999894205215352772, 3.212075164303338501E-17 ) ) ;
#362 = DIRECTION ( 'NONE',  ( -0.08590545362669671503, -0.9963032936998611477, 6.079136110036357735E-16 ) ) ;
#363 = EDGE_CURVE ( 'NONE', #1803, #587, #2299, .T. ) ;
#364 = ORIENTED_EDGE ( 'NONE', *, *, #2509, .F. ) ;
#365 = FILL_AREA_STYLE ('',( #129 ) ) ;
#366 = CARTESIAN_POINT ( 'NONE',  ( 0.08952670054656479415, -0.5035417192568241163, -0.004905673744708842487 ) ) ;
#367 = CIRCLE ( 'NONE', #199, 0.5255905511811022057 ) ;
#368 = FACE_OUTER_BOUND ( 'NONE', #1938, .T. ) ;
#369 = SURFACE_STYLE_USAGE ( .BOTH. , #134 ) ;
#370 = DIRECTION ( 'NONE',  ( 0.4093869959661936564, -0.9123608318717851828, -2.858363036353634049E-15 ) ) ;
#371 = CARTESIAN_POINT ( 'NONE',  ( 2.318747563175614898E-17, 0.0000000000000000000, 0.08734981838808843213 ) ) ;
#372 = ORIENTED_EDGE ( 'NONE', *, *, #1806, .F. ) ;
#373 = CARTESIAN_POINT ( 'NONE',  ( 0.05905511811023636537, -0.5222623100665354512, 0.1050663538211589199 ) ) ;
#374 = AXIS2_PLACEMENT_3D ( 'NONE', #356, #1186, #1727 ) ;
#375 = DIRECTION ( 'NONE',  ( -1.000000000000000000, 0.0000000000000000000, 6.982962677686265922E-15 ) ) ;
#376 = CIRCLE ( 'NONE', #836, 0.5044582371074800564 ) ;
#377 = ORIENTED_CLOSED_SHELL ( 'NONE', *, #1342, .F. );
#378 = PLANE ( 'NONE',  #1252 ) ;
#379 = ORIENTED_EDGE ( 'NONE', *, *, #1787, .T. ) ;
#380 = ORIENTED_EDGE ( 'NONE', *, *, #1681, .T. ) ;
#381 = CARTESIAN_POINT ( 'NONE',  ( -5.541440843344312717E-16, 0.0000000000000000000, 0.004672653033757728953 ) ) ;
#382 = ADVANCED_FACE ( 'NONE', ( #2025 ), #3147, .T. ) ;
#383 = CIRCLE ( 'NONE', #841, 0.5026578869255908799 ) ;
#384 = CIRCLE ( 'NONE', #2127, 0.3139763779527559584 ) ;
#385 = DIRECTION ( 'NONE',  ( 0.4278935825946912352, -0.9038291221100812622, -2.986790809130291124E-15 ) ) ;
#386 = ORIENTED_EDGE ( 'NONE', *, *, #2702, .T. ) ;
#387 = AXIS2_PLACEMENT_3D ( 'NONE', #525, #1391, #1356 ) ;
#388 = VERTEX_POINT ( 'NONE', #2596 ) ;
#389 = DIRECTION ( 'NONE',  ( -1.000000000000000000, 0.0000000000000000000, 6.981038439765598482E-15 ) ) ;
#390 = DIMENSIONAL_EXPONENTS ( 1.000000000000000000, 0.0000000000000000000, 0.0000000000000000000, 0.0000000000000000000, 0.0000000000000000000, 0.0000000000000000000, 0.0000000000000000000 ) ;
#391 = CIRCLE ( 'NONE', #3015, 0.05511811023622047861 ) ;
#392 = DIRECTION ( 'NONE',  ( -6.982962677686266711E-15, 0.0000000000000000000, -1.000000000000000000 ) ) ;
#393 = COLOUR_RGB ( '',1.000000000000000000, 1.000000000000000000, 1.000000000000000000 ) ;
#394 = CARTESIAN_POINT ( 'NONE',  ( 5.867730460749391543E-16, 0.0000000000000000000, 0.1680584798054112761 ) ) ;
#395 = CARTESIAN_POINT ( 'NONE',  ( 0.1588232062956217716, -0.4814112129578652644, -0.007138370588290625200 ) ) ;
#396 = DIRECTION ( 'NONE',  ( 0.0000000000000000000, 1.000000000000000000, 0.0000000000000000000 ) ) ;
#397 = ORIENTED_EDGE ( 'NONE', *, *, #2022, .F. ) ;
#398 = LINE ( 'NONE', #976, #1121 ) ;
#399 = B_SPLINE_CURVE_WITH_KNOTS ( 'NONE', 3,
 ( #3046, #1694, #542, #2776, #3600, #1095 ),
 .UNSPECIFIED., .F., .F.,
 ( 4, 2, 4 ),
 ( 5.827946123168939775E-17, 0.0002592858661745677754, 0.0005185717323490773292 ),
 .UNSPECIFIED. ) ;
#400 = DIRECTION ( 'NONE',  ( -6.982962677686266711E-15, 0.0000000000000000000, -1.000000000000000000 ) ) ;
#401 = DIRECTION ( 'NONE',  ( 6.982962677686266711E-15, 0.0000000000000000000, 1.000000000000000000 ) ) ;
#402 = ORIENTED_EDGE ( 'NONE', *, *, #983, .T. ) ;
#403 = ORIENTED_EDGE ( 'NONE', *, *, #1916, .T. ) ;
#404 = CARTESIAN_POINT ( 'NONE',  ( 0.2066929133858266265, -0.2363455213631495966, 0.05979076326997676688 ) ) ;
#405 = ADVANCED_FACE ( 'NONE', ( #368 ), #255, .T. ) ;
#406 = DIRECTION ( 'NONE',  ( -6.982962677686266711E-15, 0.0000000000000000000, -1.000000000000000000 ) ) ;
#407 = ORIENTED_EDGE ( 'NONE', *, *, #2340, .T. ) ;
#408 = DIRECTION ( 'NONE',  ( -1.000000000000000000, 0.0000000000000000000, 6.969871108835385309E-15 ) ) ;
#409 = CARTESIAN_POINT ( 'NONE',  ( 0.08854086105825491326, -0.5026897737755906537, -0.005600698056850792611 ) ) ;
#410 = CARTESIAN_POINT ( 'NONE',  ( 0.4153543307086612901, 0.0000000000000000000, 0.06372777114399104381 ) ) ;
#411 = CARTESIAN_POINT ( 'NONE',  ( -0.09047560957762335043, -0.3577414628322928003, -0.004084067231049590303 ) ) ;
#412 = CARTESIAN_POINT ( 'NONE',  ( -0.3045892917293698821, 0.2076771653543307283, 0.1030978498841535473 ) ) ;
#413 = ORIENTED_EDGE ( 'NONE', *, *, #2294, .F. ) ;
#414 = DIRECTION ( 'NONE',  ( -1.000000000000000000, 0.0000000000000000000, 6.969871108835385309E-15 ) ) ;
#415 = ADVANCED_FACE ( 'NONE', ( #1480 ), #2871, .F. ) ;
#416 = CARTESIAN_POINT ( 'NONE',  ( -0.3602362204724408046, 6.750021727583853390E-18, 0.1030978498841539498 ) ) ;
#417 = ORIENTED_EDGE ( 'NONE', *, *, #1554, .T. ) ;
#418 = VERTEX_POINT ( 'NONE', #115 ) ;
#419 = DIRECTION ( 'NONE',  ( 0.0000000000000000000, 1.000000000000000000, 0.0000000000000000000 ) ) ;
#420 = DIRECTION ( 'NONE',  ( 0.0000000000000000000, 1.000000000000000000, 0.0000000000000000000 ) ) ;
#421 = CARTESIAN_POINT ( 'NONE',  ( 0.03136597330126322108, -0.3637722774382283197, 0.004672653033757524256 ) ) ;
#422 = CARTESIAN_POINT ( 'NONE',  ( -0.04317699692330771027, -0.4240017862688977845, -0.007138370588289205329 ) ) ;
#423 = AXIS2_PLACEMENT_3D ( 'NONE', #2602, #2266, #1164 ) ;
#424 = CARTESIAN_POINT ( 'NONE',  ( -0.08254707566338649605, -0.3677832302431102152, -0.007138370588288932110 ) ) ;
#425 = DIRECTION ( 'NONE',  ( -1.000000000000000000, 0.0000000000000000000, 7.124757133476171544E-15 ) ) ;
#426 = EDGE_LOOP ( 'NONE', ( #3308, #2366, #2645, #737 ) ) ;
#427 = CARTESIAN_POINT ( 'NONE',  ( -1.417643986442973787E-16, 0.0000000000000000000, 0.06372777114399395815 ) ) ;
#428 = AXIS2_PLACEMENT_3D ( 'NONE', #1319, #2731, #228 ) ;
#429 = PRESENTATION_STYLE_ASSIGNMENT (( #633 ) ) ;
#430 = CARTESIAN_POINT ( 'NONE',  ( -0.2066929133858269318, -0.4832426585547244247, 0.06372777114399540144 ) ) ;
#431 = ORIENTED_EDGE ( 'NONE', *, *, #2580, .F. ) ;
#432 = VERTEX_POINT ( 'NONE', #2373 ) ;
#433 = CARTESIAN_POINT ( 'NONE',  ( 0.1494762095216529973, -0.4941566678305581162, 0.004672653033756686385 ) ) ;
#434 = VECTOR ( 'NONE', #2769, 39.37007874015748143 ) ;
#435 = DIRECTION ( 'NONE',  ( -6.982962677686265922E-15, 0.0000000000000000000, -1.000000000000000000 ) ) ;
#436 = AXIS2_PLACEMENT_3D ( 'NONE', #1610, #1861, #1340 ) ;
#437 = VECTOR ( 'NONE', #3525, 39.37007874015748143 ) ;
#438 = DIRECTION ( 'NONE',  ( -6.982962677686266711E-15, 0.0000000000000000000, -1.000000000000000000 ) ) ;
#439 = DIRECTION ( 'NONE',  ( -6.982962677686266711E-15, 0.0000000000000000000, -1.000000000000000000 ) ) ;
#440 =( GEOMETRIC_REPRESENTATION_CONTEXT ( 3 ) GLOBAL_UNCERTAINTY_ASSIGNED_CONTEXT ( ( #1278 ) ) GLOBAL_UNIT_ASSIGNED_CONTEXT ( ( #3054, #2767, #553 ) ) REPRESENTATION_CONTEXT ( 'NONE', 'WORKASPACE' ) );
#441 = VECTOR ( 'NONE', #2240, 39.37007874015748143 ) ;
#442 = UNCERTAINTY_MEASURE_WITH_UNIT (LENGTH_MEASURE( 1.000000000000000082E-05 ), #2599, 'distance_accuracy_value', 'NONE');
#443 = AXIS2_PLACEMENT_3D ( 'NONE', #1017, #728, #2966 ) ;
#444 = EDGE_CURVE ( 'NONE', #545, #2057, #96, .T. ) ;
#445 = DIRECTION ( 'NONE',  ( 0.1123595505618001505, -0.9936676161562024712, -7.796510004390138882E-16 ) ) ;
#446 = VERTEX_POINT ( 'NONE', #421 ) ;
#447 = DIRECTION ( 'NONE',  ( -6.982962677686265922E-15, 0.0000000000000000000, -1.000000000000000000 ) ) ;
#448 = CIRCLE ( 'NONE', #334, 0.5255905511811022057 ) ;
#449 = DIRECTION ( 'NONE',  ( -6.982962677686265922E-15, 0.0000000000000000000, -1.000000000000000000 ) ) ;
#450 = DIRECTION ( 'NONE',  ( -6.982962677686265922E-15, 0.0000000000000000000, -1.000000000000000000 ) ) ;
#451 = CARTESIAN_POINT ( 'NONE',  ( -0.05905511811023602536, -0.5864045617758838480, 0.1116709629025948586 ) ) ;
#452 = EDGE_CURVE ( 'NONE', #138, #2828, #3484, .T. ) ;
#453 = ORIENTED_EDGE ( 'NONE', *, *, #1049, .T. ) ;
#454 = ORIENTED_EDGE ( 'NONE', *, *, #1157, .F. ) ;
#455 = CARTESIAN_POINT ( 'NONE',  ( 0.05905511811023636537, -0.5757192570213994776, 0.1050663538211589060 ) ) ;
#456 = CARTESIAN_POINT ( 'NONE',  ( 0.3045892917293698821, -0.2076771653543307283, 0.06372777114399182097 ) ) ;
#457 = ORIENTED_EDGE ( 'NONE', *, *, #1399, .F. ) ;
#458 = FILL_AREA_STYLE ('',( #2705 ) ) ;
#459 = DIRECTION ( 'NONE',  ( -1.000000000000000000, 0.0000000000000000000, 6.996718019773122999E-15 ) ) ;
#460 = CARTESIAN_POINT ( 'NONE',  ( -0.03663529352596462535, -0.4235821539642591338, -0.005182482173717877297 ) ) ;
#461 = FACE_OUTER_BOUND ( 'NONE', #2703, .T. ) ;
#462 = ORIENTED_EDGE ( 'NONE', *, *, #487, .F. ) ;
#463 = DIRECTION ( 'NONE',  ( 6.982962677686266711E-15, 0.0000000000000000000, 1.000000000000000000 ) ) ;
#464 = ADVANCED_FACE ( 'NONE', ( #3183 ), #1774, .T. ) ;
#465 = DIRECTION ( 'NONE',  ( 0.0000000000000000000, 1.000000000000000000, 0.0000000000000000000 ) ) ;
#466 = CARTESIAN_POINT ( 'NONE',  ( 0.3597074019655906452, 0.2076771653543307283, 0.1030978498841489260 ) ) ;
#467 = ORIENTED_EDGE ( 'NONE', *, *, #3405, .T. ) ;
#468 = EDGE_LOOP ( 'NONE', ( #146, #1394, #533, #3506 ) ) ;
#469 = FILL_AREA_STYLE ('',( #1805 ) ) ;
#470 = DIRECTION ( 'NONE',  ( 0.0000000000000000000, 1.000000000000000000, 0.0000000000000000000 ) ) ;
#471 = EDGE_CURVE ( 'NONE', #236, #587, #2819, .T. ) ;
#472 =( CONVERSION_BASED_UNIT ( 'INCH', #2619 ) LENGTH_UNIT ( ) NAMED_UNIT ( #1145 ) );
#473 = UNCERTAINTY_MEASURE_WITH_UNIT (LENGTH_MEASURE( 1.000000000000000082E-05 ), #3595, 'distance_accuracy_value', 'NONE');
#474 = DIRECTION ( 'NONE',  ( -6.982962677686265922E-15, 0.0000000000000000000, -1.000000000000000000 ) ) ;
#475 = CLOSED_SHELL ( 'NONE', ( #541, #1222, #3261, #2219 ) ) ;
#476 = LENGTH_MEASURE_WITH_UNIT ( LENGTH_MEASURE( 0.02539999999999999897 ), #264 );
#477 = VERTEX_POINT ( 'NONE', #2355 ) ;
#478 = DIRECTION ( 'NONE',  ( -1.156482317317871449E-14, 0.0000000000000000000, -1.000000000000000000 ) ) ;
#479 = PRESENTATION_LAYER_ASSIGNMENT (  '', '', ( #253 ) ) ;
#480 = PLANE ( 'NONE',  #2359 ) ;
#481 = ORIENTED_EDGE ( 'NONE', *, *, #3500, .T. ) ;
#482 = ORIENTED_EDGE ( 'NONE', *, *, #2668, .T. ) ;
#483 = CARTESIAN_POINT ( 'NONE',  ( 0.4148255122018108532, -0.2076771653543307283, 0.06372777114399105769 ) ) ;
#484 = TOROIDAL_SURFACE ( 'NONE', #3053, 0.3021653543307087353, 0.01181102362204724393 ) ;
#485 = CIRCLE ( 'NONE', #1062, 0.05511811023622047861 ) ;
#486 = CARTESIAN_POINT ( 'NONE',  ( -0.1967203040098428335, -0.4773207219098424825, 0.04404273177391657829 ) ) ;
#487 = EDGE_CURVE ( 'NONE', #320, #807, #3280, .T. ) ;
#488 = AXIS2_PLACEMENT_3D ( 'NONE', #1026, #3223, #2957 ) ;
#489 = AXIS2_PLACEMENT_3D ( 'NONE', #3108, #835, #2296 ) ;
#490 =( NAMED_UNIT ( * ) PLANE_ANGLE_UNIT ( ) SI_UNIT ( $, .RADIAN. ) );
#491 = CARTESIAN_POINT ( 'NONE',  ( -0.4148255122018111307, 0.2076771653543307283, 0.06372777114399685860 ) ) ;
#492 = AXIS2_PLACEMENT_3D ( 'NONE', #986, #1846, #2094 ) ;
#493 = EDGE_CURVE ( 'NONE', #2908, #1071, #2654, .T. ) ;
#494 = DIRECTION ( 'NONE',  ( -6.982962677686266711E-15, 0.0000000000000000000, -1.000000000000000000 ) ) ;
#495 = COLOUR_RGB ( '',0.2509803921568627416, 0.2509803921568627416, 0.2509803921568627416 ) ;
#496 = TOROIDAL_SURFACE ( 'NONE', #3186, 0.3769330499553151248, 0.01181102362204724393 ) ;
#497 = ORIENTED_EDGE ( 'NONE', *, *, #1247, .F. ) ;
#498 = CARTESIAN_POINT ( 'NONE',  ( 0.09016900614623889199, -0.3581342790567333956, -0.004350371899044430495 ) ) ;
#499 = STYLED_ITEM ( 'NONE', ( #2201 ), #1476 ) ;
#500 = CIRCLE ( 'NONE', #3012, 0.01181102362204723005 ) ;
#501 =( NAMED_UNIT ( * ) SI_UNIT ( $, .STERADIAN. ) SOLID_ANGLE_UNIT ( ) );
#502 = CARTESIAN_POINT ( 'NONE',  ( 0.1494762095216529973, -0.3331230356801475612, 0.004672653033756677711 ) ) ;
#503 = DIRECTION ( 'NONE',  ( -1.000000000000000000, 0.0000000000000000000, 6.982962677686265922E-15 ) ) ;
#504 = ORIENTED_EDGE ( 'NONE', *, *, #1963, .F. ) ;
#505 = ORIENTED_EDGE ( 'NONE', *, *, #1292, .T. ) ;
#506 =( LENGTH_UNIT ( ) NAMED_UNIT ( * ) SI_UNIT ( $, .METRE. ) );
#507 = VECTOR ( 'NONE', #2031, 39.37007874015748143 ) ;
#508 = CIRCLE ( 'NONE', #2844, 0.05511811023622047168 ) ;
#509 = CARTESIAN_POINT ( 'NONE',  ( 0.5905511811023628210, 7.232166136696967594E-17, 0.1680584798054071405 ) ) ;
#510 = CARTESIAN_POINT ( 'NONE',  ( -0.1612872331437014417, -0.4779796453935034606, -0.007138370588288385672 ) ) ;
#511 = ADVANCED_FACE ( 'NONE', ( #1537 ), #2339, .F. ) ;
#512 = LINE ( 'NONE', #1627, #2720 ) ;
#513 = EDGE_CURVE ( 'NONE', #3608, #2250, #1795, .T. ) ;
#514 = UNCERTAINTY_MEASURE_WITH_UNIT (LENGTH_MEASURE( 1.000000000000000082E-05 ), #1078, 'distance_accuracy_value', 'NONE');
#515 = FACE_OUTER_BOUND ( 'NONE', #1872, .T. ) ;
#516 = ORIENTED_EDGE ( 'NONE', *, *, #608, .T. ) ;
#517 = CARTESIAN_POINT ( 'NONE',  ( 0.08254707566338519154, -0.3677832302431102152, -0.007138370588290092640 ) ) ;
#518 = CARTESIAN_POINT ( 'NONE',  ( -0.1967203040098430833, -0.3075958649006659273, 0.004672653033759102854 ) ) ;
#519 = FACE_OUTER_BOUND ( 'NONE', #2146, .T. ) ;
#520 = DIRECTION ( 'NONE',  ( -6.982962677686266711E-15, 0.0000000000000000000, -1.000000000000000000 ) ) ;
#521 = ORIENTED_EDGE ( 'NONE', *, *, #1027, .F. ) ;
#522 = EDGE_CURVE ( 'NONE', #2231, #388, #154, .T. ) ;
#523 = VERTEX_POINT ( 'NONE', #1277 ) ;
#524 = DIRECTION ( 'NONE',  ( -6.982962677686265922E-15, 0.0000000000000000000, -1.000000000000000000 ) ) ;
#525 = CARTESIAN_POINT ( 'NONE',  ( -0.3597074019655903676, 0.2076771653543307283, 0.1030978498841539498 ) ) ;
#526 = CARTESIAN_POINT ( 'NONE',  ( -0.5905449333788592714, 0.002716461292468796453, 0.1168773774432106810 ) ) ;
#527 = CARTESIAN_POINT ( 'NONE',  ( 0.5255905511811023167, 6.436627861660303242E-17, 0.06372777114399028053 ) ) ;
#528 = DIRECTION ( 'NONE',  ( -0.1143882129003011838, -0.9934361261548099176, 7.988951710453110133E-16 ) ) ;
#529 = EDGE_CURVE ( 'NONE', #3352, #3408, #660, .T. ) ;
#530 = PRODUCT_CONTEXT ( 'NONE', #1056, 'mechanical' ) ;
#531 = DIRECTION ( 'NONE',  ( -6.982962677686266711E-15, 0.0000000000000000000, -1.000000000000000000 ) ) ;
#532 = EDGE_CURVE ( 'NONE', #2134, #1490, #3162, .T. ) ;
#533 = ORIENTED_EDGE ( 'NONE', *, *, #2702, .F. ) ;
#534 = CARTESIAN_POINT ( 'NONE',  ( 0.09250962122448949665, -0.3551190935329173182, -0.001713133092481407228 ) ) ;
#535 = PRESENTATION_STYLE_ASSIGNMENT (( #1675 ) ) ;
#536 = DIRECTION ( 'NONE',  ( 1.000000000000000000, 0.0000000000000000000, -6.969871108835385309E-15 ) ) ;
#537 = DIRECTION ( 'NONE',  ( 0.0000000000000000000, 1.000000000000000000, 0.0000000000000000000 ) ) ;
#538 = VERTEX_POINT ( 'NONE', #1809 ) ;
#539 = FACE_OUTER_BOUND ( 'NONE', #2415, .T. ) ;
#540 = AXIS2_PLACEMENT_3D ( 'NONE', #1653, #1370, #1461 ) ;
#541 = ADVANCED_FACE ( 'NONE', ( #932 ), #2675, .T. ) ;
#542 = CARTESIAN_POINT ( 'NONE',  ( 0.1951297759978907476, -0.4762571901028423427, -0.001997323731848839844 ) ) ;
#543 = AXIS2_PLACEMENT_3D ( 'NONE', #710, #1215, #2947 ) ;
#544 = CARTESIAN_POINT ( 'NONE',  ( 0.1525590551181103816, 0.3597074019655905341, 0.1030978498841503693 ) ) ;
#545 = VERTEX_POINT ( 'NONE', #1753 ) ;
#546 = DIRECTION ( 'NONE',  ( -1.000000000000000000, 0.0000000000000000000, 6.969871108835385309E-15 ) ) ;
#547 = DIMENSIONAL_EXPONENTS ( 1.000000000000000000, 0.0000000000000000000, 0.0000000000000000000, 0.0000000000000000000, 0.0000000000000000000, 0.0000000000000000000, 0.0000000000000000000 ) ;
#548 = CIRCLE ( 'NONE', #1475, 0.05511811023622047861 ) ;
#549 = CARTESIAN_POINT ( 'NONE',  ( -2.792242938743420261E-16, 0.0000000000000000000, 0.04404273177391521132 ) ) ;
#550 = AXIS2_PLACEMENT_3D ( 'NONE', #748, #1294, #2182 ) ;
#551 = CARTESIAN_POINT ( 'NONE',  ( -5.541440843344312717E-16, 0.0000000000000000000, 0.004672653033757728953 ) ) ;
#552 = AXIS2_PLACEMENT_3D ( 'NONE', #594, #358, #1979 ) ;
#553 =( NAMED_UNIT ( * ) SI_UNIT ( $, .STERADIAN. ) SOLID_ANGLE_UNIT ( ) );
#554 = DIRECTION ( 'NONE',  ( 0.0000000000000000000, -1.000000000000000000, 0.0000000000000000000 ) ) ;
#555 = ORIENTED_EDGE ( 'NONE', *, *, #246, .T. ) ;
#556 = PLANE ( 'NONE',  #1178 ) ;
#557 = VECTOR ( 'NONE', #234, 39.37007874015748143 ) ;
#558 = EDGE_CURVE ( 'NONE', #573, #1687, #644, .T. ) ;
#559 = SURFACE_STYLE_FILL_AREA ( #266 ) ;
#560 = VECTOR ( 'NONE', #419, 39.37007874015748143 ) ;
#561 = CARTESIAN_POINT ( 'NONE',  ( 0.05905511811023594904, -0.5128805344322835413, 0.04404273177391480887 ) ) ;
#562 = EDGE_LOOP ( 'NONE', ( #3330, #24, #402, #2527 ) ) ;
#563 = VERTEX_POINT ( 'NONE', #583 ) ;
#564 = DIRECTION ( 'NONE',  ( -6.982962677686265922E-15, 0.0000000000000000000, -1.000000000000000000 ) ) ;
#565 = VECTOR ( 'NONE', #1030, 39.37007874015748143 ) ;
#566 = DIRECTION ( 'NONE',  ( -0.3197236585300970435, -0.9475108348594911689, 2.231741076762544876E-15 ) ) ;
#567 = DIRECTION ( 'NONE',  ( -6.982962677686266711E-15, 0.0000000000000000000, -1.000000000000000000 ) ) ;
#568 = ORIENTED_EDGE ( 'NONE', *, *, #1754, .F. ) ;
#569 = CARTESIAN_POINT ( 'NONE',  ( -0.05905511811023680946, -0.5128805344322836524, 0.003144209828695796252 ) ) ;
#570 = CARTESIAN_POINT ( 'NONE',  ( 0.09435809928543278935, -0.3527189294792126284, 0.04404273177391454519 ) ) ;
#571 = LINE ( 'NONE', #1398, #1775 ) ;
#572 = CARTESIAN_POINT ( 'NONE',  ( 0.05905511811023553270, -0.5213375198399725630, -0.01295617882099639462 ) ) ;
#573 = VERTEX_POINT ( 'NONE', #1913 ) ;
#574 = DIRECTION ( 'NONE',  ( -6.982962677686265922E-15, 0.0000000000000000000, -1.000000000000000000 ) ) ;
#575 = ORIENTED_EDGE ( 'NONE', *, *, #1122, .F. ) ;
#576 = PLANE ( 'NONE',  #1829 ) ;
#577 = EDGE_CURVE ( 'NONE', #2609, #653, #1893, .T. ) ;
#578 = CARTESIAN_POINT ( 'NONE',  ( 0.05905511811023556046, -0.5041194945723360687, -0.007138370588246561489 ) ) ;
#579 = EDGE_CURVE ( 'NONE', #1060, #2750, #2475, .T. ) ;
#580 = CARTESIAN_POINT ( 'NONE',  ( -0.1877220681543476655, -0.4712619571305468602, -0.007138370588288204394 ) ) ;
#581 = ORIENTED_EDGE ( 'NONE', *, *, #3163, .T. ) ;
#582 = ORIENTED_EDGE ( 'NONE', *, *, #1310, .F. ) ;
#583 = CARTESIAN_POINT ( 'NONE',  ( -0.1494762095216538300, -0.3331230356801574977, 0.04404273177391625910 ) ) ;
#584 = CARTESIAN_POINT ( 'NONE',  ( 0.05905511811023594904, -0.5222623100665354512, 0.04404273177391480887 ) ) ;
#585 = ADVANCED_FACE ( 'NONE', ( #1640 ), #3586, .T. ) ;
#586 = DIRECTION ( 'NONE',  ( 0.9999595181125348065, 0.008997896206719317030, -6.982679994176975993E-15 ) ) ;
#587 = VERTEX_POINT ( 'NONE', #1082 ) ;
#588 = DIRECTION ( 'NONE',  ( -0.2584289428742903016, -0.9660302694454644401, 1.804743532667042451E-15 ) ) ;
#589 =( LENGTH_UNIT ( ) NAMED_UNIT ( * ) SI_UNIT ( $, .METRE. ) );
#590 = DIMENSIONAL_EXPONENTS ( 1.000000000000000000, 0.0000000000000000000, 0.0000000000000000000, 0.0000000000000000000, 0.0000000000000000000, 0.0000000000000000000, 0.0000000000000000000 ) ;
#591 = VERTEX_POINT ( 'NONE', #1685 ) ;
#592 = CARTESIAN_POINT ( 'NONE',  ( 0.05905511811023546331, -0.4687354684956884787, -0.02485490602136078767 ) ) ;
#593 = EDGE_CURVE ( 'NONE', #2057, #217, #891, .T. ) ;
#594 = CARTESIAN_POINT ( 'NONE',  ( 2.318747563175614898E-17, 0.0000000000000000000, 0.08734981838808843213 ) ) ;
#595 = VERTEX_POINT ( 'NONE', #526 ) ;
#596 = VERTEX_POINT ( 'NONE', #3072 ) ;
#597 = DIRECTION ( 'NONE',  ( -6.982962677686265922E-15, 0.0000000000000000000, -1.000000000000000000 ) ) ;
#598 = CLOSED_SHELL ( 'NONE', ( #625, #709, #319, #964 ) ) ;
#599 = ORIENTED_CLOSED_SHELL ( 'NONE', *, #2698, .F. );
#600 = AXIS2_PLACEMENT_3D ( 'NONE', #371, #1691, #2841 ) ;
#601 = EDGE_CURVE ( 'NONE', #596, #3361, #367, .T. ) ;
#602 = DIRECTION ( 'NONE',  ( -6.982962677686265922E-15, 0.0000000000000000000, -1.000000000000000000 ) ) ;
#603 = EDGE_LOOP ( 'NONE', ( #2797, #1139 ) ) ;
#604 = CARTESIAN_POINT ( 'NONE',  ( -0.05905511811023599067, -0.5875910061653543126, 0.1168773774432069756 ) ) ;
#605 = CIRCLE ( 'NONE', #1061, 0.01181102362204726995 ) ;
#606 =( GEOMETRIC_REPRESENTATION_CONTEXT ( 3 ) GLOBAL_UNCERTAINTY_ASSIGNED_CONTEXT ( ( #514 ) ) GLOBAL_UNIT_ASSIGNED_CONTEXT ( ( #1078, #2792, #2455 ) ) REPRESENTATION_CONTEXT ( 'NONE', 'WORKASPACE' ) );
#607 = CARTESIAN_POINT ( 'NONE',  ( 0.05905511811023623353, -0.5875910061653270011, 0.08543122259879280811 ) ) ;
#608 = EDGE_CURVE ( 'NONE', #3229, #1226, #2230, .T. ) ;
#609 = VECTOR ( 'NONE', #1487, 39.37007874015748143 ) ;
#610 = AXIS2_PLACEMENT_3D ( 'NONE', #295, #1144, #1101 ) ;
#611 = ORIENTED_EDGE ( 'NONE', *, *, #2913, .F. ) ;
#612 =( NAMED_UNIT ( * ) SI_UNIT ( $, .STERADIAN. ) SOLID_ANGLE_UNIT ( ) );
#613 = VECTOR ( 'NONE', #3445, 39.37007874015748143 ) ;
#614 = FACE_OUTER_BOUND ( 'NONE', #2208, .T. ) ;
#615 = CARTESIAN_POINT ( 'NONE',  ( -0.1967203040098430833, -0.4773207219098189458, 0.004672653033759099385 ) ) ;
#616 = ORIENTED_EDGE ( 'NONE', *, *, #2854, .F. ) ;
#617 = PRESENTATION_LAYER_ASSIGNMENT (  '', '', ( #2178 ) ) ;
#618 = VERTEX_POINT ( 'NONE', #1929 ) ;
#619 = CARTESIAN_POINT ( 'NONE',  ( 0.3597074019655903676, -0.2076771653543307283, 0.06372777114399144627 ) ) ;
#620 = AXIS2_PLACEMENT_3D ( 'NONE', #1228, #2371, #3461 ) ;
#621 = CARTESIAN_POINT ( 'NONE',  ( -6.366200214724579616E-16, 0.0000000000000000000, -0.007138370588289512375 ) ) ;
#622 = ORIENTED_EDGE ( 'NONE', *, *, #3483, .T. ) ;
#623 = FILL_AREA_STYLE_COLOUR ( '', #1663 ) ;
#624 = CIRCLE ( 'NONE', #2669, 0.5787401574803149318 ) ;
#625 = ADVANCED_FACE ( 'NONE', ( #1098 ), #1412, .T. ) ;
#626 = MECHANICAL_DESIGN_GEOMETRIC_PRESENTATION_REPRESENTATION (  '', ( #2673 ), #1734 ) ;
#627 = CARTESIAN_POINT ( 'NONE',  ( 0.09301138148822256368, -0.5064360151590553416, -0.0008692157268535130382 ) ) ;
#628 =( NAMED_UNIT ( * ) SI_UNIT ( $, .STERADIAN. ) SOLID_ANGLE_UNIT ( ) );
#629 = PLANE ( 'NONE',  #2252 ) ;
#630 = DIRECTION ( 'NONE',  ( -6.982962677686266711E-15, 0.0000000000000000000, -1.000000000000000000 ) ) ;
#631 = CARTESIAN_POINT ( 'NONE',  ( 0.2066929133858266543, -0.4574389778984252475, 0.06372777114399250098 ) ) ;
#632 = VERTEX_POINT ( 'NONE', #3301 ) ;
#633 = SURFACE_STYLE_USAGE ( .BOTH. , #3137 ) ;
#634 = EDGE_CURVE ( 'NONE', #1513, #279, #1661, .T. ) ;
#635 = DIRECTION ( 'NONE',  ( 6.982962677686266711E-15, 0.0000000000000000000, 1.000000000000000000 ) ) ;
#636 = VERTEX_POINT ( 'NONE', #1118 ) ;
#637 = ORIENTED_EDGE ( 'NONE', *, *, #493, .T. ) ;
#638 = LINE ( 'NONE', #1493, #3339 ) ;
#639 = CARTESIAN_POINT ( 'NONE',  ( 0.03294835042191672503, -0.4232516879196850934, -0.001232858777266130886 ) ) ;
#640 = ORIENTED_EDGE ( 'NONE', *, *, #2770, .T. ) ;
#641 = DIRECTION ( 'NONE',  ( -6.982962677686266711E-15, 0.0000000000000000000, -1.000000000000000000 ) ) ;
#642 = ADVANCED_FACE ( 'NONE', ( #3331 ), #140, .T. ) ;
#643 = DIRECTION ( 'NONE',  ( 0.3810420626860875903, -0.9245577031553691150, -2.662294903768074600E-15 ) ) ;
#644 = LINE ( 'NONE', #2214, #2462 ) ;
#645 = EDGE_CURVE ( 'NONE', #866, #878, #2237, .T. ) ;
#646 = FILL_AREA_STYLE_COLOUR ( '', #3198 ) ;
#647 = EDGE_CURVE ( 'NONE', #595, #2348, #605, .T. ) ;
#648 = CARTESIAN_POINT ( 'NONE',  ( 0.03136597330126349864, -0.4232516879196850934, 0.04404273177391498928 ) ) ;
#649 = ORIENTED_EDGE ( 'NONE', *, *, #1716, .T. ) ;
#650 = CYLINDRICAL_SURFACE ( 'NONE', #1957, 0.5026578869255905468 ) ;
#651 = DIRECTION ( 'NONE',  ( -6.982962677686266711E-15, 0.0000000000000000000, -1.000000000000000000 ) ) ;
#652 = ORIENTED_EDGE ( 'NONE', *, *, #2965, .T. ) ;
#653 = VERTEX_POINT ( 'NONE', #2334 ) ;
#654 = DIRECTION ( 'NONE',  ( -6.982962677686266711E-15, 0.0000000000000000000, -1.000000000000000000 ) ) ;
#655 = CLOSED_SHELL ( 'NONE', ( #1066, #464, #120, #2315 ) ) ;
#656 = ORIENTED_EDGE ( 'NONE', *, *, #2204, .F. ) ;
#657 = CARTESIAN_POINT ( 'NONE',  ( -0.1967203040098428335, -0.3075958649006693135, 0.04404273177391657829 ) ) ;
#658 = CIRCLE ( 'NONE', #946, 0.3651220263332676796 ) ;
#659 = DIRECTION ( 'NONE',  ( -6.982962677686266711E-15, 0.0000000000000000000, -1.000000000000000000 ) ) ;
#660 = CIRCLE ( 'NONE', #1940, 0.3139763779527559029 ) ;
#661 = CARTESIAN_POINT ( 'NONE',  ( -5.541440843344312717E-16, 0.0000000000000000000, 0.004672653033757728953 ) ) ;
#662 = STYLED_ITEM ( 'NONE', ( #219 ), #956 ) ;
#663 = CARTESIAN_POINT ( 'NONE',  ( 0.1518168748199092699, -0.4909944994940467211, -0.002606211947012011549 ) ) ;
#664 = FILL_AREA_STYLE ('',( #1505 ) ) ;
#665 = VERTEX_POINT ( 'NONE', #867 ) ;
#666 = DIRECTION ( 'NONE',  ( -6.982962677686266711E-15, 0.0000000000000000000, -1.000000000000000000 ) ) ;
#667 = AXIS2_PLACEMENT_3D ( 'NONE', #3169, #2283, #2307 ) ;
#668 = ADVANCED_FACE ( 'NONE', ( #3372 ), #1193, .T. ) ;
#669 = CYLINDRICAL_SURFACE ( 'NONE', #281, 0.5216535433070865757 ) ;
#670 = AXIS2_PLACEMENT_3D ( 'NONE', #3350, #1711, #865 ) ;
#671 = CARTESIAN_POINT ( 'NONE',  ( -0.05905511811023608088, -0.5809664745115346030, 0.1062676572177927714 ) ) ;
#672 = ORIENTED_EDGE ( 'NONE', *, *, #1418, .T. ) ;
#673 = VERTEX_POINT ( 'NONE', #3424 ) ;
#674 = DIRECTION ( 'NONE',  ( -6.982962677686266711E-15, 0.0000000000000000000, -1.000000000000000000 ) ) ;
#675 = VECTOR ( 'NONE', #730, 39.37007874015748143 ) ;
#676 = AXIS2_PLACEMENT_3D ( 'NONE', #3589, #1970, #2813 ) ;
#677 = DIRECTION ( 'NONE',  ( -6.982962677686265922E-15, 0.0000000000000000000, -1.000000000000000000 ) ) ;
#678 = ORIENTED_EDGE ( 'NONE', *, *, #1433, .F. ) ;
#679 = CARTESIAN_POINT ( 'NONE',  ( 5.867730460749391543E-16, 0.0000000000000000000, 0.1680584798054112761 ) ) ;
#680 = PRESENTATION_LAYER_ASSIGNMENT (  '', '', ( #1786 ) ) ;
#681 = CARTESIAN_POINT ( 'NONE',  ( 0.09258150864202827068, -0.5060806617301677468, -0.001617806550796755272 ) ) ;
#682 = DIRECTION ( 'NONE',  ( -6.982962677686266711E-15, 0.0000000000000000000, -1.000000000000000000 ) ) ;
#683 = AXIS2_PLACEMENT_3D ( 'NONE', #3323, #3022, #588 ) ;
#684 = DIRECTION ( 'NONE',  ( -6.982962677686266711E-15, 0.0000000000000000000, -1.000000000000000000 ) ) ;
#685 = CARTESIAN_POINT ( 'NONE',  ( -0.08613535958303995821, -0.5007007308255759792, -0.007138370588275467186 ) ) ;
#686 = PLANE ( 'NONE',  #1765 ) ;
#687 = ORIENTED_EDGE ( 'NONE', *, *, #2633, .T. ) ;
#688 = PLANE ( 'NONE',  #1358 ) ;
#689 = DIRECTION ( 'NONE',  ( 0.0000000000000000000, -1.000000000000000000, 0.0000000000000000000 ) ) ;
#690 = DIRECTION ( 'NONE',  ( 0.0000000000000000000, -1.000000000000000000, 0.0000000000000000000 ) ) ;
#691 = ORIENTED_EDGE ( 'NONE', *, *, #608, .F. ) ;
#692 = EDGE_CURVE ( 'NONE', #1226, #3168, #3231, .T. ) ;
#693 = VERTEX_POINT ( 'NONE', #3142 ) ;
#694 = DIRECTION ( 'NONE',  ( -6.982962677686266711E-15, 0.0000000000000000000, -1.000000000000000000 ) ) ;
#695 = DIRECTION ( 'NONE',  ( -5.782411586589357244E-15, 0.0000000000000000000, -1.000000000000000000 ) ) ;
#696 = EDGE_CURVE ( 'NONE', #1998, #2086, #3175, .T. ) ;
#697 = PRESENTATION_STYLE_ASSIGNMENT (( #763 ) ) ;
#698 = ADVANCED_FACE ( 'NONE', ( #1510 ), #2628, .T. ) ;
#699 = DIRECTION ( 'NONE',  ( -1.000000000000000000, 0.0000000000000000000, 6.982962677686265922E-15 ) ) ;
#700 = CARTESIAN_POINT ( 'NONE',  ( -0.09299114628377429248, -0.5064511608701131040, -0.0008786932884436180011 ) ) ;
#701 = ORIENTED_EDGE ( 'NONE', *, *, #634, .T. ) ;
#702 = DIRECTION ( 'NONE',  ( -6.982962677686265922E-15, 0.0000000000000000000, -1.000000000000000000 ) ) ;
#703 = CARTESIAN_POINT ( 'NONE',  ( 0.2066929133858267653, -0.4773489582044985746, 0.07222301413937369519 ) ) ;
#704 = CARTESIAN_POINT ( 'NONE',  ( -0.05905511811023604618, -0.5860469905469560814, 0.1109983227120631549 ) ) ;
#705 = ORIENTED_EDGE ( 'NONE', *, *, #2878, .T. ) ;
#706 = ORIENTED_EDGE ( 'NONE', *, *, #2216, .F. ) ;
#707 = DIRECTION ( 'NONE',  ( -6.982962677686266711E-15, 0.0000000000000000000, -1.000000000000000000 ) ) ;
#708 = LINE ( 'NONE', #2670, #2722 ) ;
#709 = ADVANCED_FACE ( 'NONE', ( #2850 ), #2884, .T. ) ;
#710 = CARTESIAN_POINT ( 'NONE',  ( -2.792242938743420261E-16, 0.0000000000000000000, 0.04404273177391521132 ) ) ;
#711 = SURFACE_SIDE_STYLE ('',( #988 ) ) ;
#712 = VECTOR ( 'NONE', #3450, 39.37007874015748143 ) ;
#713 = EDGE_CURVE ( 'NONE', #3560, #1687, #3510, .T. ) ;
#714 = DIRECTION ( 'NONE',  ( 1.000000000000000000, 0.0000000000000000000, -6.969871108835385309E-15 ) ) ;
#715 = VECTOR ( 'NONE', #3604, 39.37007874015748143 ) ;
#716 = CARTESIAN_POINT ( 'NONE',  ( -0.08559544982605113428, -0.3639559510247272756, -0.006759627231164432037 ) ) ;
#717 = SURFACE_STYLE_USAGE ( .BOTH. , #1813 ) ;
#718 = EDGE_LOOP ( 'NONE', ( #292, #942 ) ) ;
#719 = FACE_OUTER_BOUND ( 'NONE', #112, .T. ) ;
#720 = CIRCLE ( 'NONE', #1656, 0.5787401574803149318 ) ;
#721 =( LENGTH_UNIT ( ) NAMED_UNIT ( * ) SI_UNIT ( $, .METRE. ) );
#722 = CARTESIAN_POINT ( 'NONE',  ( 0.03240158440923131267, -0.3647205549122379264, -0.0001692282329391670329 ) ) ;
#723 = LINE ( 'NONE', #105, #1897 ) ;
#724 = TOROIDAL_SURFACE ( 'NONE', #1658, 0.5787401574803149318, 0.01181102362204724393 ) ;
#725 = ORIENTED_EDGE ( 'NONE', *, *, #754, .T. ) ;
#726 = EDGE_LOOP ( 'NONE', ( #1570, #2046, #2421, #2139 ) ) ;
#727 = CARTESIAN_POINT ( 'NONE',  ( 0.5216535433070872418, 0.0000000000000000000, 0.1680584798054076123 ) ) ;
#728 = DIRECTION ( 'NONE',  ( -6.982962677686266711E-15, 0.0000000000000000000, -1.000000000000000000 ) ) ;
#729 = AXIS2_PLACEMENT_3D ( 'NONE', #2168, #3260, #756 ) ;
#730 = DIRECTION ( 'NONE',  ( -6.982962677686265922E-15, 0.0000000000000000000, -1.000000000000000000 ) ) ;
#731 = ADVANCED_FACE ( 'NONE', ( #1785 ), #1714, .T. ) ;
#732 = CIRCLE ( 'NONE', #3519, 0.5905511811023621549 ) ;
#733 = CARTESIAN_POINT ( 'NONE',  ( 0.3602362204724408046, 0.0000000000000000000, 0.06372777114399143239 ) ) ;
#734 = CIRCLE ( 'NONE', #277, 0.5026578869255908799 ) ;
#735 =( NAMED_UNIT ( * ) SI_UNIT ( $, .STERADIAN. ) SOLID_ANGLE_UNIT ( ) );
#736 = VERTEX_POINT ( 'NONE', #2036 ) ;
#737 = ORIENTED_EDGE ( 'NONE', *, *, #1876, .F. ) ;
#738 =( GEOMETRIC_REPRESENTATION_CONTEXT ( 3 ) GLOBAL_UNCERTAINTY_ASSIGNED_CONTEXT ( ( #801 ) ) GLOBAL_UNIT_ASSIGNED_CONTEXT ( ( #2192, #1385, #2821 ) ) REPRESENTATION_CONTEXT ( 'NONE', 'WORKASPACE' ) );
#739 = DIRECTION ( 'NONE',  ( -6.982962677686266711E-15, 0.0000000000000000000, -1.000000000000000000 ) ) ;
#740 = CARTESIAN_POINT ( 'NONE',  ( 0.03222100617551793694, -0.3645556370906710697, 0.0002545543721556894467 ) ) ;
#741 =( NAMED_UNIT ( * ) SI_UNIT ( $, .STERADIAN. ) SOLID_ANGLE_UNIT ( ) );
#742 = VERTEX_POINT ( 'NONE', #2052 ) ;
#743 = EDGE_LOOP ( 'NONE', ( #197, #359, #504, #1093 ) ) ;
#744 = EDGE_CURVE ( 'NONE', #2665, #910, #1825, .T. ) ;
#745 = FACE_OUTER_BOUND ( 'NONE', #3084, .T. ) ;
#746 = B_SPLINE_CURVE_WITH_KNOTS ( 'NONE', 3,
 ( #755, #2693, #1567, #791, #2715, #740, #722, #2975, #3540, #2150, #3524, #194, #2754, #3557, #1907, #3023, #3271, #2433, #1855, #1041, #3259, #1058, #2959, #3492, #769, #248 ),
 .UNSPECIFIED., .F., .F.,
 ( 4, 2, 1, 2, 2, 2, 1, 2, 2, 2, 1, 1, 2, 2, 4 ),
 ( 0.0000000000000000000, 0.1249999999999912292, 0.1874999999999859557, 0.2187499999999833189, 0.2499999999999806821, 0.3749999999999706901, 0.4374999999999657496, 0.4687499999999632516, 0.4999999999999606981, 0.6249999999999564793, 0.6874999999999515943, 0.7187499999999520384, 0.7343749999999525935, 0.7499999999999531486, 1.000000000000000000 ),
 .UNSPECIFIED. ) ;
#747 = FACE_OUTER_BOUND ( 'NONE', #831, .T. ) ;
#748 = CARTESIAN_POINT ( 'NONE',  ( 5.867730460749391543E-16, 0.0000000000000000000, 0.1680584798054112761 ) ) ;
#749 = DIRECTION ( 'NONE',  ( -6.982962677686266711E-15, 0.0000000000000000000, -1.000000000000000000 ) ) ;
#750 = CARTESIAN_POINT ( 'NONE',  ( -0.2066929133858270706, -0.2363455213631495966, 0.04404273177391666155 ) ) ;
#751 = ORIENTED_EDGE ( 'NONE', *, *, #3086, .F. ) ;
#752 = CARTESIAN_POINT ( 'NONE',  ( 0.1967203040098419453, -0.3075958649006626522, 0.002218586399324071895 ) ) ;
#753 = ADVANCED_FACE ( 'NONE', ( #346 ), #87, .T. ) ;
#754 = EDGE_CURVE ( 'NONE', #736, #632, #1982, .T. ) ;
#755 = CARTESIAN_POINT ( 'NONE',  ( 0.03136597330126322108, -0.3637722774382283197, 0.004672653033757524256 ) ) ;
#756 = DIRECTION ( 'NONE',  ( -1.000000000000000000, 0.0000000000000000000, 7.124757133476171544E-15 ) ) ;
#757 = PLANE ( 'NONE',  #3220 ) ;
#758 = ORIENTED_EDGE ( 'NONE', *, *, #3282, .F. ) ;
#759 = CARTESIAN_POINT ( 'NONE',  ( -0.03136597330126012634, -0.4232516879196850934, 0.04404273177391543337 ) ) ;
#760 = PRODUCT ( 'CUI_DEVICES_CMS-305-158SP-67', 'CUI_DEVICES_CMS-305-158SP-67', '', ( #530 ) ) ;
#761 = FACE_OUTER_BOUND ( 'NONE', #3605, .T. ) ;
#762 = EDGE_CURVE ( 'NONE', #889, #1039, #1453, .T. ) ;
#763 = SURFACE_STYLE_USAGE ( .BOTH. , #1588 ) ;
#764 = CARTESIAN_POINT ( 'NONE',  ( -0.3021531221068395889, -0.002718852495534319208, -0.02485490602135826538 ) ) ;
#765 = LINE ( 'NONE', #2999, #3410 ) ;
#766 = CARTESIAN_POINT ( 'NONE',  ( -2.792242938743420261E-16, 0.0000000000000000000, 0.04404273177391521132 ) ) ;
#767 = ORIENTED_EDGE ( 'NONE', *, *, #1697, .T. ) ;
#768 = CARTESIAN_POINT ( 'NONE',  ( -0.08254707566338649605, -0.3677832302431102152, -0.007138370588288932110 ) ) ;
#769 = CARTESIAN_POINT ( 'NONE',  ( 0.04129467500886978282, -0.3727742121727585234, -0.007138370588289808145 ) ) ;
#770 = FACE_OUTER_BOUND ( 'NONE', #2093, .T. ) ;
#771 = DIRECTION ( 'NONE',  ( -1.000000000000000000, 0.0000000000000000000, 6.980328685028551844E-15 ) ) ;
#772 = EDGE_LOOP ( 'NONE', ( #1778, #1926 ) ) ;
#773 = LINE ( 'NONE', #1890, #2706 ) ;
#774 = AXIS2_PLACEMENT_3D ( 'NONE', #661, #392, #2062 ) ;
#775 = EDGE_CURVE ( 'NONE', #3371, #3543, #2830, .T. ) ;
#776 = VECTOR ( 'NONE', #2866, 39.37007874015748143 ) ;
#777 = DIRECTION ( 'NONE',  ( 0.0000000000000000000, 1.000000000000000000, 0.0000000000000000000 ) ) ;
#778 = CARTESIAN_POINT ( 'NONE',  ( 0.2066928907657872572, -0.4581953130417323328, 0.06373280420009486136 ) ) ;
#779 = AXIS2_PLACEMENT_3D ( 'NONE', #3257, #1779, #3452 ) ;
#780 = VECTOR ( 'NONE', #3549, 39.37007874015748143 ) ;
#781 = FACE_OUTER_BOUND ( 'NONE', #2121, .T. ) ;
#782 =( NAMED_UNIT ( * ) PLANE_ANGLE_UNIT ( ) SI_UNIT ( $, .RADIAN. ) );
#783 = AXIS2_PLACEMENT_3D ( 'NONE', #2487, #3292, #3575 ) ;
#784 =( GEOMETRIC_REPRESENTATION_CONTEXT ( 3 ) GLOBAL_UNCERTAINTY_ASSIGNED_CONTEXT ( ( #1827 ) ) GLOBAL_UNIT_ASSIGNED_CONTEXT ( ( #2248, #790, #1635 ) ) REPRESENTATION_CONTEXT ( 'NONE', 'WORKASPACE' ) );
#785 = VECTOR ( 'NONE', #128, 39.37007874015748143 ) ;
#786 = DIRECTION ( 'NONE',  ( -6.982962677686266711E-15, 0.0000000000000000000, -1.000000000000000000 ) ) ;
#787 = ORIENTED_EDGE ( 'NONE', *, *, #1464, .F. ) ;
#788 = DIRECTION ( 'NONE',  ( 1.000000000000000000, 0.0000000000000000000, -6.982962677686265922E-15 ) ) ;
#789 = AXIS2_PLACEMENT_3D ( 'NONE', #2796, #288, #2155 ) ;
#790 =( NAMED_UNIT ( * ) PLANE_ANGLE_UNIT ( ) SI_UNIT ( $, .RADIAN. ) );
#791 = CARTESIAN_POINT ( 'NONE',  ( 0.03177596258962877424, -0.3641492324589524765, 0.001554484030616337231 ) ) ;
#792 = ORIENTED_EDGE ( 'NONE', *, *, #2540, .T. ) ;
#793 = EDGE_LOOP ( 'NONE', ( #339, #40, #3048, #2774, #364 ) ) ;
#794 = CARTESIAN_POINT ( 'NONE',  ( 0.2066929133858266543, -0.2363455213631495966, 0.06372777114399250098 ) ) ;
#795 = VECTOR ( 'NONE', #689, 39.37007874015748143 ) ;
#796 = CIRCLE ( 'NONE', #3466, 0.5026578869255908799 ) ;
#797 = DIRECTION ( 'NONE',  ( -6.982962677686266711E-15, 0.0000000000000000000, -1.000000000000000000 ) ) ;
#798 = CARTESIAN_POINT ( 'NONE',  ( -0.1500921175035966060, -0.4933275760330518289, 0.0005086467904950526305 ) ) ;
#799 = CARTESIAN_POINT ( 'NONE',  ( -0.1849092803877959157, -0.4693470688223111420, -0.007138370588288218271 ) ) ;
#800 = DIRECTION ( 'NONE',  ( -6.982962677686266711E-15, 0.0000000000000000000, -1.000000000000000000 ) ) ;
#801 = UNCERTAINTY_MEASURE_WITH_UNIT (LENGTH_MEASURE( 1.000000000000000082E-05 ), #2192, 'distance_accuracy_value', 'NONE');
#802 =( NAMED_UNIT ( * ) SI_UNIT ( $, .STERADIAN. ) SOLID_ANGLE_UNIT ( ) );
#803 = DIRECTION ( 'NONE',  ( -0.1471979618488035990, 0.9891070518541248413, 1.027877873821682448E-15 ) ) ;
#804 = ORIENTED_EDGE ( 'NONE', *, *, #2744, .T. ) ;
#805 = DIRECTION ( 'NONE',  ( -6.982962677686266711E-15, 0.0000000000000000000, -1.000000000000000000 ) ) ;
#806 = ADVANCED_FACE ( 'NONE', ( #884 ), #2287, .T. ) ;
#807 = VERTEX_POINT ( 'NONE', #2291 ) ;
#808 = CARTESIAN_POINT ( 'NONE',  ( -0.2076771653543305896, 0.3597074019655905341, 0.1030978498841528812 ) ) ;
#809 = CARTESIAN_POINT ( 'NONE',  ( -0.1612872331437014417, -0.3406830676353972964, -0.007138370588288385672 ) ) ;
#810 = FACE_OUTER_BOUND ( 'NONE', #345, .T. ) ;
#811 = EDGE_LOOP ( 'NONE', ( #1708, #1326 ) ) ;
#812 = DIRECTION ( 'NONE',  ( 1.000000000000000000, 0.0000000000000000000, -6.982962677686265922E-15 ) ) ;
#813 = CARTESIAN_POINT ( 'NONE',  ( 0.05905511811023561597, -0.5115787311275925564, -0.001521918505711368106 ) ) ;
#814 = DIRECTION ( 'NONE',  ( -6.982962677686265922E-15, 0.0000000000000000000, -1.000000000000000000 ) ) ;
#815 = CARTESIAN_POINT ( 'NONE',  ( -0.05905511811023684415, -0.5070139843068336427, -0.005534017379637094780 ) ) ;
#816 = DIRECTION ( 'NONE',  ( -1.000000000000000000, 0.0000000000000000000, 6.984373545599503212E-15 ) ) ;
#817 = DIRECTION ( 'NONE',  ( 0.8660254037844253849, 0.0000000000000000000, -0.5000000000000230926 ) ) ;
#818 = EDGE_CURVE ( 'NONE', #3361, #2712, #638, .T. ) ;
#819 = CYLINDRICAL_SURFACE ( 'NONE', #1191, 0.01181102362204724393 ) ;
#820 = LINE ( 'NONE', #3057, #1296 ) ;
#821 = CARTESIAN_POINT ( 'NONE',  ( 0.08441367468537962215, -0.3654512447620500981, -0.007138370588293732957 ) ) ;
#822 = DIRECTION ( 'NONE',  ( -1.000000000000000000, 0.0000000000000000000, 6.980328685028551844E-15 ) ) ;
#823 = CLOSED_SHELL ( 'NONE', ( #2246, #1608, #187, #1196 ) ) ;
#824 = CARTESIAN_POINT ( 'NONE',  ( 5.867730460749391543E-16, 0.0000000000000000000, 0.1680584798054112761 ) ) ;
#825 = VERTEX_POINT ( 'NONE', #1209 ) ;
#826 = VERTEX_POINT ( 'NONE', #1306 ) ;
#827 = CARTESIAN_POINT ( 'NONE',  ( -0.05905511811023615720, -0.5875910061653543126, 0.09325533019911248778 ) ) ;
#828 = CIRCLE ( 'NONE', #1647, 0.5255905511811027608 ) ;
#829 = DIRECTION ( 'NONE',  ( -6.982962677686266711E-15, 0.0000000000000000000, -1.000000000000000000 ) ) ;
#830 = AXIS2_PLACEMENT_3D ( 'NONE', #2321, #949, #174 ) ;
#831 = EDGE_LOOP ( 'NONE', ( #1662, #1804, #3313, #706, #3228, #1677, #2732, #305, #1997, #1492, #2288 ) ) ;
#832 = AXIS2_PLACEMENT_3D ( 'NONE', #50, #328, #3156 ) ;
#833 = FACE_OUTER_BOUND ( 'NONE', #3423, .T. ) ;
#834 = CIRCLE ( 'NONE', #1416, 0.4724409448818897017 ) ;
#835 = DIRECTION ( 'NONE',  ( 6.982962677686265922E-15, 0.0000000000000000000, 1.000000000000000000 ) ) ;
#836 = AXIS2_PLACEMENT_3D ( 'NONE', #3118, #1114, #6 ) ;
#837 = EDGE_CURVE ( 'NONE', #665, #102, #1236, .T. ) ;
#838 =( LENGTH_UNIT ( ) NAMED_UNIT ( * ) SI_UNIT ( $, .METRE. ) );
#839 = ORIENTED_EDGE ( 'NONE', *, *, #3135, .T. ) ;
#840 = CARTESIAN_POINT ( 'NONE',  ( 0.1897275675524619509, -0.3201380400971093332, -0.006458484981029102151 ) ) ;
#841 = AXIS2_PLACEMENT_3D ( 'NONE', #1002, #438, #1575 ) ;
#842 = PRESENTATION_STYLE_ASSIGNMENT (( #2516 ) ) ;
#843 = CARTESIAN_POINT ( 'NONE',  ( -1.417643986442973787E-16, 0.0000000000000000000, 0.06372777114399395815 ) ) ;
#844 = ORIENTED_EDGE ( 'NONE', *, *, #1266, .T. ) ;
#845 = CARTESIAN_POINT ( 'NONE',  ( -0.1612872331437014417, -0.3406830676353972964, -0.007138370588288385672 ) ) ;
#846 = CIRCLE ( 'NONE', #330, 0.5216535433070865757 ) ;
#847 = CIRCLE ( 'NONE', #2895, 0.05511811023622047861 ) ;
#848 = CARTESIAN_POINT ( 'NONE',  ( -0.1967203040098428335, -0.4773207219098424825, 0.04404273177391657829 ) ) ;
#849 = CARTESIAN_POINT ( 'NONE',  ( -0.5649606299212590610, 6.918772270773432853E-17, 0.1995545427975412289 ) ) ;
#850 = AXIS2_PLACEMENT_3D ( 'NONE', #957, #2862, #1489 ) ;
#851 = CARTESIAN_POINT ( 'NONE',  ( 0.08254707566338519154, -0.3677832302431102152, -0.007138370588290092640 ) ) ;
#852 = ORIENTED_EDGE ( 'NONE', *, *, #1705, .F. ) ;
#853 = CARTESIAN_POINT ( 'NONE',  ( 0.4148255122018108532, -0.2076771653543307283, 0.06372777114399105769 ) ) ;
#854 = EDGE_CURVE ( 'NONE', #2790, #523, #1224, .T. ) ;
#855 = MECHANICAL_DESIGN_GEOMETRIC_PRESENTATION_REPRESENTATION (  '', ( #2178 ), #1606 ) ;
#856 = CARTESIAN_POINT ( 'NONE',  ( 0.5255905511811028719, 6.436627861660309405E-17, 0.1050663538211556447 ) ) ;
#857 =( NAMED_UNIT ( * ) SI_UNIT ( $, .STERADIAN. ) SOLID_ANGLE_UNIT ( ) );
#858 = SURFACE_STYLE_USAGE ( .BOTH. , #3360 ) ;
#859 = ORIENTED_EDGE ( 'NONE', *, *, #1664, .T. ) ;
#860 = DIRECTION ( 'NONE',  ( -6.982962677686266711E-15, 0.0000000000000000000, -1.000000000000000000 ) ) ;
#861 = CARTESIAN_POINT ( 'NONE',  ( 0.2066928907657872572, -0.4581953130417323328, 0.06373280420009486136 ) ) ;
#862 = ORIENTED_EDGE ( 'NONE', *, *, #1253, .T. ) ;
#863 = FACE_OUTER_BOUND ( 'NONE', #3385, .T. ) ;
#864 = DIRECTION ( 'NONE',  ( 1.000000000000000000, 0.0000000000000000000, -7.124757133476171544E-15 ) ) ;
#865 = DIRECTION ( 'NONE',  ( -0.6583072100313249742, -0.7527493721158279305, 4.595113909719128364E-15 ) ) ;
#866 = VERTEX_POINT ( 'NONE', #1289 ) ;
#867 = CARTESIAN_POINT ( 'NONE',  ( 0.3139763779527552368, 3.845101662677221102E-17, -0.01304388239931532703 ) ) ;
#868 = DIMENSIONAL_EXPONENTS ( 1.000000000000000000, 0.0000000000000000000, 0.0000000000000000000, 0.0000000000000000000, 0.0000000000000000000, 0.0000000000000000000, 0.0000000000000000000 ) ;
#869 = FILL_AREA_STYLE ('',( #90 ) ) ;
#870 = EDGE_CURVE ( 'NONE', #3173, #2255, #548, .T. ) ;
#871 = ORIENTED_EDGE ( 'NONE', *, *, #3374, .T. ) ;
#872 = CARTESIAN_POINT ( 'NONE',  ( -5.541440843344312717E-16, 0.0000000000000000000, 0.004672653033757728953 ) ) ;
#873 = FACE_OUTER_BOUND ( 'NONE', #1857, .T. ) ;
#874 = EDGE_LOOP ( 'NONE', ( #1624, #2672 ) ) ;
#875 = FACE_OUTER_BOUND ( 'NONE', #2034, .T. ) ;
#876 = DIRECTION ( 'NONE',  ( 0.1145481854891985396, -0.9934176932192884113, -8.011960179941908972E-16 ) ) ;
#877 = CARTESIAN_POINT ( 'NONE',  ( 0.5216535433070872418, 0.0000000000000000000, 0.1680584798054076123 ) ) ;
#878 = VERTEX_POINT ( 'NONE', #483 ) ;
#879 = SURFACE_STYLE_FILL_AREA ( #2843 ) ;
#880 = CARTESIAN_POINT ( 'NONE',  ( -6.366200214724579616E-16, 0.0000000000000000000, -0.007138370588289512375 ) ) ;
#881 = ORIENTED_EDGE ( 'NONE', *, *, #3545, .F. ) ;
#882 = EDGE_CURVE ( 'NONE', #742, #2790, #720, .T. ) ;
#883 = ORIENTED_EDGE ( 'NONE', *, *, #97, .F. ) ;
#884 = FACE_OUTER_BOUND ( 'NONE', #468, .T. ) ;
#885 = TOROIDAL_SURFACE ( 'NONE', #1534, 0.3021653543307087353, 0.01181102362204724393 ) ;
#886 = ADVANCED_FACE ( 'NONE', ( #198 ), #1715, .T. ) ;
#887 = MECHANICAL_DESIGN_GEOMETRIC_PRESENTATION_REPRESENTATION (  '', ( #2053 ), #2936 ) ;
#888 = DIRECTION ( 'NONE',  ( -1.000000000000000000, 0.0000000000000000000, 6.982962677686265922E-15 ) ) ;
#889 = VERTEX_POINT ( 'NONE', #759 ) ;
#890 = CARTESIAN_POINT ( 'NONE',  ( 5.867730460749391543E-16, 0.0000000000000000000, 0.1680584798054112761 ) ) ;
#891 = CIRCLE ( 'NONE', #3392, 0.5216535433070865757 ) ;
#892 = CARTESIAN_POINT ( 'NONE',  ( -2.792242938743420261E-16, 0.0000000000000000000, 0.04404273177391521132 ) ) ;
#893 = DIRECTION ( 'NONE',  ( -6.982962677686265922E-15, 0.0000000000000000000, -1.000000000000000000 ) ) ;
#894 = CIRCLE ( 'NONE', #2945, 0.5905511811023621549 ) ;
#895 = ADVANCED_FACE ( 'NONE', ( #3528 ), #3459, .T. ) ;
#896 = CARTESIAN_POINT ( 'NONE',  ( -1.417643986442973787E-16, 0.0000000000000000000, 0.06372777114399395815 ) ) ;
#897 = AXIS2_PLACEMENT_3D ( 'NONE', #679, #1212, #1791 ) ;
#898 = FILL_AREA_STYLE_COLOUR ( '', #2350 ) ;
#899 = ORIENTED_EDGE ( 'NONE', *, *, #3125, .T. ) ;
#900 =( NAMED_UNIT ( * ) PLANE_ANGLE_UNIT ( ) SI_UNIT ( $, .RADIAN. ) );
#901 = AXIS2_PLACEMENT_3D ( 'NONE', #914, #2595, #285 ) ;
#902 = FILL_AREA_STYLE ('',( #3398 ) ) ;
#903 = CARTESIAN_POINT ( 'NONE',  ( 6.442544420076955555E-17, 0.0000000000000000000, 0.09325533019911207144 ) ) ;
#904 = ORIENTED_EDGE ( 'NONE', *, *, #2294, .T. ) ;
#905 = AXIS2_PLACEMENT_3D ( 'NONE', #1541, #1830, #3536 ) ;
#906 = ORIENTED_EDGE ( 'NONE', *, *, #2070, .T. ) ;
#907 = CARTESIAN_POINT ( 'NONE',  ( 0.3597074019655903676, -0.2076771653543307283, 0.06372777114399144627 ) ) ;
#908 = CIRCLE ( 'NONE', #1364, 0.02362204724409450868 ) ;
#909 = DIRECTION ( 'NONE',  ( 0.0000000000000000000, 0.0000000000000000000, 1.000000000000000000 ) ) ;
#910 = VERTEX_POINT ( 'NONE', #1251 ) ;
#911 = DIRECTION ( 'NONE',  ( -6.982962677686266711E-15, 0.0000000000000000000, -1.000000000000000000 ) ) ;
#912 = VECTOR ( 'NONE', #2524, 39.37007874015748143 ) ;
#913 = ORIENTED_EDGE ( 'NONE', *, *, #471, .F. ) ;
#914 = CARTESIAN_POINT ( 'NONE',  ( 1.331553918157918670E-16, 0.4153543307086614567, 0.1030978498841514379 ) ) ;
#915 = DIRECTION ( 'NONE',  ( -6.982962677686265922E-15, 0.0000000000000000000, -1.000000000000000000 ) ) ;
#916 = ORIENTED_EDGE ( 'NONE', *, *, #2204, .T. ) ;
#917 = CARTESIAN_POINT ( 'NONE',  ( -0.09132661829591517955, -0.3566483344470431360, -0.003237576962645569417 ) ) ;
#918 =( NAMED_UNIT ( * ) SI_UNIT ( $, .STERADIAN. ) SOLID_ANGLE_UNIT ( ) );
#919 = EDGE_CURVE ( 'NONE', #3107, #2689, #485, .T. ) ;
#920 = VERTEX_POINT ( 'NONE', #433 ) ;
#921 = CARTESIAN_POINT ( 'NONE',  ( 0.3597074019655906452, -0.2076771653543307283, 0.1030978498841489260 ) ) ;
#922 = DIRECTION ( 'NONE',  ( 6.982962677686266711E-15, 0.0000000000000000000, 1.000000000000000000 ) ) ;
#923 = CARTESIAN_POINT ( 'NONE',  ( -0.03883895928267878939, -0.3705648453609694526, -0.006313178241192761095 ) ) ;
#924 = EDGE_LOOP ( 'NONE', ( #3007, #862, #2773, #640 ) ) ;
#925 = ORIENTED_EDGE ( 'NONE', *, *, #2402, .F. ) ;
#926 = CARTESIAN_POINT ( 'NONE',  ( -0.2076771653543308671, 0.3597074019655905341, 0.06372777114399540144 ) ) ;
#927 = FACE_OUTER_BOUND ( 'NONE', #1486, .T. ) ;
#928 = ORIENTED_EDGE ( 'NONE', *, *, #1837, .F. ) ;
#929 = DIRECTION ( 'NONE',  ( -0.5387796129020729907, -0.8424467512674568281, 3.762926798880676954E-15 ) ) ;
#930 = ORIENTED_EDGE ( 'NONE', *, *, #2340, .F. ) ;
#931 = CARTESIAN_POINT ( 'NONE',  ( -0.2627952755905513249, 0.3597074019655905341, 0.06372777114399579002 ) ) ;
#932 = FACE_OUTER_BOUND ( 'NONE', #16, .T. ) ;
#933 = ADVANCED_FACE ( 'NONE', ( #170 ), #3480, .T. ) ;
#934 = FILL_AREA_STYLE ('',( #1797 ) ) ;
#935 = DIRECTION ( 'NONE',  ( -6.982962677686266711E-15, 0.0000000000000000000, -1.000000000000000000 ) ) ;
#936 = DIRECTION ( 'NONE',  ( -1.000000000000000000, 0.0000000000000000000, 6.982962677686265922E-15 ) ) ;
#937 = EDGE_CURVE ( 'NONE', #125, #217, #2104, .T. ) ;
#938 = ORIENTED_EDGE ( 'NONE', *, *, #1816, .T. ) ;
#939 = CARTESIAN_POINT ( 'NONE',  ( -0.3597074019655906452, 0.2076771653543307283, 0.06372777114399647003 ) ) ;
#940 = DIRECTION ( 'NONE',  ( 0.3932584269662917076, -0.9194279795720803339, -2.761263959888176899E-15 ) ) ;
#941 = ORIENTED_EDGE ( 'NONE', *, *, #2925, .T. ) ;
#942 = ORIENTED_EDGE ( 'NONE', *, *, #1081, .F. ) ;
#943 = CARTESIAN_POINT ( 'NONE',  ( -1.417643986442973787E-16, 0.0000000000000000000, 0.06372777114399395815 ) ) ;
#944 = CARTESIAN_POINT ( 'NONE',  ( 0.05905511811023546331, -0.4468737351637795396, -0.02485490602136078420 ) ) ;
#945 = ORIENTED_EDGE ( 'NONE', *, *, #2656, .T. ) ;
#946 = AXIS2_PLACEMENT_3D ( 'NONE', #2388, #2326, #952 ) ;
#947 = CARTESIAN_POINT ( 'NONE',  ( -0.2066929133858267931, -0.4802798790754518876, 0.07592343998856754261 ) ) ;
#948 = PRESENTATION_LAYER_ASSIGNMENT (  '', '', ( #3391 ) ) ;
#949 = DIRECTION ( 'NONE',  ( -6.982962677686266711E-15, 0.0000000000000000000, -1.000000000000000000 ) ) ;
#950 = STYLED_ITEM ( 'NONE', ( #3201 ), #886 ) ;
#951 = CARTESIAN_POINT ( 'NONE',  ( -0.09031566627624545984, -0.5042017644018998990, -0.004224147242389083776 ) ) ;
#952 = DIRECTION ( 'NONE',  ( -0.4093869959661936564, -0.9123608318717851828, 2.852517713170906944E-15 ) ) ;
#953 = ORIENTED_EDGE ( 'NONE', *, *, #2760, .F. ) ;
#954 = CARTESIAN_POINT ( 'NONE',  ( -0.05905511811023599067, -0.5875910061653543126, 0.1168773774432069756 ) ) ;
#955 = AXIS2_PLACEMENT_3D ( 'NONE', #2165, #3287, #788 ) ;
#956 = ADVANCED_FACE ( 'NONE', ( #252 ), #3599, .T. ) ;
#957 = CARTESIAN_POINT ( 'NONE',  ( -2.792242938743420261E-16, 0.0000000000000000000, 0.04404273177391521132 ) ) ;
#958 = CARTESIAN_POINT ( 'NONE',  ( -0.05905511811023606700, -0.5846425380754739498, 0.1090571719717833565 ) ) ;
#959 = ORIENTED_EDGE ( 'NONE', *, *, #38, .T. ) ;
#960 = ORIENTED_EDGE ( 'NONE', *, *, #1238, .F. ) ;
#961 = AXIS2_PLACEMENT_3D ( 'NONE', #2128, #173, #2142 ) ;
#962 = PRESENTATION_LAYER_ASSIGNMENT (  '', '', ( #1130 ) ) ;
#963 = DIRECTION ( 'NONE',  ( 0.5387796129020729907, -0.8424467512674568281, -3.764388129676358730E-15 ) ) ;
#964 = ADVANCED_FACE ( 'NONE', ( #1094 ), #2740, .T. ) ;
#965 = CARTESIAN_POINT ( 'NONE',  ( 0.05905511811023558821, -0.5009896266497499973, -0.007138370588289925239 ) ) ;
#966 = MECHANICAL_DESIGN_GEOMETRIC_PRESENTATION_REPRESENTATION (  '', ( #499 ), #2302 ) ;
#967 = CIRCLE ( 'NONE', #3298, 0.05511811023622047168 ) ;
#968 = LINE ( 'NONE', #3146, #613 ) ;
#969 = DIMENSIONAL_EXPONENTS ( 1.000000000000000000, 0.0000000000000000000, 0.0000000000000000000, 0.0000000000000000000, 0.0000000000000000000, 0.0000000000000000000, 0.0000000000000000000 ) ;
#970 = CIRCLE ( 'NONE', #3079, 0.5255905511811027608 ) ;
#971 = DIRECTION ( 'NONE',  ( 0.0000000000000000000, 1.000000000000000000, 0.0000000000000000000 ) ) ;
#972 = CARTESIAN_POINT ( 'NONE',  ( -0.1967203040098428335, -0.4773207219098424825, 0.04404273177391657829 ) ) ;
#973 = CARTESIAN_POINT ( 'NONE',  ( -0.09370611644875691260, -0.3535677754171924758, 0.0007698164828506930124 ) ) ;
#974 = CARTESIAN_POINT ( 'NONE',  ( 0.3597074019655906452, 0.2076771653543307283, 0.1030978498841489260 ) ) ;
#975 = VERTEX_POINT ( 'NONE', #1911 ) ;
#976 = CARTESIAN_POINT ( 'NONE',  ( -0.1525590551181103816, 0.3597074019655905341, 0.06372777114399501286 ) ) ;
#977 = DIRECTION ( 'NONE',  ( -6.982962677686265922E-15, 0.0000000000000000000, -1.000000000000000000 ) ) ;
#978 = ORIENTED_CLOSED_SHELL ( 'NONE', *, #598, .F. );
#979 = LINE ( 'NONE', #2625, #1127 ) ;
#980 = ORIENTED_EDGE ( 'NONE', *, *, #289, .F. ) ;
#981 = EDGE_LOOP ( 'NONE', ( #1287, #1165, #3592, #297, #301, #372 ) ) ;
#982 =( LENGTH_UNIT ( ) NAMED_UNIT ( * ) SI_UNIT ( $, .METRE. ) );
#983 = EDGE_CURVE ( 'NONE', #2689, #1771, #3027, .T. ) ;
#984 = CARTESIAN_POINT ( 'NONE',  ( -0.04317699692330763395, 1.962946553217716605, 0.004672653033758035999 ) ) ;
#985 = EDGE_CURVE ( 'NONE', #1649, #2817, #1930, .T. ) ;
#986 = CARTESIAN_POINT ( 'NONE',  ( -0.2076771653543308671, 0.3597074019655905341, 0.06372777114399540144 ) ) ;
#987 = DIRECTION ( 'NONE',  ( -1.000000000000000000, 0.0000000000000000000, 6.969871108835385309E-15 ) ) ;
#988 = SURFACE_STYLE_FILL_AREA ( #1848 ) ;
#989 = DIRECTION ( 'NONE',  ( -6.982962677686266711E-15, 0.0000000000000000000, -1.000000000000000000 ) ) ;
#990 = CARTESIAN_POINT ( 'NONE',  ( -0.08661828010328641303, -0.3626615955752927611, -0.006414930060536632242 ) ) ;
#991 = CARTESIAN_POINT ( 'NONE',  ( -0.05905511811023698293, -0.4687354684956693274, -0.02485490602135996541 ) ) ;
#992 = VERTEX_POINT ( 'NONE', #2471 ) ;
#993 = FACE_OUTER_BOUND ( 'NONE', #562, .T. ) ;
#994 = DIRECTION ( 'NONE',  ( -1.000000000000000000, 0.0000000000000000000, 6.982962677686265922E-15 ) ) ;
#995 = CARTESIAN_POINT ( 'NONE',  ( 0.5905511811023628210, 7.232166136696970059E-17, 0.1680584798054071405 ) ) ;
#996 = ORIENTED_EDGE ( 'NONE', *, *, #2422, .F. ) ;
#997 = ORIENTED_EDGE ( 'NONE', *, *, #3460, .F. ) ;
#998 = DIRECTION ( 'NONE',  ( -1.000000000000000000, 0.0000000000000000000, 6.982962677686265922E-15 ) ) ;
#999 = EDGE_CURVE ( 'NONE', #563, #1345, #773, .T. ) ;
#1000 = CARTESIAN_POINT ( 'NONE',  ( -0.09435809928543337222, -0.5075731461314961779, 0.04404273177391588440 ) ) ;
#1001 = ADVANCED_FACE ( 'NONE', ( #539 ), #576, .F. ) ;
#1002 = CARTESIAN_POINT ( 'NONE',  ( -1.417643986442973787E-16, 0.0000000000000000000, 0.06372777114399395815 ) ) ;
#1003 = DIRECTION ( 'NONE',  ( -6.982962677686265922E-15, 0.0000000000000000000, -1.000000000000000000 ) ) ;
#1004 = VECTOR ( 'NONE', #3403, 39.37007874015748143 ) ;
#1005 = ORIENTED_EDGE ( 'NONE', *, *, #1986, .T. ) ;
#1006 = CARTESIAN_POINT ( 'NONE',  ( -6.366200214724579616E-16, 0.0000000000000000000, -0.007138370588289512375 ) ) ;
#1007 = EDGE_CURVE ( 'NONE', #1250, #1490, #76, .T. ) ;
#1008 = VERTEX_POINT ( 'NONE', #827 ) ;
#1009 = COLOUR_RGB ( '',1.000000000000000000, 1.000000000000000000, 1.000000000000000000 ) ;
#1010 = LINE ( 'NONE', #3244, #3128 ) ;
#1011 = DIRECTION ( 'NONE',  ( -6.982962677686265922E-15, 0.0000000000000000000, -1.000000000000000000 ) ) ;
#1012 = CIRCLE ( 'NONE', #1947, 0.5026578869255908799 ) ;
#1013 = VERTEX_POINT ( 'NONE', #3045 ) ;
#1014 = ORIENTED_EDGE ( 'NONE', *, *, #2384, .T. ) ;
#1015 = DIRECTION ( 'NONE',  ( -1.000000000000000000, 0.0000000000000000000, 7.124757133476171544E-15 ) ) ;
#1016 = CIRCLE ( 'NONE', #3288, 0.3021653543307087353 ) ;
#1017 = CARTESIAN_POINT ( 'NONE',  ( -1.692563776903062835E-16, 0.0000000000000000000, 0.05979076326997821711 ) ) ;
#1018 = CIRCLE ( 'NONE', #3068, 0.5216535433070865757 ) ;
#1019 = EDGE_CURVE ( 'NONE', #2361, #1008, #2635, .T. ) ;
#1020 = CARTESIAN_POINT ( 'NONE',  ( -0.4148255122018108532, 0.2076771653543307283, 0.1030978498841543384 ) ) ;
#1021 = TOROIDAL_SURFACE ( 'NONE', #2894, 0.5044582371074803895, 0.01181102362204724393 ) ;
#1022 = AXIS2_PLACEMENT_3D ( 'NONE', #1894, #567, #2212 ) ;
#1023 = ADVANCED_FACE ( 'NONE', ( #2012 ), #1448, .T. ) ;
#1024 = CARTESIAN_POINT ( 'NONE',  ( -0.03513023900986032150, -0.4234224938332259991, -0.003994256029817283907 ) ) ;
#1025 = ORIENTED_EDGE ( 'NONE', *, *, #870, .T. ) ;
#1026 = CARTESIAN_POINT ( 'NONE',  ( 0.2076771653543305896, 0.3597074019655905341, 0.06372777114399250098 ) ) ;
#1027 = EDGE_CURVE ( 'NONE', #523, #1270, #2996, .T. ) ;
#1028 = ORIENTED_EDGE ( 'NONE', *, *, #68, .F. ) ;
#1029 = CARTESIAN_POINT ( 'NONE',  ( 1.331553918157918670E-16, 0.0000000000000000000, 0.1030978498841514379 ) ) ;
#1030 = DIRECTION ( 'NONE',  ( -6.982962677686265922E-15, 0.0000000000000000000, -1.000000000000000000 ) ) ;
#1031 = EDGE_LOOP ( 'NONE', ( #2267, #2917, #1704, #176 ) ) ;
#1032 = VERTEX_POINT ( 'NONE', #2562 ) ;
#1033 = CARTESIAN_POINT ( 'NONE',  ( -0.03136597330126012634, -0.3637722774382283197, 0.04404273177391543337 ) ) ;
#1034 = CARTESIAN_POINT ( 'NONE',  ( 0.03294835042191672503, -0.4232516879196850934, -0.001232858777266130886 ) ) ;
#1035 = CARTESIAN_POINT ( 'NONE',  ( 0.4148255122018108532, 0.2076771653543307283, 0.06372777114399105769 ) ) ;
#1036 = DIRECTION ( 'NONE',  ( 0.0000000000000000000, -1.000000000000000000, 0.0000000000000000000 ) ) ;
#1037 = DIRECTION ( 'NONE',  ( -1.000000000000000000, 0.0000000000000000000, 6.969871108835385309E-15 ) ) ;
#1038 = ADVANCED_FACE ( 'NONE', ( #863 ), #1709, .F. ) ;
#1039 = VERTEX_POINT ( 'NONE', #3435 ) ;
#1040 = CARTESIAN_POINT ( 'NONE',  ( -2.792242938743420261E-16, 0.0000000000000000000, 0.04404273177391521132 ) ) ;
#1041 = CARTESIAN_POINT ( 'NONE',  ( 0.03856715011254426007, -0.3703209612871846690, -0.006204714933150117136 ) ) ;
#1042 = DIRECTION ( 'NONE',  ( -1.000000000000000000, 0.0000000000000000000, 6.982962677686265922E-15 ) ) ;
#1043 = DIRECTION ( 'NONE',  ( -6.982962677686266711E-15, 0.0000000000000000000, -1.000000000000000000 ) ) ;
#1044 = ORIENTED_EDGE ( 'NONE', *, *, #2327, .T. ) ;
#1045 = CARTESIAN_POINT ( 'NONE',  ( 1.331553918157918670E-16, 0.0000000000000000000, 0.1030978498841514379 ) ) ;
#1046 = FACE_OUTER_BOUND ( 'NONE', #3328, .T. ) ;
#1047 = DIRECTION ( 'NONE',  ( -6.982962677686266711E-15, 0.0000000000000000000, -1.000000000000000000 ) ) ;
#1048 = ORIENTED_EDGE ( 'NONE', *, *, #1354, .T. ) ;
#1049 = EDGE_CURVE ( 'NONE', #2566, #3247, #1478, .T. ) ;
#1050 = DIRECTION ( 'NONE',  ( -6.982962677686266711E-15, 0.0000000000000000000, -1.000000000000000000 ) ) ;
#1051 = B_SPLINE_CURVE_WITH_KNOTS ( 'NONE', 3,
 ( #1105, #752, #1866, #17, #1162, #840, #1422, #3362 ),
 .UNSPECIFIED., .F., .F.,
 ( 4, 2, 2, 4 ),
 ( 1.296656051858321487E-17, 0.0001840631537232135097, 0.0003681263074464140631, 0.0007362526148928152242 ),
 .UNSPECIFIED. ) ;
#1052 = CYLINDRICAL_SURFACE ( 'NONE', #3060, 0.5162692607295276126 ) ;
#1053 = CARTESIAN_POINT ( 'NONE',  ( -6.778579900414713066E-16, 0.0000000000000000000, -0.01304388239931313608 ) ) ;
#1054 = VERTEX_POINT ( 'NONE', #3382 ) ;
#1055 = DIRECTION ( 'NONE',  ( 1.000000000000000000, 0.0000000000000000000, -6.982962677686266711E-15 ) ) ;
#1056 = APPLICATION_CONTEXT ( 'automotive_design' ) ;
#1057 = COLOUR_RGB ( '',1.000000000000000000, 1.000000000000000000, 1.000000000000000000 ) ;
#1058 = CARTESIAN_POINT ( 'NONE',  ( 0.03902758090508207101, -0.3707352611303679213, -0.006385940788384575177 ) ) ;
#1059 = CARTESIAN_POINT ( 'NONE',  ( -0.05905511811023685803, -0.4240017862688977845, -0.007138370588289102980 ) ) ;
#1060 = VERTEX_POINT ( 'NONE', #1430 ) ;
#1061 = AXIS2_PLACEMENT_3D ( 'NONE', #3278, #361, #1748 ) ;
#1062 = AXIS2_PLACEMENT_3D ( 'NONE', #2719, #2368, #2383 ) ;
#1063 = DIRECTION ( 'NONE',  ( -6.982962677686266711E-15, 0.0000000000000000000, -1.000000000000000000 ) ) ;
#1064 = AXIS2_PLACEMENT_3D ( 'NONE', #1546, #463, #2390 ) ;
#1065 = CARTESIAN_POINT ( 'NONE',  ( 0.03357678233882778474, -0.4232516879196850379, -0.002321334786456036997 ) ) ;
#1066 = ADVANCED_FACE ( 'NONE', ( #2545 ), #2861, .T. ) ;
#1067 = DIRECTION ( 'NONE',  ( -6.982962677686266711E-15, 0.0000000000000000000, -1.000000000000000000 ) ) ;
#1068 = AXIS2_PLACEMENT_3D ( 'NONE', #1333, #520, #1908 ) ;
#1069 = AXIS2_PLACEMENT_3D ( 'NONE', #549, #3304, #3281 ) ;
#1070 = CARTESIAN_POINT ( 'NONE',  ( 0.05905511811023558821, -0.4240017862688977845, -0.007138370588289922637 ) ) ;
#1071 = VERTEX_POINT ( 'NONE', #340 ) ;
#1072 = FACE_OUTER_BOUND ( 'NONE', #1421, .T. ) ;
#1073 = CIRCLE ( 'NONE', #443, 0.3139763779527559584 ) ;
#1074 = CARTESIAN_POINT ( 'NONE',  ( -0.1967203040098430833, -0.3075958649006659273, 0.004672653033759102854 ) ) ;
#1075 = FILL_AREA_STYLE ('',( #3082 ) ) ;
#1076 = ORIENTED_EDGE ( 'NONE', *, *, #3135, .F. ) ;
#1077 = ORIENTED_EDGE ( 'NONE', *, *, #1134, .T. ) ;
#1078 =( CONVERSION_BASED_UNIT ( 'INCH', #3085 ) LENGTH_UNIT ( ) NAMED_UNIT ( #868 ) );
#1079 = DIRECTION ( 'NONE',  ( -6.982962677686266711E-15, 0.0000000000000000000, -1.000000000000000000 ) ) ;
#1080 = FACE_OUTER_BOUND ( 'NONE', #231, .T. ) ;
#1081 = EDGE_CURVE ( 'NONE', #866, #1013, #2709, .T. ) ;
#1082 = CARTESIAN_POINT ( 'NONE',  ( -0.4148255122018111307, -0.2076771653543307283, 0.06372777114399685860 ) ) ;
#1083 = VERTEX_POINT ( 'NONE', #3151 ) ;
#1084 = DIRECTION ( 'NONE',  ( -6.982962677686265922E-15, 0.0000000000000000000, -1.000000000000000000 ) ) ;
#1085 = EDGE_CURVE ( 'NONE', #1980, #826, #1759, .T. ) ;
#1086 = SURFACE_STYLE_USAGE ( .BOTH. , #3338 ) ;
#1087 = DIRECTION ( 'NONE',  ( 0.0000000000000000000, -1.000000000000000000, 0.0000000000000000000 ) ) ;
#1088 = ORIENTED_EDGE ( 'NONE', *, *, #2225, .F. ) ;
#1089 = CARTESIAN_POINT ( 'NONE',  ( -0.2066928907657875347, -0.4581953130417323328, 0.06373280420009777569 ) ) ;
#1090 = CARTESIAN_POINT ( 'NONE',  ( -0.1873471510137273144, -0.3242908481509563234, -0.007138370588288205261 ) ) ;
#1091 = CARTESIAN_POINT ( 'NONE',  ( 0.4704724409448817757, 6.750021727583837212E-18, 0.06372777114399066911 ) ) ;
#1092 = ORIENTED_EDGE ( 'NONE', *, *, #1292, .F. ) ;
#1093 = ORIENTED_EDGE ( 'NONE', *, *, #1739, .F. ) ;
#1094 = FACE_OUTER_BOUND ( 'NONE', #2446, .T. ) ;
#1095 = CARTESIAN_POINT ( 'NONE',  ( 0.1849092803877946112, -0.4693470688223111420, -0.007138370588290806479 ) ) ;
#1096 = LINE ( 'NONE', #278, #3131 ) ;
#1097 = ORIENTED_EDGE ( 'NONE', *, *, #647, .F. ) ;
#1098 = FACE_OUTER_BOUND ( 'NONE', #2807, .T. ) ;
#1099 = ADVANCED_FACE ( 'NONE', ( #103 ), #1205, .T. ) ;
#1100 = DIRECTION ( 'NONE',  ( -1.000000000000000000, 0.0000000000000000000, 6.969871108835385309E-15 ) ) ;
#1101 = DIRECTION ( 'NONE',  ( -0.4111999806667108737, -0.9115451584533245111, 2.870256807225850725E-15 ) ) ;
#1102 =( LENGTH_UNIT ( ) NAMED_UNIT ( * ) SI_UNIT ( $, .METRE. ) );
#1103 = DIRECTION ( 'NONE',  ( 1.000000000000000000, 0.0000000000000000000, -7.124757133476171544E-15 ) ) ;
#1104 = VERTEX_POINT ( 'NONE', #954 ) ;
#1105 = CARTESIAN_POINT ( 'NONE',  ( 0.1967203040098420008, -0.3075958649006659273, 0.004672653033756354185 ) ) ;
#1106 = DIRECTION ( 'NONE',  ( -6.982962677686266711E-15, 0.0000000000000000000, -1.000000000000000000 ) ) ;
#1107 = CLOSED_SHELL ( 'NONE', ( #2547, #1177, #585, #1001 ) ) ;
#1108 = CARTESIAN_POINT ( 'NONE',  ( 0.1494762095216529973, -0.4941566678304074034, 0.002517612733803637447 ) ) ;
#1109 = SURFACE_STYLE_USAGE ( .BOTH. , #43 ) ;
#1110 = EDGE_CURVE ( 'NONE', #3367, #2750, #1012, .T. ) ;
#1111 = ORIENTED_EDGE ( 'NONE', *, *, #2818, .T. ) ;
#1112 = AXIS2_PLACEMENT_3D ( 'NONE', #766, #531, #3307 ) ;
#1113 = FACE_OUTER_BOUND ( 'NONE', #426, .T. ) ;
#1114 = DIRECTION ( 'NONE',  ( -6.982962677686266711E-15, 0.0000000000000000000, -1.000000000000000000 ) ) ;
#1115 = AXIS2_PLACEMENT_3D ( 'NONE', #2688, #2985, #210 ) ;
#1116 = DIRECTION ( 'NONE',  ( -6.982962677686266711E-15, 0.0000000000000000000, -1.000000000000000000 ) ) ;
#1117 = ORIENTED_EDGE ( 'NONE', *, *, #2537, .F. ) ;
#1118 = CARTESIAN_POINT ( 'NONE',  ( -0.5026578869255907689, 0.0000000000000000000, 0.06372777114399745535 ) ) ;
#1119 =( GEOMETRIC_REPRESENTATION_CONTEXT ( 3 ) GLOBAL_UNCERTAINTY_ASSIGNED_CONTEXT ( ( #3569 ) ) GLOBAL_UNIT_ASSIGNED_CONTEXT ( ( #1552, #1873, #2992 ) ) REPRESENTATION_CONTEXT ( 'NONE', 'WORKASPACE' ) );
#1120 = LINE ( 'NONE', #527, #441 ) ;
#1121 = VECTOR ( 'NONE', #1265, 39.37007874015748143 ) ;
#1122 = EDGE_CURVE ( 'NONE', #3419, #992, #398, .T. ) ;
#1123 = CIRCLE ( 'NONE', #1601, 0.05511811023622047861 ) ;
#1124 = ORIENTED_CLOSED_SHELL ( 'NONE', *, #10, .F. );
#1125 = EDGE_CURVE ( 'NONE', #2864, #1104, #314, .T. ) ;
#1126 = ORIENTED_EDGE ( 'NONE', *, *, #2633, .F. ) ;
#1127 = VECTOR ( 'NONE', #124, 39.37007874015748143 ) ;
#1128 = AXIS2_PLACEMENT_3D ( 'NONE', #1706, #1106, #2486 ) ;
#1129 = FACE_OUTER_BOUND ( 'NONE', #3020, .T. ) ;
#1130 = STYLED_ITEM ( 'NONE', ( #1749 ), #2319 ) ;
#1131 = FACE_OUTER_BOUND ( 'NONE', #1865, .T. ) ;
#1132 = ORIENTED_EDGE ( 'NONE', *, *, #444, .F. ) ;
#1133 = MECHANICAL_DESIGN_GEOMETRIC_PRESENTATION_REPRESENTATION (  '', ( #1786 ), #1611 ) ;
#1134 = EDGE_CURVE ( 'NONE', #1071, #446, #3209, .T. ) ;
#1135 = B_SPLINE_CURVE_WITH_KNOTS ( 'NONE', 3,
 ( #2870, #2789, #1201, #947, #2320, #1442, #2572, #3182, #3413, #2060 ),
 .UNSPECIFIED., .F., .F.,
 ( 4, 2, 2, 2, 4 ),
 ( 0.0000000000000000000, 0.2499999999999995004, 0.4999999999999996669, 0.7499999999999997780, 1.000000000000000000 ),
 .UNSPECIFIED. ) ;
#1136 = CARTESIAN_POINT ( 'NONE',  ( -0.03170335777787423870, -0.3640603987373244310, 0.001472668367327893474 ) ) ;
#1137 =( GEOMETRIC_REPRESENTATION_CONTEXT ( 3 ) GLOBAL_UNCERTAINTY_ASSIGNED_CONTEXT ( ( #3034 ) ) GLOBAL_UNIT_ASSIGNED_CONTEXT ( ( #2379, #2974, #501 ) ) REPRESENTATION_CONTEXT ( 'NONE', 'WORKASPACE' ) );
#1138 = ORIENTED_EDGE ( 'NONE', *, *, #3056, .F. ) ;
#1139 = ORIENTED_EDGE ( 'NONE', *, *, #2569, .F. ) ;
#1140 = DIRECTION ( 'NONE',  ( -6.982962677686265922E-15, 0.0000000000000000000, -1.000000000000000000 ) ) ;
#1141 = AXIS2_PLACEMENT_3D ( 'NONE', #1519, #2064, #1722 ) ;
#1142 = B_SPLINE_CURVE_WITH_KNOTS ( 'NONE', 3,
 ( #3059, #2751, #1882, #1346 ),
 .UNSPECIFIED., .F., .F.,
 ( 4, 4 ),
 ( 0.0000000000000000000, 1.000000000000000000 ),
 .UNSPECIFIED. ) ;
#1143 = VERTEX_POINT ( 'NONE', #1524 ) ;
#1144 = DIRECTION ( 'NONE',  ( -6.982962677686266711E-15, 0.0000000000000000000, -1.000000000000000000 ) ) ;
#1145 = DIMENSIONAL_EXPONENTS ( 1.000000000000000000, 0.0000000000000000000, 0.0000000000000000000, 0.0000000000000000000, 0.0000000000000000000, 0.0000000000000000000, 0.0000000000000000000 ) ;
#1146 = CARTESIAN_POINT ( 'NONE',  ( 0.05905511811023601842, -0.5814921691353287514, 0.05508854672517459611 ) ) ;
#1147 = ADVANCED_FACE ( 'NONE', ( #2935 ), #1282, .F. ) ;
#1148 = DIRECTION ( 'NONE',  ( 0.0000000000000000000, -1.000000000000000000, 0.0000000000000000000 ) ) ;
#1149 = CARTESIAN_POINT ( 'NONE',  ( 0.1500921175035955235, -0.4933275760330517734, 0.0005086467904929246669 ) ) ;
#1150 = PLANE ( 'NONE',  #2815 ) ;
#1151 = ORIENTED_EDGE ( 'NONE', *, *, #3555, .T. ) ;
#1152 = CARTESIAN_POINT ( 'NONE',  ( -0.05905511811023630292, -0.5875910061653545347, 0.07766905967001130895 ) ) ;
#1153 = CARTESIAN_POINT ( 'NONE',  ( -0.03136597330125823202, -0.3637722774382020630, 0.003108617460916993092 ) ) ;
#1154 = ORIENTED_EDGE ( 'NONE', *, *, #634, .F. ) ;
#1155 = EDGE_LOOP ( 'NONE', ( #1642, #3471, #304, #1304 ) ) ;
#1156 = DIRECTION ( 'NONE',  ( -1.000000000000000000, 0.0000000000000000000, 6.969871108835385309E-15 ) ) ;
#1157 = EDGE_CURVE ( 'NONE', #1143, #1298, #139, .T. ) ;
#1158 = ORIENTED_EDGE ( 'NONE', *, *, #1049, .F. ) ;
#1159 = FACE_OUTER_BOUND ( 'NONE', #2623, .T. ) ;
#1160 = DIRECTION ( 'NONE',  ( -6.866613759074861678E-15, 0.0000000000000000000, -1.000000000000000000 ) ) ;
#1161 = PLANE ( 'NONE',  #1880 ) ;
#1162 = CARTESIAN_POINT ( 'NONE',  ( 0.1930530427885353284, -0.3142291214465487981, -0.003992442140993551596 ) ) ;
#1163 = DIRECTION ( 'NONE',  ( 1.000000000000000000, 0.0000000000000000000, -6.969871108835385309E-15 ) ) ;
#1164 = DIRECTION ( 'NONE',  ( 1.000000000000000000, 0.0000000000000000000, -7.124757133476171544E-15 ) ) ;
#1165 = ORIENTED_EDGE ( 'NONE', *, *, #762, .F. ) ;
#1166 = CARTESIAN_POINT ( 'NONE',  ( -0.05905511811023615720, -0.5875910061653543126, 0.09325533019911248778 ) ) ;
#1167 = CARTESIAN_POINT ( 'NONE',  ( -0.05905511811023678864, -0.5128805344322835413, 0.004672653033758138348 ) ) ;
#1168 = PRODUCT_DEFINITION ( 'UNKNOWN', '', #1313, #1309 ) ;
#1169 = ORIENTED_EDGE ( 'NONE', *, *, #2933, .T. ) ;
#1170 = ORIENTED_EDGE ( 'NONE', *, *, #2216, .T. ) ;
#1171 = DIRECTION ( 'NONE',  ( -6.982962677686265922E-15, 0.0000000000000000000, -1.000000000000000000 ) ) ;
#1172 = VECTOR ( 'NONE', #2577, 39.37007874015748143 ) ;
#1173 = CARTESIAN_POINT ( 'NONE',  ( -0.5787340347112820416, 0.002662132066619420263, 0.1050663538211633469 ) ) ;
#1174 = ORIENTED_EDGE ( 'NONE', *, *, #1007, .F. ) ;
#1175 = SURFACE_STYLE_FILL_AREA ( #2260 ) ;
#1176 = ORIENTED_EDGE ( 'NONE', *, *, #1415, .T. ) ;
#1177 = ADVANCED_FACE ( 'NONE', ( #2640 ), #122, .T. ) ;
#1178 = AXIS2_PLACEMENT_3D ( 'NONE', #212, #1617, #2733 ) ;
#1179 = CARTESIAN_POINT ( 'NONE',  ( -0.5216535433070857986, 6.388413420748988308E-17, 0.1995545427975409236 ) ) ;
#1180 = CARTESIAN_POINT ( 'NONE',  ( 0.05905511811023546331, -0.4687354684956884787, -0.02485490602136078767 ) ) ;
#1181 = VECTOR ( 'NONE', #420, 39.37007874015748143 ) ;
#1182 = CARTESIAN_POINT ( 'NONE',  ( -0.09208001958418567112, -0.3556767564904101397, -0.002343797132159714924 ) ) ;
#1183 =( GEOMETRIC_REPRESENTATION_CONTEXT ( 3 ) GLOBAL_UNCERTAINTY_ASSIGNED_CONTEXT ( ( #2746 ) ) GLOBAL_UNIT_ASSIGNED_CONTEXT ( ( #1255, #2591, #2847 ) ) REPRESENTATION_CONTEXT ( 'NONE', 'WORKASPACE' ) );
#1184 = CARTESIAN_POINT ( 'NONE',  ( -0.3139636675963576318, -0.002825126860180611488, -0.01304388239931094338 ) ) ;
#1185 = VERTEX_POINT ( 'NONE', #1220 ) ;
#1186 = DIRECTION ( 'NONE',  ( -6.982962677686266711E-15, 0.0000000000000000000, -1.000000000000000000 ) ) ;
#1187 = CIRCLE ( 'NONE', #3124, 0.3139763779527559029 ) ;
#1188 = DIRECTION ( 'NONE',  ( -1.000000000000000000, 0.0000000000000000000, 6.980328685028551844E-15 ) ) ;
#1189 = CARTESIAN_POINT ( 'NONE',  ( -0.03515251394114322914, -0.3672293671060389286, -0.003996243132356628279 ) ) ;
#1190 = ORIENTED_EDGE ( 'NONE', *, *, #3601, .F. ) ;
#1191 = AXIS2_PLACEMENT_3D ( 'NONE', #1645, #2443, #3123 ) ;
#1192 = ORIENTED_EDGE ( 'NONE', *, *, #3481, .F. ) ;
#1193 = CYLINDRICAL_SURFACE ( 'NONE', #2704, 0.05511811023622047861 ) ;
#1194 = AXIS2_PLACEMENT_3D ( 'NONE', #2868, #602, #888 ) ;
#1195 = VECTOR ( 'NONE', #814, 39.37007874015748143 ) ;
#1196 = ADVANCED_FACE ( 'NONE', ( #2690 ), #688, .T. ) ;
#1197 =( LENGTH_UNIT ( ) NAMED_UNIT ( * ) SI_UNIT ( $, .METRE. ) );
#1198 = ORIENTED_EDGE ( 'NONE', *, *, #1978, .F. ) ;
#1199 = PRESENTATION_STYLE_ASSIGNMENT (( #2337 ) ) ;
#1200 = CIRCLE ( 'NONE', #37, 0.5649606299212598381 ) ;
#1201 = CARTESIAN_POINT ( 'NONE',  ( -0.2066929133858267931, -0.4826778835275420398, 0.08160157635749902549 ) ) ;
#1202 = CARTESIAN_POINT ( 'NONE',  ( -0.05511811023622061739, 0.4153543307086614567, 0.06372777114399433285 ) ) ;
#1203 = CARTESIAN_POINT ( 'NONE',  ( -0.08254707566338649605, -0.4976586111834646053, -0.007138370588288932110 ) ) ;
#1204 = ORIENTED_EDGE ( 'NONE', *, *, #3316, .F. ) ;
#1205 = PLANE ( 'NONE',  #3176 ) ;
#1206 = CARTESIAN_POINT ( 'NONE',  ( 0.5026578869255904358, 6.155783722895967284E-17, 0.06372777114399044707 ) ) ;
#1207 = EDGE_LOOP ( 'NONE', ( #467, #1956, #2905, #3294 ) ) ;
#1208 = VERTEX_POINT ( 'NONE', #192 ) ;
#1209 = CARTESIAN_POINT ( 'NONE',  ( 0.04317699692330644740, -0.3744519609847244968, -0.007138370588289819421 ) ) ;
#1210 = FACE_OUTER_BOUND ( 'NONE', #718, .T. ) ;
#1211 = ORIENTED_EDGE ( 'NONE', *, *, #1213, .T. ) ;
#1212 = DIRECTION ( 'NONE',  ( 6.982962677686266711E-15, 0.0000000000000000000, 1.000000000000000000 ) ) ;
#1213 = EDGE_CURVE ( 'NONE', #1013, #866, #2652, .T. ) ;
#1214 = CARTESIAN_POINT ( 'NONE',  ( -1.417643986442973787E-16, 0.4153543307086614567, 0.06372777114399395815 ) ) ;
#1215 = DIRECTION ( 'NONE',  ( -6.982962677686266711E-15, 0.0000000000000000000, -1.000000000000000000 ) ) ;
#1216 = FILL_AREA_STYLE ('',( #646 ) ) ;
#1217 = CARTESIAN_POINT ( 'NONE',  ( -0.09084225655768558838, -0.5046434259557961433, -0.003739076630679797914 ) ) ;
#1218 = DIRECTION ( 'NONE',  ( -7.228014483236696753E-15, 0.0000000000000000000, -1.000000000000000000 ) ) ;
#1219 = ORIENTED_EDGE ( 'NONE', *, *, #3300, .F. ) ;
#1220 = CARTESIAN_POINT ( 'NONE',  ( -0.03294835042191791852, -0.4232516879196850934, -0.001232858777265652753 ) ) ;
#1221 = DIRECTION ( 'NONE',  ( 6.982962677686266711E-15, 0.0000000000000000000, 1.000000000000000000 ) ) ;
#1222 = ADVANCED_FACE ( 'NONE', ( #993 ), #3522, .T. ) ;
#1223 = CARTESIAN_POINT ( 'NONE',  ( -0.05905511811023601149, -0.5875910061653542016, 0.1153481525695597559 ) ) ;
#1224 = B_SPLINE_CURVE_WITH_KNOTS ( 'NONE', 3,
 ( #455, #1584, #1571, #184, #2076, #2646 ),
 .UNSPECIFIED., .F., .F.,
 ( 4, 2, 4 ),
 ( 1.166634184117522824E-15, 0.0002349291256242918256, 0.0004698582512474170497 ),
 .UNSPECIFIED. ) ;
#1225 = EDGE_LOOP ( 'NONE', ( #2938, #899, #2610, #196 ) ) ;
#1226 = VERTEX_POINT ( 'NONE', #2362 ) ;
#1227 = DIRECTION ( 'NONE',  ( -1.000000000000000000, 0.0000000000000000000, 6.981038439765598482E-15 ) ) ;
#1228 = CARTESIAN_POINT ( 'NONE',  ( 0.09435809928543278935, -0.3527189294792126284, 0.04404273177391454519 ) ) ;
#1229 = SURFACE_STYLE_FILL_AREA ( #365 ) ;
#1230 =( GEOMETRIC_REPRESENTATION_CONTEXT ( 3 ) GLOBAL_UNCERTAINTY_ASSIGNED_CONTEXT ( ( #3535 ) ) GLOBAL_UNIT_ASSIGNED_CONTEXT ( ( #1521, #2067, #735 ) ) REPRESENTATION_CONTEXT ( 'NONE', 'WORKASPACE' ) );
#1231 = EDGE_LOOP ( 'NONE', ( #3222, #2312, #457, #327, #3412 ) ) ;
#1232 = ADVANCED_FACE ( 'NONE', ( #719 ), #2135, .T. ) ;
#1233 = CARTESIAN_POINT ( 'NONE',  ( 0.05905511811023636537, -0.5222623100665354512, 0.1050663538211589199 ) ) ;
#1234 = AXIS2_PLACEMENT_3D ( 'NONE', #2095, #2636, #3217 ) ;
#1235 = DIRECTION ( 'NONE',  ( 6.982962677686265922E-15, 0.0000000000000000000, 1.000000000000000000 ) ) ;
#1236 = CIRCLE ( 'NONE', #3567, 0.3139763779527559029 ) ;
#1237 = DIRECTION ( 'NONE',  ( -1.000000000000000000, 0.0000000000000000000, 7.124757133476171544E-15 ) ) ;
#1238 = EDGE_CURVE ( 'NONE', #2213, #2903, #2983, .T. ) ;
#1239 = CARTESIAN_POINT ( 'NONE',  ( -0.08937782446279235460, -0.3591483582733956403, -0.004981333714469182716 ) ) ;
#1240 = FACE_OUTER_BOUND ( 'NONE', #3552, .T. ) ;
#1241 = ORIENTED_EDGE ( 'NONE', *, *, #593, .F. ) ;
#1242 = CARTESIAN_POINT ( 'NONE',  ( 0.03136597330126349864, -0.3637722774382283197, 0.04404273177391498928 ) ) ;
#1243 = AXIS2_PLACEMENT_3D ( 'NONE', #2116, #2972, #2661 ) ;
#1244 = DIMENSIONAL_EXPONENTS ( 1.000000000000000000, 0.0000000000000000000, 0.0000000000000000000, 0.0000000000000000000, 0.0000000000000000000, 0.0000000000000000000, 0.0000000000000000000 ) ;
#1245 = DIRECTION ( 'NONE',  ( 1.000000000000000000, 0.0000000000000000000, -7.004355167151636431E-15 ) ) ;
#1246 = PRESENTATION_LAYER_ASSIGNMENT (  '', '', ( #2831 ) ) ;
#1247 = EDGE_CURVE ( 'NONE', #2712, #279, #265, .T. ) ;
#1248 = SURFACE_STYLE_USAGE ( .BOTH. , #1802 ) ;
#1249 = ORIENTED_EDGE ( 'NONE', *, *, #837, .F. ) ;
#1250 = VERTEX_POINT ( 'NONE', #768 ) ;
#1251 = CARTESIAN_POINT ( 'NONE',  ( -0.3602362204724410821, 6.750021727583837212E-18, 0.06372777114399647003 ) ) ;
#1252 = AXIS2_PLACEMENT_3D ( 'NONE', #430, #3438, #2901 ) ;
#1253 = EDGE_CURVE ( 'NONE', #2991, #2361, #834, .T. ) ;
#1254 = DIRECTION ( 'NONE',  ( -6.982962677686265922E-15, 0.0000000000000000000, -1.000000000000000000 ) ) ;
#1255 =( CONVERSION_BASED_UNIT ( 'INCH', #2650 ) LENGTH_UNIT ( ) NAMED_UNIT ( #1244 ) );
#1256 = AXIS2_PLACEMENT_3D ( 'NONE', #984, #2092, #3215 ) ;
#1257 = COLOUR_RGB ( '',1.000000000000000000, 1.000000000000000000, 1.000000000000000000 ) ;
#1258 = CARTESIAN_POINT ( 'NONE',  ( 1.331553918157918670E-16, 0.0000000000000000000, 0.1030978498841514379 ) ) ;
#1259 = CARTESIAN_POINT ( 'NONE',  ( 2.293773184768231202E-16, 0.0000000000000000000, 0.1168773774432065593 ) ) ;
#1260 = AXIS2_PLACEMENT_3D ( 'NONE', #1620, #3491, #2735 ) ;
#1261 = DIRECTION ( 'NONE',  ( -6.982962677686265922E-15, 0.0000000000000000000, -1.000000000000000000 ) ) ;
#1262 = CARTESIAN_POINT ( 'NONE',  ( 0.4153543307086615677, 0.0000000000000000000, 0.1030978498841485375 ) ) ;
#1263 = CARTESIAN_POINT ( 'NONE',  ( 0.1849092803877946112, -0.4693470688223111420, -0.007138370588290806479 ) ) ;
#1264 = ORIENTED_EDGE ( 'NONE', *, *, #983, .F. ) ;
#1265 = DIRECTION ( 'NONE',  ( -6.982962677686265922E-15, 0.0000000000000000000, -1.000000000000000000 ) ) ;
#1266 = EDGE_CURVE ( 'NONE', #2497, #2691, #1142, .T. ) ;
#1267 = DIRECTION ( 'NONE',  ( -6.982962677686265922E-15, 0.0000000000000000000, -1.000000000000000000 ) ) ;
#1268 = DIRECTION ( 'NONE',  ( 1.000000000000000000, 0.0000000000000000000, -7.004355167151636431E-15 ) ) ;
#1269 = ADVANCED_FACE ( 'NONE', ( #1072 ), #556, .F. ) ;
#1270 = VERTEX_POINT ( 'NONE', #245 ) ;
#1271 = ORIENTED_EDGE ( 'NONE', *, *, #223, .T. ) ;
#1272 = DIRECTION ( 'NONE',  ( -6.982962677686265922E-15, 0.0000000000000000000, -1.000000000000000000 ) ) ;
#1273 = ADVANCED_FACE ( 'NONE', ( #1921 ), #3593, .T. ) ;
#1274 = LINE ( 'NONE', #1557, #1494 ) ;
#1275 = DIRECTION ( 'NONE',  ( -6.982962677686266711E-15, 0.0000000000000000000, -1.000000000000000000 ) ) ;
#1276 = ADVANCED_FACE ( 'NONE', ( #1321 ), #2787, .T. ) ;
#1277 = CARTESIAN_POINT ( 'NONE',  ( 0.05905511811023645558, -0.5875910061653405458, 0.1168773774432061430 ) ) ;
#1278 = UNCERTAINTY_MEASURE_WITH_UNIT (LENGTH_MEASURE( 1.000000000000000082E-05 ), #3054, 'distance_accuracy_value', 'NONE');
#1279 = CARTESIAN_POINT ( 'NONE',  ( 0.1967203040098422784, -0.4773207219098424825, 0.04404273177391384436 ) ) ;
#1280 = CARTESIAN_POINT ( 'NONE',  ( 0.03136597330126349864, -0.5153155589472441234, 0.04404273177391498928 ) ) ;
#1281 = ORIENTED_EDGE ( 'NONE', *, *, #2054, .F. ) ;
#1282 = PLANE ( 'NONE',  #1243 ) ;
#1283 = VERTEX_POINT ( 'NONE', #1671 ) ;
#1284 = DIRECTION ( 'NONE',  ( -1.000000000000000000, 0.0000000000000000000, 6.987835945549207632E-15 ) ) ;
#1285 = LINE ( 'NONE', #2393, #3414 ) ;
#1286 = CARTESIAN_POINT ( 'NONE',  ( -0.05905511811023606700, -0.5836011559853037101, 0.1080008700683806333 ) ) ;
#1287 = ORIENTED_EDGE ( 'NONE', *, *, #1399, .T. ) ;
#1288 = ORIENTED_EDGE ( 'NONE', *, *, #3497, .F. ) ;
#1289 = CARTESIAN_POINT ( 'NONE',  ( 0.4148255122018111307, -0.2076771653543307283, 0.1030978498841485375 ) ) ;
#1290 = EDGE_CURVE ( 'NONE', #2691, #432, #3038, .T. ) ;
#1291 = DIRECTION ( 'NONE',  ( -6.982962677686266711E-15, 0.0000000000000000000, -1.000000000000000000 ) ) ;
#1292 = EDGE_CURVE ( 'NONE', #2075, #596, #1384, .T. ) ;
#1293 = DIRECTION ( 'NONE',  ( -6.982962677686266711E-15, 0.0000000000000000000, -1.000000000000000000 ) ) ;
#1294 = DIRECTION ( 'NONE',  ( 6.982962677686266711E-15, 0.0000000000000000000, 1.000000000000000000 ) ) ;
#1295 = CARTESIAN_POINT ( 'NONE',  ( -0.03294835042191791852, -0.4232516879196850934, -0.001232858777265652753 ) ) ;
#1296 = VECTOR ( 'NONE', #554, 39.37007874015748143 ) ;
#1297 = DIRECTION ( 'NONE',  ( -6.982962677686265922E-15, 0.0000000000000000000, -1.000000000000000000 ) ) ;
#1298 = VERTEX_POINT ( 'NONE', #2223 ) ;
#1299 = DIRECTION ( 'NONE',  ( -1.000000000000000000, 0.0000000000000000000, 6.982962677686265922E-15 ) ) ;
#1300 = FACE_OUTER_BOUND ( 'NONE', #2494, .T. ) ;
#1301 = DIRECTION ( 'NONE',  ( -0.008997896206719317030, 0.9999595181125349175, 6.283197338921582528E-17 ) ) ;
#1302 = CARTESIAN_POINT ( 'NONE',  ( -0.03136597330126039695, -0.3637722774382283197, 0.004672653033757934518 ) ) ;
#1303 = STYLED_ITEM ( 'NONE', ( #2112 ), #1374 ) ;
#1304 = ORIENTED_EDGE ( 'NONE', *, *, #1816, .F. ) ;
#1305 = ORIENTED_EDGE ( 'NONE', *, *, #2968, .F. ) ;
#1306 = CARTESIAN_POINT ( 'NONE',  ( 0.05905511811023594904, -0.5222623100665354512, 0.04404273177391480887 ) ) ;
#1307 = DIRECTION ( 'NONE',  ( -6.982962677686266711E-15, 0.0000000000000000000, -1.000000000000000000 ) ) ;
#1308 = CIRCLE ( 'NONE', #2239, 0.05511811023622047861 ) ;
#1309 = PRODUCT_DEFINITION_CONTEXT ( 'detailed design', #1700, 'design' ) ;
#1310 = EDGE_CURVE ( 'NONE', #2086, #3371, #2500, .T. ) ;
#1311 =( GEOMETRIC_REPRESENTATION_CONTEXT ( 3 ) GLOBAL_UNCERTAINTY_ASSIGNED_CONTEXT ( ( #226 ) ) GLOBAL_UNIT_ASSIGNED_CONTEXT ( ( #2386, #490, #2727 ) ) REPRESENTATION_CONTEXT ( 'NONE', 'WORKASPACE' ) );
#1312 = LENGTH_MEASURE_WITH_UNIT ( LENGTH_MEASURE( 0.02539999999999999897 ), #2927 );
#1313 = PRODUCT_DEFINITION_FORMATION_WITH_SPECIFIED_SOURCE ( 'ANY', '', #760, .NOT_KNOWN. ) ;
#1314 = CARTESIAN_POINT ( 'NONE',  ( 0.3045892917293698821, -0.2076771653543307283, 0.06372777114399182097 ) ) ;
#1315 = AXIS2_PLACEMENT_3D ( 'NONE', #2989, #1301, #2681 ) ;
#1316 = B_SPLINE_CURVE_WITH_KNOTS ( 'NONE', 3,
 ( #615, #1467, #1761, #1729, #580, #3369 ),
 .UNSPECIFIED., .F., .F.,
 ( 4, 2, 4 ),
 ( 5.881341009702079776E-17, 0.0002592858661745680465, 0.0005185717323490772208 ),
 .UNSPECIFIED. ) ;
#1317 = CARTESIAN_POINT ( 'NONE',  ( -0.03473392154927805453, -0.4233818257585733047, -0.003602159583122242943 ) ) ;
#1318 = MECHANICAL_DESIGN_GEOMETRIC_PRESENTATION_REPRESENTATION (  '', ( #2899 ), #738 ) ;
#1319 = CARTESIAN_POINT ( 'NONE',  ( 5.867730460749391543E-16, 0.0000000000000000000, 0.1680584798054112761 ) ) ;
#1320 = ORIENTED_EDGE ( 'NONE', *, *, #1850, .T. ) ;
#1321 = FACE_OUTER_BOUND ( 'NONE', #981, .T. ) ;
#1322 =( NAMED_UNIT ( * ) SI_UNIT ( $, .STERADIAN. ) SOLID_ANGLE_UNIT ( ) );
#1323 = DIRECTION ( 'NONE',  ( -6.982962677686266711E-15, 0.0000000000000000000, -1.000000000000000000 ) ) ;
#1324 = CARTESIAN_POINT ( 'NONE',  ( -6.366200214724579616E-16, 0.0000000000000000000, -0.007138370588289512375 ) ) ;
#1325 = ORIENTED_EDGE ( 'NONE', *, *, #1672, .F. ) ;
#1326 = ORIENTED_EDGE ( 'NONE', *, *, #294, .F. ) ;
#1327 = DIRECTION ( 'NONE',  ( 6.982962677686266711E-15, 0.0000000000000000000, 1.000000000000000000 ) ) ;
#1328 = DIRECTION ( 'NONE',  ( -6.982962677686266711E-15, 0.0000000000000000000, -1.000000000000000000 ) ) ;
#1329 = CARTESIAN_POINT ( 'NONE',  ( -0.3597074019655903676, 0.2076771653543307283, 0.1030978498841539498 ) ) ;
#1330 = ORIENTED_EDGE ( 'NONE', *, *, #2070, .F. ) ;
#1331 = CARTESIAN_POINT ( 'NONE',  ( 0.09132858929938635073, -0.3566414914604940645, -0.003232984454716430252 ) ) ;
#1332 = CARTESIAN_POINT ( 'NONE',  ( 0.1612872331437001372, -0.3406830676353972964, -0.007138370588290639078 ) ) ;
#1333 = CARTESIAN_POINT ( 'NONE',  ( -2.792242938743420261E-16, 0.0000000000000000000, 0.04404273177391521132 ) ) ;
#1334 = ORIENTED_EDGE ( 'NONE', *, *, #1876, .T. ) ;
#1335 = ORIENTED_EDGE ( 'NONE', *, *, #558, .T. ) ;
#1336 = EDGE_CURVE ( 'NONE', #2593, #1071, #3399, .T. ) ;
#1337 = CARTESIAN_POINT ( 'NONE',  ( -0.3597074019655903676, -0.2076771653543307283, 0.1030978498841539498 ) ) ;
#1338 = CARTESIAN_POINT ( 'NONE',  ( -0.05905511811023680252, -0.5125547765306084358, 0.001581105040557893816 ) ) ;
#1339 = CARTESIAN_POINT ( 'NONE',  ( 0.03830606724375330147, -0.4237545029465226709, -0.006103058901830357534 ) ) ;
#1340 = DIRECTION ( 'NONE',  ( -1.000000000000000000, 0.0000000000000000000, 6.969871108835386098E-15 ) ) ;
#1341 = UNCERTAINTY_MEASURE_WITH_UNIT (LENGTH_MEASURE( 1.000000000000000082E-05 ), #2331, 'distance_accuracy_value', 'NONE');
#1342 = CLOSED_SHELL ( 'NONE', ( #753, #668, #698, #2323 ) ) ;
#1343 = EDGE_CURVE ( 'NONE', #736, #1563, #1051, .T. ) ;
#1344 = AXIS2_PLACEMENT_3D ( 'NONE', #2519, #3347, #3134 ) ;
#1345 = VERTEX_POINT ( 'NONE', #1740 ) ;
#1346 = CARTESIAN_POINT ( 'NONE',  ( -0.2066928907657875347, -0.4581953130417323328, 0.06373280420009777569 ) ) ;
#1347 = AXIS2_PLACEMENT_3D ( 'NONE', #410, #1826, #2041 ) ;
#1348 = EDGE_CURVE ( 'NONE', #1270, #44, #894, .T. ) ;
#1349 = CARTESIAN_POINT ( 'NONE',  ( 0.5026578869255906579, 6.155783722895969749E-17, 0.05979076326997471297 ) ) ;
#1350 = CARTESIAN_POINT ( 'NONE',  ( -1.417643986442973787E-16, 0.4153543307086614567, 0.06372777114399395815 ) ) ;
#1351 = LINE ( 'NONE', #2170, #1465 ) ;
#1352 = EDGE_LOOP ( 'NONE', ( #1819, #3384 ) ) ;
#1353 = FILL_AREA_STYLE ('',( #3295 ) ) ;
#1354 = EDGE_CURVE ( 'NONE', #3168, #1250, #3485, .T. ) ;
#1355 = AXIS2_PLACEMENT_3D ( 'NONE', #2587, #674, #2906 ) ;
#1356 = DIRECTION ( 'NONE',  ( 1.000000000000000000, 0.0000000000000000000, -7.124757133476171544E-15 ) ) ;
#1357 = DIRECTION ( 'NONE',  ( 6.982962677686265922E-15, 0.0000000000000000000, 1.000000000000000000 ) ) ;
#1358 = AXIS2_PLACEMENT_3D ( 'NONE', #427, #1800, #1299 ) ;
#1359 = CARTESIAN_POINT ( 'NONE',  ( 0.1494762095216529973, -0.4941566678307086624, 0.004672653033756669905 ) ) ;
#1360 = CARTESIAN_POINT ( 'NONE',  ( 2.293773184768231202E-16, 0.0000000000000000000, 0.1168773774432065593 ) ) ;
#1361 = AXIS2_PLACEMENT_3D ( 'NONE', #2298, #2277, #131 ) ;
#1362 = APPLICATION_PROTOCOL_DEFINITION ( 'draft international standard', 'automotive_design', 1998, #1700 ) ;
#1363 = VECTOR ( 'NONE', #175, 39.37007874015748143 ) ;
#1364 = AXIS2_PLACEMENT_3D ( 'NONE', #1456, #69, #1512 ) ;
#1365 = EDGE_LOOP ( 'NONE', ( #701, #497, #130, #1500, #1435, #3286 ) ) ;
#1366 = CARTESIAN_POINT ( 'NONE',  ( 0.09310700336820000589, -0.3543463687023712394, -0.0006265277468518564959 ) ) ;
#1367 = AXIS2_PLACEMENT_3D ( 'NONE', #1337, #1328, #2474 ) ;
#1368 =( LENGTH_UNIT ( ) NAMED_UNIT ( * ) SI_UNIT ( $, .METRE. ) );
#1369 = CYLINDRICAL_SURFACE ( 'NONE', #783, 0.5649606299212598381 ) ;
#1370 = DIRECTION ( 'NONE',  ( 0.0000000000000000000, 1.000000000000000000, 0.0000000000000000000 ) ) ;
#1371 = ORIENTED_EDGE ( 'NONE', *, *, #2509, .T. ) ;
#1372 = CARTESIAN_POINT ( 'NONE',  ( -0.05905511811023698293, -0.4766171964763398217, -0.02485490602135996541 ) ) ;
#1373 = AXIS2_PLACEMENT_3D ( 'NONE', #896, #935, #2304 ) ;
#1374 = ADVANCED_FACE ( 'NONE', ( #155 ), #724, .T. ) ;
#1375 = DIRECTION ( 'NONE',  ( -6.982962677686265922E-15, 0.0000000000000000000, -1.000000000000000000 ) ) ;
#1376 = LINE ( 'NONE', #509, #1431 ) ;
#1377 = ORIENTED_EDGE ( 'NONE', *, *, #3148, .F. ) ;
#1378 = CARTESIAN_POINT ( 'NONE',  ( -0.2066929133858269596, -0.2363455213631495966, 0.05979076326997966734 ) ) ;
#1379 = PLANE ( 'NONE',  #3297 ) ;
#1380 = DIRECTION ( 'NONE',  ( -1.000000000000000000, 0.0000000000000000000, 6.991006526541811099E-15 ) ) ;
#1381 = ADVANCED_FACE ( 'NONE', ( #3185 ), #2480, .T. ) ;
#1382 =( CONVERSION_BASED_UNIT ( 'INCH', #2278 ) LENGTH_UNIT ( ) NAMED_UNIT ( #2087 ) );
#1383 = EDGE_LOOP ( 'NONE', ( #431, #3526, #1151, #1088 ) ) ;
#1384 = LINE ( 'NONE', #3322, #2998 ) ;
#1385 =( NAMED_UNIT ( * ) PLANE_ANGLE_UNIT ( ) SI_UNIT ( $, .RADIAN. ) );
#1386 = ORIENTED_EDGE ( 'NONE', *, *, #2109, .T. ) ;
#1387 = ORIENTED_EDGE ( 'NONE', *, *, #3086, .T. ) ;
#1388 = CARTESIAN_POINT ( 'NONE',  ( -0.05905511811023697599, -0.5070279965738595518, -0.01863352591640796488 ) ) ;
#1389 = CARTESIAN_POINT ( 'NONE',  ( 1.469013813387963317E-16, 0.0000000000000000000, 0.1050663538211593084 ) ) ;
#1390 = EDGE_CURVE ( 'NONE', #1574, #3326, #2426, .T. ) ;
#1391 = DIRECTION ( 'NONE',  ( -6.982962677686266711E-15, 0.0000000000000000000, -1.000000000000000000 ) ) ;
#1392 = ORIENTED_EDGE ( 'NONE', *, *, #2109, .F. ) ;
#1393 = DIRECTION ( 'NONE',  ( -6.982962677686266711E-15, 0.0000000000000000000, -1.000000000000000000 ) ) ;
#1394 = ORIENTED_EDGE ( 'NONE', *, *, #2795, .F. ) ;
#1395 = ADVANCED_FACE ( 'NONE', ( #3305 ), #1052, .T. ) ;
#1396 = EDGE_CURVE ( 'NONE', #3247, #2566, #3512, .T. ) ;
#1397 = DIRECTION ( 'NONE',  ( 0.4745490144570876367, 0.8802290797728774541, -3.313758056686643766E-15 ) ) ;
#1398 = CARTESIAN_POINT ( 'NONE',  ( 0.05905511811023594904, -0.5128805344322835413, 0.04404273177391480887 ) ) ;
#1399 = EDGE_CURVE ( 'NONE', #1185, #1039, #1772, .T. ) ;
#1400 = FACE_OUTER_BOUND ( 'NONE', #3240, .T. ) ;
#1401 = EDGE_LOOP ( 'NONE', ( #2590, #2499, #1943, #1092 ) ) ;
#1402 = ADVANCED_FACE ( 'NONE', ( #2441 ), #2707, .T. ) ;
#1403 = CARTESIAN_POINT ( 'NONE',  ( -0.03136597330126012634, -0.4232516879196850934, 0.04404273177391543337 ) ) ;
#1404 = CARTESIAN_POINT ( 'NONE',  ( -0.05511811023622061739, 0.4153543307086614567, 0.06372777114399433285 ) ) ;
#1405 = VERTEX_POINT ( 'NONE', #2982 ) ;
#1406 = AXIS2_PLACEMENT_3D ( 'NONE', #3488, #2954, #3470 ) ;
#1407 = CARTESIAN_POINT ( 'NONE',  ( 0.05905511811023558821, -0.5071827256797800665, -0.005870631113716735967 ) ) ;
#1408 = CARTESIAN_POINT ( 'NONE',  ( -0.3139763779527561249, 0.0000000000000000000, 0.05979076326998041674 ) ) ;
#1409 = VECTOR ( 'NONE', #1560, 39.37007874015748143 ) ;
#1410 = VERTEX_POINT ( 'NONE', #764 ) ;
#1411 = EDGE_LOOP ( 'NONE', ( #3321, #3293, #91, #2758 ) ) ;
#1412 = CYLINDRICAL_SURFACE ( 'NONE', #2941, 0.05511811023622047861 ) ;
#1413 = MECHANICAL_DESIGN_GEOMETRIC_PRESENTATION_REPRESENTATION (  '', ( #662 ), #606 ) ;
#1414 = DIRECTION ( 'NONE',  ( 0.0000000000000000000, 1.000000000000000000, 0.0000000000000000000 ) ) ;
#1415 = EDGE_CURVE ( 'NONE', #2117, #2566, #3590, .T. ) ;
#1416 = AXIS2_PLACEMENT_3D ( 'NONE', #2189, #805, #3553 ) ;
#1417 = FACE_OUTER_BOUND ( 'NONE', #793, .T. ) ;
#1418 = EDGE_CURVE ( 'NONE', #3229, #1405, #22, .T. ) ;
#1419 = PRESENTATION_LAYER_ASSIGNMENT (  '', '', ( #3064 ) ) ;
#1420 = DIRECTION ( 'NONE',  ( -1.000000000000000000, 0.0000000000000000000, 6.982962677686265922E-15 ) ) ;
#1421 = EDGE_LOOP ( 'NONE', ( #2639, #1731, #622, #3001, #1330, #86 ) ) ;
#1422 = CARTESIAN_POINT ( 'NONE',  ( 0.1873471510137689200, -0.3242908481509812479, -0.007138370588290823826 ) ) ;
#1423 = AXIS2_PLACEMENT_3D ( 'NONE', #394, #77, #3112 ) ;
#1424 = CARTESIAN_POINT ( 'NONE',  ( 0.08254707566338527480, 2.130364479316929405, 0.004672653033757148688 ) ) ;
#1425 = AXIS2_PLACEMENT_3D ( 'NONE', #348, #1307, #963 ) ;
#1426 = PLANE ( 'NONE',  #2423 ) ;
#1427 = DIMENSIONAL_EXPONENTS ( 1.000000000000000000, 0.0000000000000000000, 0.0000000000000000000, 0.0000000000000000000, 0.0000000000000000000, 0.0000000000000000000, 0.0000000000000000000 ) ;
#1428 = CARTESIAN_POINT ( 'NONE',  ( -1.417643986442973787E-16, 0.0000000000000000000, 0.06372777114399395815 ) ) ;
#1429 = ORIENTED_EDGE ( 'NONE', *, *, #2944, .T. ) ;
#1430 = CARTESIAN_POINT ( 'NONE',  ( 0.2066928907657872572, -0.4581953130417323328, 0.06373280420009486136 ) ) ;
#1431 = VECTOR ( 'NONE', #2174, 39.37007874015748143 ) ;
#1432 = DIRECTION ( 'NONE',  ( -0.1020408163264970025, -0.9947802128125700083, 7.080503983578804809E-16 ) ) ;
#1433 = EDGE_CURVE ( 'NONE', #2817, #653, #2404, .T. ) ;
#1434 = CIRCLE ( 'NONE', #164, 0.05511811023622047861 ) ;
#1435 = ORIENTED_EDGE ( 'NONE', *, *, #1290, .T. ) ;
#1436 = EDGE_LOOP ( 'NONE', ( #687, #652, #1158, #2898 ) ) ;
#1437 = DIRECTION ( 'NONE',  ( -6.982962677686266711E-15, 0.0000000000000000000, -1.000000000000000000 ) ) ;
#1438 = AXIS2_PLACEMENT_3D ( 'NONE', #2730, #1811, #714 ) ;
#1439 = SURFACE_SIDE_STYLE ('',( #1736 ) ) ;
#1440 = ORIENTED_EDGE ( 'NONE', *, *, #1110, .F. ) ;
#1441 = PRESENTATION_STYLE_ASSIGNMENT (( #2533 ) ) ;
#1442 = CARTESIAN_POINT ( 'NONE',  ( -0.2066929133858269318, -0.4739252282734159327, 0.06889156844663729684 ) ) ;
#1443 = FILL_AREA_STYLE_COLOUR ( '', #2226 ) ;
#1444 = SURFACE_STYLE_USAGE ( .BOTH. , #2839 ) ;
#1445 = DIRECTION ( 'NONE',  ( 0.0000000000000000000, 1.000000000000000000, 0.0000000000000000000 ) ) ;
#1446 = FACE_OUTER_BOUND ( 'NONE', #2842, .T. ) ;
#1447 = ORIENTED_EDGE ( 'NONE', *, *, #223, .F. ) ;
#1448 = CYLINDRICAL_SURFACE ( 'NONE', #311, 0.3139763779527559029 ) ;
#1449 = PLANE ( 'NONE',  #3416 ) ;
#1450 = CARTESIAN_POINT ( 'NONE',  ( -0.03597155593356263920, -0.3679739913044318134, -0.004707039291793515233 ) ) ;
#1451 = ORIENTED_EDGE ( 'NONE', *, *, #2656, .F. ) ;
#1452 = EDGE_LOOP ( 'NONE', ( #2153, #1387, #3154, #859, #1474, #2849, #2181, #3030 ) ) ;
#1453 = LINE ( 'NONE', #3105, #259 ) ;
#1454 = ADVANCED_FACE ( 'NONE', ( #1899 ), #1666, .T. ) ;
#1455 = FILL_AREA_STYLE_COLOUR ( '', #157 ) ;
#1456 = CARTESIAN_POINT ( 'NONE',  ( -0.05905511811023682334, -0.4468737351637795396, -0.001232858777265482099 ) ) ;
#1457 = ORIENTED_EDGE ( 'NONE', *, *, #1007, .T. ) ;
#1458 = ORIENTED_EDGE ( 'NONE', *, *, #837, .T. ) ;
#1459 = CARTESIAN_POINT ( 'NONE',  ( 0.09043657968839417804, -0.5043027841062631689, -0.004117598094732454611 ) ) ;
#1460 = CARTESIAN_POINT ( 'NONE',  ( -0.09295280892995327893, -0.3545435240317720837, -0.0009179147696343250553 ) ) ;
#1461 = DIRECTION ( 'NONE',  ( -5.782411586589357244E-15, 0.0000000000000000000, -1.000000000000000000 ) ) ;
#1462 = VERTEX_POINT ( 'NONE', #1314 ) ;
#1463 = CARTESIAN_POINT ( 'NONE',  ( -0.05905511811023658048, -0.5725914067811681551, 0.03365787401140488827 ) ) ;
#1464 = EDGE_CURVE ( 'NONE', #2429, #807, #2783, .T. ) ;
#1465 = VECTOR ( 'NONE', #537, 39.37007874015748143 ) ;
#1466 = LINE ( 'NONE', #2330, #795 ) ;
#1467 = CARTESIAN_POINT ( 'NONE',  ( -0.1967203040098430833, -0.4773207219097952425, 0.001216289723745866361 ) ) ;
#1468 = ORIENTED_EDGE ( 'NONE', *, *, #2140, .F. ) ;
#1469 = ORIENTED_EDGE ( 'NONE', *, *, #1522, .T. ) ;
#1470 = DIRECTION ( 'NONE',  ( -6.982962677686266711E-15, 0.0000000000000000000, -1.000000000000000000 ) ) ;
#1471 = AXIS2_PLACEMENT_3D ( 'NONE', #2916, #936, #396 ) ;
#1472 = VECTOR ( 'NONE', #3430, 39.37007874015748143 ) ;
#1473 = CARTESIAN_POINT ( 'NONE',  ( -2.792242938743420261E-16, 0.0000000000000000000, 0.04404273177391521132 ) ) ;
#1474 = ORIENTED_EDGE ( 'NONE', *, *, #2081, .F. ) ;
#1475 = AXIS2_PLACEMENT_3D ( 'NONE', #2697, #3508, #1015 ) ;
#1476 = ADVANCED_BREP_SHAPE_REPRESENTATION ( 'CUI_DEVICES_CMS-305-158SP-67', ( #3303, #92 ), #440 ) ;
#1477 = ORIENTED_EDGE ( 'NONE', *, *, #3111, .T. ) ;
#1478 = CIRCLE ( 'NONE', #1835, 0.05511811023622047861 ) ;
#1479 = CARTESIAN_POINT ( 'NONE',  ( 0.08254707566338519154, -0.4976586111834646053, -0.007138370588290092640 ) ) ;
#1480 = FACE_OUTER_BOUND ( 'NONE', #3263, .T. ) ;
#1481 = MECHANICAL_DESIGN_GEOMETRIC_PRESENTATION_REPRESENTATION (  '', ( #3064 ), #1183 ) ;
#1482 = PRESENTATION_STYLE_ASSIGNMENT (( #1444 ) ) ;
#1483 = LINE ( 'NONE', #2873, #3194 ) ;
#1484 = CIRCLE ( 'NONE', #152, 0.3021653543307087353 ) ;
#1485 = DIRECTION ( 'NONE',  ( -6.982962677686265922E-15, 0.0000000000000000000, -1.000000000000000000 ) ) ;
#1486 = EDGE_LOOP ( 'NONE', ( #3503, #3333, #649, #1174 ) ) ;
#1487 = DIRECTION ( 'NONE',  ( -6.982962677686265922E-15, 0.0000000000000000000, -1.000000000000000000 ) ) ;
#1488 = AXIS2_PLACEMENT_3D ( 'NONE', #3498, #1823, #695 ) ;
#1489 = DIRECTION ( 'NONE',  ( 0.3932584269662917076, -0.9194279795720803339, -2.745021230712364233E-15 ) ) ;
#1490 = VERTEX_POINT ( 'NONE', #3266 ) ;
#1491 = ADVANCED_FACE ( 'NONE', ( #224 ), #2160, .F. ) ;
#1492 = ORIENTED_EDGE ( 'NONE', *, *, #283, .F. ) ;
#1493 = CARTESIAN_POINT ( 'NONE',  ( -0.2066929133858267931, -0.4832426585547244247, 0.08734981838808988930 ) ) ;
#1494 = VECTOR ( 'NONE', #150, 39.37007874015748143 ) ;
#1495 = SURFACE_STYLE_USAGE ( .BOTH. , #1439 ) ;
#1496 = ADVANCED_FACE ( 'NONE', ( #333 ), #3144, .F. ) ;
#1497 = ORIENTED_EDGE ( 'NONE', *, *, #1081, .T. ) ;
#1498 = CARTESIAN_POINT ( 'NONE',  ( 0.1494762095216532749, -0.4941566678307086624, 0.04404273177391417049 ) ) ;
#1499 = AXIS2_PLACEMENT_3D ( 'NONE', #1424, #1148, #1674 ) ;
#1500 = ORIENTED_EDGE ( 'NONE', *, *, #1925, .T. ) ;
#1501 = LINE ( 'NONE', #3062, #3574 ) ;
#1502 = CARTESIAN_POINT ( 'NONE',  ( -0.4153543307086615677, 0.0000000000000000000, 0.06372777114399685860 ) ) ;
#1503 = EDGE_CURVE ( 'NONE', #1410, #1784, #1016, .T. ) ;
#1504 = LINE ( 'NONE', #1812, #220 ) ;
#1505 = FILL_AREA_STYLE_COLOUR ( '', #307 ) ;
#1506 = ORIENTED_EDGE ( 'NONE', *, *, #696, .T. ) ;
#1507 = LINE ( 'NONE', #2845, #507 ) ;
#1508 = CARTESIAN_POINT ( 'NONE',  ( 0.3021531221068380901, 0.002718852495534283212, -0.02485490602136249116 ) ) ;
#1509 = ORIENTED_EDGE ( 'NONE', *, *, #2930, .F. ) ;
#1510 = FACE_OUTER_BOUND ( 'NONE', #1352, .T. ) ;
#1511 = ADVANCED_FACE ( 'NONE', ( #1417 ), #1702, .T. ) ;
#1512 = DIRECTION ( 'NONE',  ( -1.807003620809172610E-15, 0.9682458365518571419, -0.2499999999999888145 ) ) ;
#1513 = VERTEX_POINT ( 'NONE', #71 ) ;
#1514 = FACE_OUTER_BOUND ( 'NONE', #3065, .T. ) ;
#1515 = ORIENTED_EDGE ( 'NONE', *, *, #513, .T. ) ;
#1516 = EDGE_CURVE ( 'NONE', #2614, #2762, #151, .T. ) ;
#1517 = CARTESIAN_POINT ( 'NONE',  ( 0.08437261709497996531, -0.4992062912363513516, -0.007138370588290105651 ) ) ;
#1518 = DIRECTION ( 'NONE',  ( -6.982962677686265922E-15, 0.0000000000000000000, -1.000000000000000000 ) ) ;
#1519 = CARTESIAN_POINT ( 'NONE',  ( 0.5787340347112823746, -0.002662132066619350007, 0.1168773774432025070 ) ) ;
#1520 = CARTESIAN_POINT ( 'NONE',  ( -0.09423574344184700025, -0.3528806144197801364, 0.002703575558093425802 ) ) ;
#1521 =( CONVERSION_BASED_UNIT ( 'INCH', #3167 ) LENGTH_UNIT ( ) NAMED_UNIT ( #2629 ) );
#1522 = EDGE_CURVE ( 'NONE', #1762, #3367, #1548, .T. ) ;
#1523 = ORIENTED_EDGE ( 'NONE', *, *, #529, .T. ) ;
#1524 = CARTESIAN_POINT ( 'NONE',  ( -0.09435809928543337222, -0.3527189294792126284, 0.04404273177391588440 ) ) ;
#1525 = DIRECTION ( 'NONE',  ( 0.0000000000000000000, 1.000000000000000000, 0.0000000000000000000 ) ) ;
#1526 = CARTESIAN_POINT ( 'NONE',  ( -0.05905511811023608088, -0.5830189543405150943, 0.1075233204549092825 ) ) ;
#1527 = ORIENTED_EDGE ( 'NONE', *, *, #1725, .T. ) ;
#1528 = ORIENTED_EDGE ( 'NONE', *, *, #2289, .T. ) ;
#1529 = DIRECTION ( 'NONE',  ( 0.0000000000000000000, -1.000000000000000000, 0.0000000000000000000 ) ) ;
#1530 = DIMENSIONAL_EXPONENTS ( 1.000000000000000000, 0.0000000000000000000, 0.0000000000000000000, 0.0000000000000000000, 0.0000000000000000000, 0.0000000000000000000, 0.0000000000000000000 ) ;
#1531 = DIRECTION ( 'NONE',  ( -6.982962677686265922E-15, 0.0000000000000000000, -1.000000000000000000 ) ) ;
#1532 = ORIENTED_EDGE ( 'NONE', *, *, #1634, .T. ) ;
#1533 = CARTESIAN_POINT ( 'NONE',  ( -2.792242938743420261E-16, 0.0000000000000000000, 0.04404273177391521132 ) ) ;
#1534 = AXIS2_PLACEMENT_3D ( 'NONE', #1053, #2187, #243 ) ;
#1535 = CYLINDRICAL_SURFACE ( 'NONE', #3411, 0.5255905511811024278 ) ;
#1536 = VECTOR ( 'NONE', #2912, 39.37007874015748143 ) ;
#1537 = FACE_OUTER_BOUND ( 'NONE', #2848, .T. ) ;
#1538 = EDGE_CURVE ( 'NONE', #388, #2817, #2409, .T. ) ;
#1539 = COLOUR_RGB ( '',1.000000000000000000, 1.000000000000000000, 1.000000000000000000 ) ;
#1540 = ADVANCED_FACE ( 'NONE', ( #1159, #2276 ), #3409, .T. ) ;
#1541 = CARTESIAN_POINT ( 'NONE',  ( 8.067088784430104916E-16, 0.0000000000000000000, 0.1995545427975372876 ) ) ;
#1542 = DIRECTION ( 'NONE',  ( -6.982962677686266711E-15, 0.0000000000000000000, -1.000000000000000000 ) ) ;
#1543 = CARTESIAN_POINT ( 'NONE',  ( 1.331553918157918670E-16, 0.0000000000000000000, 0.1030978498841514379 ) ) ;
#1544 = EDGE_CURVE ( 'NONE', #632, #920, #2950, .T. ) ;
#1545 = ORIENTED_EDGE ( 'NONE', *, *, #1781, .T. ) ;
#1546 = CARTESIAN_POINT ( 'NONE',  ( 2.293773184768231202E-16, 0.0000000000000000000, 0.1168773774432065593 ) ) ;
#1547 = AXIS2_PLACEMENT_3D ( 'NONE', #2987, #1055, #478 ) ;
#1548 = CIRCLE ( 'NONE', #610, 0.5026578869255908799 ) ;
#1549 = LINE ( 'NONE', #2663, #1553 ) ;
#1550 = ORIENTED_EDGE ( 'NONE', *, *, #1336, .T. ) ;
#1551 = EDGE_LOOP ( 'NONE', ( #2029, #2765 ) ) ;
#1552 =( CONVERSION_BASED_UNIT ( 'INCH', #2666 ) LENGTH_UNIT ( ) NAMED_UNIT ( #3336 ) );
#1553 = VECTOR ( 'NONE', #3493, 39.37007874015748143 ) ;
#1554 = EDGE_CURVE ( 'NONE', #1104, #1008, #1954, .T. ) ;
#1555 = STYLED_ITEM ( 'NONE', ( #842 ), #3303 ) ;
#1556 = AXIS2_PLACEMENT_3D ( 'NONE', #1473, #34, #362 ) ;
#1557 = CARTESIAN_POINT ( 'NONE',  ( -0.5905511811023615998, 0.0000000000000000000, 0.1680584798054154116 ) ) ;
#1558 = AXIS2_PLACEMENT_3D ( 'NONE', #3291, #450, #2451 ) ;
#1559 = CARTESIAN_POINT ( 'NONE',  ( -0.1967203040098428335, -0.4773207219098424825, 0.04404273177391657829 ) ) ;
#1560 = DIRECTION ( 'NONE',  ( 0.0000000000000000000, 1.000000000000000000, 0.0000000000000000000 ) ) ;
#1561 = CARTESIAN_POINT ( 'NONE',  ( -0.04317699692330771027, -0.4240017862688977845, -0.007138370588289205329 ) ) ;
#1562 = CARTESIAN_POINT ( 'NONE',  ( 1.469013813387963317E-16, 0.0000000000000000000, 0.1050663538211593084 ) ) ;
#1563 = VERTEX_POINT ( 'NONE', #3077 ) ;
#1564 = DIRECTION ( 'NONE',  ( -6.982962677686266711E-15, 0.0000000000000000000, -1.000000000000000000 ) ) ;
#1565 = ORIENTED_EDGE ( 'NONE', *, *, #593, .T. ) ;
#1566 = DIRECTION ( 'NONE',  ( -6.982962677686266711E-15, 0.0000000000000000000, -1.000000000000000000 ) ) ;
#1567 = CARTESIAN_POINT ( 'NONE',  ( 0.03146727585110834641, -0.3638665161934093173, 0.002881607906174539491 ) ) ;
#1568 = FILL_AREA_STYLE ('',( #166 ) ) ;
#1569 = ORIENTED_EDGE ( 'NONE', *, *, #3148, .T. ) ;
#1570 = ORIENTED_EDGE ( 'NONE', *, *, #2400, .T. ) ;
#1571 = CARTESIAN_POINT ( 'NONE',  ( 0.05905511811023639313, -0.5819067574309824131, 0.1063368179132241353 ) ) ;
#1572 = LINE ( 'NONE', #456, #2363 ) ;
#1573 = EDGE_CURVE ( 'NONE', #1981, #673, #571, .T. ) ;
#1574 = VERTEX_POINT ( 'NONE', #657 ) ;
#1575 = DIRECTION ( 'NONE',  ( -0.4111999806667108737, -0.9115451584533245111, 2.870256807225850725E-15 ) ) ;
#1576 = DIRECTION ( 'NONE',  ( 1.000000000000000000, 0.0000000000000000000, -6.969871108835385309E-15 ) ) ;
#1577 = FACE_OUTER_BOUND ( 'NONE', #2570, .T. ) ;
#1578 = ORIENTED_EDGE ( 'NONE', *, *, #854, .F. ) ;
#1579 = CARTESIAN_POINT ( 'NONE',  ( -0.3597074019655906452, -0.2076771653543307283, 0.06372777114399647003 ) ) ;
#1580 = ORIENTED_EDGE ( 'NONE', *, *, #1605, .F. ) ;
#1581 = DIRECTION ( 'NONE',  ( 6.982962677686266711E-15, 0.0000000000000000000, 1.000000000000000000 ) ) ;
#1582 = ORIENTED_EDGE ( 'NONE', *, *, #3306, .T. ) ;
#1583 = ORIENTED_EDGE ( 'NONE', *, *, #2032, .T. ) ;
#1584 = CARTESIAN_POINT ( 'NONE',  ( 0.05905511811023636537, -0.5788466073013091018, 0.1050663538211345088 ) ) ;
#1585 = EDGE_CURVE ( 'NONE', #591, #3458, #3204, .T. ) ;
#1586 = DIRECTION ( 'NONE',  ( -5.782411586589357244E-15, 0.0000000000000000000, -1.000000000000000000 ) ) ;
#1587 = ORIENTED_EDGE ( 'NONE', *, *, #2081, .T. ) ;
#1588 = SURFACE_SIDE_STYLE ('',( #3251 ) ) ;
#1589 = AXIS2_PLACEMENT_3D ( 'NONE', #843, #2543, #3395 ) ;
#1590 = CARTESIAN_POINT ( 'NONE',  ( -5.541440843344312717E-16, 0.0000000000000000000, 0.004672653033757728953 ) ) ;
#1591 = FILL_AREA_STYLE ('',( #2085 ) ) ;
#1592 = ORIENTED_EDGE ( 'NONE', *, *, #2770, .F. ) ;
#1593 = CARTESIAN_POINT ( 'NONE',  ( 0.09295358726573506314, -0.3545451751685198549, -0.0009188041637054675378 ) ) ;
#1594 = AXIS2_PLACEMENT_3D ( 'NONE', #926, #108, #2552 ) ;
#1595 = SURFACE_STYLE_FILL_AREA ( #2988 ) ;
#1596 = CARTESIAN_POINT ( 'NONE',  ( 0.1584398459945180193, -0.3388805234486735873, -0.007138370588290624333 ) ) ;
#1597 = DIRECTION ( 'NONE',  ( -6.982962677686265922E-15, 0.0000000000000000000, -1.000000000000000000 ) ) ;
#1598 = VERTEX_POINT ( 'NONE', #965 ) ;
#1599 = EDGE_LOOP ( 'NONE', ( #8, #1497, #2803, #1856 ) ) ;
#1600 = DIRECTION ( 'NONE',  ( 1.000000000000000000, 0.0000000000000000000, -6.982962677686265922E-15 ) ) ;
#1601 = AXIS2_PLACEMENT_3D ( 'NONE', #1965, #3101, #2564 ) ;
#1602 = EDGE_CURVE ( 'NONE', #3326, #1649, #1836, .T. ) ;
#1603 = CARTESIAN_POINT ( 'NONE',  ( -0.09435809928543337222, -0.5075731461314961779, 0.04404273177391588440 ) ) ;
#1604 = AXIS2_PLACEMENT_3D ( 'NONE', #188, #2403, #2967 ) ;
#1605 = EDGE_CURVE ( 'NONE', #1283, #1981, #2004, .T. ) ;
#1606 =( GEOMETRIC_REPRESENTATION_CONTEXT ( 3 ) GLOBAL_UNCERTAINTY_ASSIGNED_CONTEXT ( ( #442 ) ) GLOBAL_UNIT_ASSIGNED_CONTEXT ( ( #2599, #2279, #3393 ) ) REPRESENTATION_CONTEXT ( 'NONE', 'WORKASPACE' ) );
#1607 = AXIS2_PLACEMENT_3D ( 'NONE', #2782, #2510, #282 ) ;
#1608 = ADVANCED_FACE ( 'NONE', ( #111 ), #2631, .T. ) ;
#1609 = AXIS2_PLACEMENT_3D ( 'NONE', #2677, #494, #1576 ) ;
#1610 = CARTESIAN_POINT ( 'NONE',  ( -1.417643986442973787E-16, 0.4153543307086614567, 0.06372777114399395815 ) ) ;
#1611 =( GEOMETRIC_REPRESENTATION_CONTEXT ( 3 ) GLOBAL_UNCERTAINTY_ASSIGNED_CONTEXT ( ( #473 ) ) GLOBAL_UNIT_ASSIGNED_CONTEXT ( ( #3595, #2542, #299 ) ) REPRESENTATION_CONTEXT ( 'NONE', 'WORKASPACE' ) );
#1612 = UNCERTAINTY_MEASURE_WITH_UNIT (LENGTH_MEASURE( 1.000000000000000082E-05 ), #3366, 'distance_accuracy_value', 'NONE');
#1613 = DIRECTION ( 'NONE',  ( -6.982962677686266711E-15, 0.0000000000000000000, -1.000000000000000000 ) ) ;
#1614 = AXIS2_PLACEMENT_3D ( 'NONE', #2473, #1079, #3582 ) ;
#1615 = DIRECTION ( 'NONE',  ( 1.000000000000000000, 0.0000000000000000000, -6.969871108835386098E-15 ) ) ;
#1616 = EDGE_LOOP ( 'NONE', ( #2017, #1048, #1457, #2489, #2488, #3603 ) ) ;
#1617 = DIRECTION ( 'NONE',  ( -6.982962677686265922E-15, 0.0000000000000000000, -1.000000000000000000 ) ) ;
#1618 = EDGE_CURVE ( 'NONE', #545, #125, #3514, .T. ) ;
#1619 = PRESENTATION_LAYER_ASSIGNMENT (  '', '', ( #326 ) ) ;
#1620 = CARTESIAN_POINT ( 'NONE',  ( 0.3597074019655903676, -0.2076771653543307283, 0.06372777114399144627 ) ) ;
#1621 = CARTESIAN_POINT ( 'NONE',  ( 0.1494762095216529973, -0.3331230356801376802, 0.001249778970129618132 ) ) ;
#1622 = DIRECTION ( 'NONE',  ( 0.1827691603254995301, -0.9831558543963984098, -1.276371974438498383E-15 ) ) ;
#1623 = ORIENTED_EDGE ( 'NONE', *, *, #2540, .F. ) ;
#1624 = ORIENTED_EDGE ( 'NONE', *, *, #3481, .T. ) ;
#1625 = CARTESIAN_POINT ( 'NONE',  ( 0.2066929133858266543, -0.4574389778984252475, 0.06372777114399250098 ) ) ;
#1626 = CARTESIAN_POINT ( 'NONE',  ( -1.417643986442973787E-16, 0.0000000000000000000, 0.06372777114399395815 ) ) ;
#1627 = CARTESIAN_POINT ( 'NONE',  ( -0.5026578869255907689, 0.0000000000000000000, 0.06372777114399745535 ) ) ;
#1628 =( NAMED_UNIT ( * ) SI_UNIT ( $, .STERADIAN. ) SOLID_ANGLE_UNIT ( ) );
#1629 = ADVANCED_FACE ( 'NONE', ( #1514 ), #2356, .T. ) ;
#1630 = APPLICATION_PROTOCOL_DEFINITION ( 'draft international standard', 'automotive_design', 1998, #1056 ) ;
#1631 = DIRECTION ( 'NONE',  ( 1.000000000000000000, 0.0000000000000000000, -6.982962677686265922E-15 ) ) ;
#1632 = ORIENTED_EDGE ( 'NONE', *, *, #937, .T. ) ;
#1633 = CARTESIAN_POINT ( 'NONE',  ( -0.2066929133858270706, -0.4832426585547244247, 0.04404273177391666155 ) ) ;
#1634 = EDGE_CURVE ( 'NONE', #477, #2939, #2589, .T. ) ;
#1635 =( NAMED_UNIT ( * ) SI_UNIT ( $, .STERADIAN. ) SOLID_ANGLE_UNIT ( ) );
#1636 = CARTESIAN_POINT ( 'NONE',  ( 0.1555561773740987419, -0.3370390268132361644, -0.006101234463506083859 ) ) ;
#1637 = ORIENTED_EDGE ( 'NONE', *, *, #1336, .F. ) ;
#1638 = ORIENTED_EDGE ( 'NONE', *, *, #1464, .T. ) ;
#1639 = CARTESIAN_POINT ( 'NONE',  ( -0.1494762095216540521, -0.3331230356801376802, 0.001249778970131731242 ) ) ;
#1640 = FACE_OUTER_BOUND ( 'NONE', #874, .T. ) ;
#1641 = CARTESIAN_POINT ( 'NONE',  ( 0.03477415004741449961, -0.4233818257585741374, -0.004088586153370305995 ) ) ;
#1642 = ORIENTED_EDGE ( 'NONE', *, *, #1781, .F. ) ;
#1643 = DIRECTION ( 'NONE',  ( -6.982962677686266711E-15, 0.0000000000000000000, -1.000000000000000000 ) ) ;
#1644 = UNCERTAINTY_MEASURE_WITH_UNIT (LENGTH_MEASURE( 1.000000000000000082E-05 ), #215, 'distance_accuracy_value', 'NONE');
#1645 = CARTESIAN_POINT ( 'NONE',  ( 0.1612872331437002760, -2.130462867507086688, 0.004672653033756602250 ) ) ;
#1646 = EDGE_CURVE ( 'NONE', #2632, #1598, #376, .T. ) ;
#1647 = AXIS2_PLACEMENT_3D ( 'NONE', #1562, #3190, #445 ) ;
#1648 = SURFACE_STYLE_USAGE ( .BOTH. , #3285 ) ;
#1649 = VERTEX_POINT ( 'NONE', #2583 ) ;
#1650 = CARTESIAN_POINT ( 'NONE',  ( 0.2066929133858265433, -0.2363455213631495966, 0.04404273177391376110 ) ) ;
#1651 = MECHANICAL_DESIGN_GEOMETRIC_PRESENTATION_REPRESENTATION (  '', ( #3391 ), #14 ) ;
#1652 = FACE_OUTER_BOUND ( 'NONE', #1833, .T. ) ;
#1653 = CARTESIAN_POINT ( 'NONE',  ( -0.1849092803877958047, -2.130462867507086688, 0.004672653033759026527 ) ) ;
#1654 = ORIENTED_EDGE ( 'NONE', *, *, #1787, .F. ) ;
#1655 = CARTESIAN_POINT ( 'NONE',  ( -0.05905511811023698293, -0.4687354684956693274, -0.02485490602135996541 ) ) ;
#1656 = AXIS2_PLACEMENT_3D ( 'NONE', #2979, #147, #3496 ) ;
#1657 = CARTESIAN_POINT ( 'NONE',  ( 0.05905511811023564372, -0.5128805344319850024, 0.001542178666870374845 ) ) ;
#1658 = AXIS2_PLACEMENT_3D ( 'NONE', #1360, #2200, #3319 ) ;
#1659 = CARTESIAN_POINT ( 'NONE',  ( 5.867730460749391543E-16, 0.0000000000000000000, 0.1680584798054112761 ) ) ;
#1660 = VERTEX_POINT ( 'NONE', #1408 ) ;
#1661 = LINE ( 'NONE', #1378, #715 ) ;
#1662 = ORIENTED_EDGE ( 'NONE', *, *, #2410, .F. ) ;
#1663 = COLOUR_RGB ( '',1.000000000000000000, 1.000000000000000000, 1.000000000000000000 ) ;
#1664 = EDGE_CURVE ( 'NONE', #2075, #3608, #2887, .T. ) ;
#1665 = VECTOR ( 'NONE', #690, 39.37007874015748143 ) ;
#1666 = CYLINDRICAL_SURFACE ( 'NONE', #436, 0.05511811023622047168 ) ;
#1667 = DIMENSIONAL_EXPONENTS ( 1.000000000000000000, 0.0000000000000000000, 0.0000000000000000000, 0.0000000000000000000, 0.0000000000000000000, 0.0000000000000000000, 0.0000000000000000000 ) ;
#1668 = VECTOR ( 'NONE', #3267, 39.37007874015748143 ) ;
#1669 = FILL_AREA_STYLE ('',( #1443 ) ) ;
#1670 = EDGE_LOOP ( 'NONE', ( #1678, #521, #1578, #2829 ) ) ;
#1671 = CARTESIAN_POINT ( 'NONE',  ( 0.09435809928543278935, -0.5075731461314961779, 0.04404273177391454519 ) ) ;
#1672 = EDGE_CURVE ( 'NONE', #1032, #2231, #1316, .T. ) ;
#1673 = CIRCLE ( 'NONE', #1367, 0.05511811023622047861 ) ;
#1674 = DIRECTION ( 'NONE',  ( -7.228014483236696753E-15, 0.0000000000000000000, -1.000000000000000000 ) ) ;
#1675 = SURFACE_STYLE_USAGE ( .BOTH. , #316 ) ;
#1676 = DIRECTION ( 'NONE',  ( 0.0000000000000000000, 1.000000000000000000, 0.0000000000000000000 ) ) ;
#1677 = ORIENTED_EDGE ( 'NONE', *, *, #109, .T. ) ;
#1678 = ORIENTED_EDGE ( 'NONE', *, *, #3427, .F. ) ;
#1679 = DIRECTION ( 'NONE',  ( -0.2189966511908935376, -0.9757256103880711517, 1.528783921261001699E-15 ) ) ;
#1680 = AXIS2_PLACEMENT_3D ( 'NONE', #46, #1375, #254 ) ;
#1681 = EDGE_CURVE ( 'NONE', #1660, #3434, #3462, .T. ) ;
#1682 = LINE ( 'NONE', #1946, #3132 ) ;
#1683 = DIRECTION ( 'NONE',  ( 6.982962677686265922E-15, 0.0000000000000000000, 1.000000000000000000 ) ) ;
#1684 = ORIENTED_EDGE ( 'NONE', *, *, #513, .F. ) ;
#1685 = CARTESIAN_POINT ( 'NONE',  ( 0.1494762095216532749, -0.4941566678307086624, 0.04404273177391417049 ) ) ;
#1686 = CYLINDRICAL_SURFACE ( 'NONE', #1069, 0.5162692607295276126 ) ;
#1687 = VERTEX_POINT ( 'NONE', #849 ) ;
#1688 = DIRECTION ( 'NONE',  ( 0.3810420626860875903, -0.9245577031553691150, -2.661261404193630250E-15 ) ) ;
#1689 = CARTESIAN_POINT ( 'NONE',  ( 0.05905511811023549801, -0.5070682357498526027, -0.01881946442779942885 ) ) ;
#1690 = ORIENTED_EDGE ( 'NONE', *, *, #2448, .T. ) ;
#1691 = DIRECTION ( 'NONE',  ( 6.982962677686266711E-15, 0.0000000000000000000, 1.000000000000000000 ) ) ;
#1692 = ORIENTED_EDGE ( 'NONE', *, *, #1634, .F. ) ;
#1693 = CARTESIAN_POINT ( 'NONE',  ( -0.05905511811023687885, -0.5284823940458415192, -0.009200565440359471936 ) ) ;
#1694 = CARTESIAN_POINT ( 'NONE',  ( 0.1967203040098419731, -0.4773207219097952425, 0.001216289723743130919 ) ) ;
#1695 = DIRECTION ( 'NONE',  ( 0.0000000000000000000, -1.000000000000000000, 0.0000000000000000000 ) ) ;
#1696 = EDGE_LOOP ( 'NONE', ( #3538, #482, #2195, #2222, #1271, #2737 ) ) ;
#1697 = EDGE_CURVE ( 'NONE', #1771, #418, #1123, .T. ) ;
#1698 = ORIENTED_EDGE ( 'NONE', *, *, #1888, .F. ) ;
#1699 = DIRECTION ( 'NONE',  ( 6.982962677686266711E-15, 0.0000000000000000000, 1.000000000000000000 ) ) ;
#1700 = APPLICATION_CONTEXT ( 'automotive_design' ) ;
#1701 = CARTESIAN_POINT ( 'NONE',  ( -0.4704724409448817757, 0.0000000000000000000, 0.1030978498841547270 ) ) ;
#1702 = CYLINDRICAL_SURFACE ( 'NONE', #317, 0.5905511811023621549 ) ;
#1703 = SURFACE_STYLE_FILL_AREA ( #1669 ) ;
#1704 = ORIENTED_EDGE ( 'NONE', *, *, #2613, .T. ) ;
#1705 = EDGE_CURVE ( 'NONE', #1840, #1039, #2526, .T. ) ;
#1706 = CARTESIAN_POINT ( 'NONE',  ( -1.692563776903062835E-16, 0.0000000000000000000, 0.05979076326997821711 ) ) ;
#1707 =( NAMED_UNIT ( * ) PLANE_ANGLE_UNIT ( ) SI_UNIT ( $, .RADIAN. ) );
#1708 = ORIENTED_EDGE ( 'NONE', *, *, #3193, .F. ) ;
#1709 = CYLINDRICAL_SURFACE ( 'NONE', #667, 0.3651220263332677907 ) ;
#1710 = CARTESIAN_POINT ( 'NONE',  ( 0.2076771653543305896, 0.3597074019655905341, 0.06372777114399250098 ) ) ;
#1711 = DIRECTION ( 'NONE',  ( -6.982962677686266711E-15, 0.0000000000000000000, -1.000000000000000000 ) ) ;
#1712 = ORIENTED_EDGE ( 'NONE', *, *, #3125, .F. ) ;
#1713 = ORIENTED_EDGE ( 'NONE', *, *, #1937, .F. ) ;
#1714 = CYLINDRICAL_SURFACE ( 'NONE', #1999, 0.05511811023622047861 ) ;
#1715 = TOROIDAL_SURFACE ( 'NONE', #143, 0.5787401574803149318, 0.01181102362204724393 ) ;
#1716 = EDGE_CURVE ( 'NONE', #1840, #1490, #1971, .T. ) ;
#1717 = ORIENTED_EDGE ( 'NONE', *, *, #2904, .T. ) ;
#1718 =( GEOMETRIC_REPRESENTATION_CONTEXT ( 3 ) GLOBAL_UNCERTAINTY_ASSIGNED_CONTEXT ( ( #2997 ) ) GLOBAL_UNIT_ASSIGNED_CONTEXT ( ( #36, #2498, #857 ) ) REPRESENTATION_CONTEXT ( 'NONE', 'WORKASPACE' ) );
#1719 = CARTESIAN_POINT ( 'NONE',  ( 0.05905511811023587965, -0.5718491298615712148, 0.03397700424106042671 ) ) ;
#1720 = AXIS2_PLACEMENT_3D ( 'NONE', #3024, #2151, #536 ) ;
#1721 = AXIS2_PLACEMENT_3D ( 'NONE', #808, #3040, #3378 ) ;
#1722 = DIRECTION ( 'NONE',  ( -0.9999894205215352772, 0.004599874455247050450, 0.0000000000000000000 ) ) ;
#1723 = PLANE ( 'NONE',  #2077 ) ;
#1724 = CARTESIAN_POINT ( 'NONE',  ( -0.09435809928543337222, -0.5075731461314961779, 0.04404273177391588440 ) ) ;
#1725 = EDGE_CURVE ( 'NONE', #2882, #1008, #1891, .T. ) ;
#1726 = ORIENTED_EDGE ( 'NONE', *, *, #1963, .T. ) ;
#1727 = DIRECTION ( 'NONE',  ( -1.000000000000000000, 0.0000000000000000000, 6.969871108835385309E-15 ) ) ;
#1728 = PLANE ( 'NONE',  #1680 ) ;
#1729 = CARTESIAN_POINT ( 'NONE',  ( -0.1905820537430824302, -0.4731960178622642843, -0.006133214031370699121 ) ) ;
#1730 = CIRCLE ( 'NONE', #2725, 0.3651220263332676796 ) ;
#1731 = ORIENTED_EDGE ( 'NONE', *, *, #1266, .F. ) ;
#1732 = ORIENTED_EDGE ( 'NONE', *, *, #363, .F. ) ;
#1733 = CARTESIAN_POINT ( 'NONE',  ( -6.366200214724579616E-16, 0.0000000000000000000, -0.007138370588289512375 ) ) ;
#1734 =( GEOMETRIC_REPRESENTATION_CONTEXT ( 3 ) GLOBAL_UNCERTAINTY_ASSIGNED_CONTEXT ( ( #1644 ) ) GLOBAL_UNIT_ASSIGNED_CONTEXT ( ( #215, #2450, #1322 ) ) REPRESENTATION_CONTEXT ( 'NONE', 'WORKASPACE' ) );
#1735 =( NAMED_UNIT ( * ) PLANE_ANGLE_UNIT ( ) SI_UNIT ( $, .RADIAN. ) );
#1736 = SURFACE_STYLE_FILL_AREA ( #869 ) ;
#1737 = ADVANCED_FACE ( 'NONE', ( #2880 ), #378, .T. ) ;
#1738 = CARTESIAN_POINT ( 'NONE',  ( 0.5026578869255904358, 6.155783722895967284E-17, 0.06372777114399044707 ) ) ;
#1739 = EDGE_CURVE ( 'NONE', #2152, #3577, #723, .T. ) ;
#1740 = CARTESIAN_POINT ( 'NONE',  ( -0.1494762095216538300, -0.4941566678307086624, 0.04404273177391625910 ) ) ;
#1741 = DIRECTION ( 'NONE',  ( -1.000000000000000000, 0.0000000000000000000, 7.124757133476171544E-15 ) ) ;
#1742 = LINE ( 'NONE', #2281, #2461 ) ;
#1743 = EDGE_LOOP ( 'NONE', ( #3213, #1910 ) ) ;
#1744 = DIRECTION ( 'NONE',  ( -1.000000000000000000, 0.0000000000000000000, 6.996718019773122999E-15 ) ) ;
#1745 = CARTESIAN_POINT ( 'NONE',  ( -0.05905511811023685803, -0.5009896266500000195, -0.007138370588289102980 ) ) ;
#1746 = CARTESIAN_POINT ( 'NONE',  ( -0.03856197611866127306, -0.3703150638196663902, -0.006202291555227046164 ) ) ;
#1747 = ORIENTED_EDGE ( 'NONE', *, *, #2472, .F. ) ;
#1748 = DIRECTION ( 'NONE',  ( 0.9999894205215352772, -0.004599874455247141523, 0.0000000000000000000 ) ) ;
#1749 = PRESENTATION_STYLE_ASSIGNMENT (( #1495 ) ) ;
#1750 = EDGE_LOOP ( 'NONE', ( #2416, #792, #2463, #2586 ) ) ;
#1751 =( LENGTH_UNIT ( ) NAMED_UNIT ( * ) SI_UNIT ( $, .METRE. ) );
#1752 = CARTESIAN_POINT ( 'NONE',  ( -6.778579900414713066E-16, 0.0000000000000000000, -0.01304388239931313608 ) ) ;
#1753 = CARTESIAN_POINT ( 'NONE',  ( -0.5216535433070860206, 6.388413420748989541E-17, 0.1680584798054149398 ) ) ;
#1754 = EDGE_CURVE ( 'NONE', #1104, #1924, #3272, .T. ) ;
#1755 =( NAMED_UNIT ( * ) SI_UNIT ( $, .STERADIAN. ) SOLID_ANGLE_UNIT ( ) );
#1756 = CARTESIAN_POINT ( 'NONE',  ( -0.09401733156100476607, -0.5073048527622866510, 0.001439062192956184951 ) ) ;
#1757 = CYLINDRICAL_SURFACE ( 'NONE', #1344, 0.5255905511811024278 ) ;
#1758 = EDGE_LOOP ( 'NONE', ( #397, #1726, #2777, #2035 ) ) ;
#1759 = LINE ( 'NONE', #373, #609 ) ;
#1760 = CARTESIAN_POINT ( 'NONE',  ( -1.417643986442973787E-16, 0.0000000000000000000, 0.06372777114399395815 ) ) ;
#1761 = CARTESIAN_POINT ( 'NONE',  ( -0.1951297759978919411, -0.4762571901028422316, -0.001997323731846134976 ) ) ;
#1762 = VERTEX_POINT ( 'NONE', #2101 ) ;
#1763 = ORIENTED_EDGE ( 'NONE', *, *, #1868, .F. ) ;
#1764 = CARTESIAN_POINT ( 'NONE',  ( 0.1967203040098420008, -0.3075958649006693135, 0.004672653033756362859 ) ) ;
#1765 = AXIS2_PLACEMENT_3D ( 'NONE', #1280, #3221, #136 ) ;
#1766 = VECTOR ( 'NONE', #1235, 39.37007874015748143 ) ;
#1767 = DIRECTION ( 'NONE',  ( -6.982962677686265922E-15, 0.0000000000000000000, -1.000000000000000000 ) ) ;
#1768 = EDGE_CURVE ( 'NONE', #125, #545, #1018, .T. ) ;
#1769 = EDGE_LOOP ( 'NONE', ( #2971, #1305, #2544, #3008 ) ) ;
#1770 = DIRECTION ( 'NONE',  ( -6.982962677686266711E-15, 0.0000000000000000000, -1.000000000000000000 ) ) ;
#1771 = VERTEX_POINT ( 'NONE', #2380 ) ;
#1772 = CIRCLE ( 'NONE', #2234, 0.01181102362204724046 ) ;
#1773 = DIRECTION ( 'NONE',  ( -6.982962677686266711E-15, 0.0000000000000000000, -1.000000000000000000 ) ) ;
#1774 = CYLINDRICAL_SURFACE ( 'NONE', #2648, 0.05511811023622047861 ) ;
#1775 = VECTOR ( 'NONE', #2512, 39.37007874015748143 ) ;
#1776 = CARTESIAN_POINT ( 'NONE',  ( 0.1562997647975550297, -0.4848864390104378752, -0.006411580786626501841 ) ) ;
#1777 = AXIS2_PLACEMENT_3D ( 'NONE', #1324, #1597, #503 ) ;
#1778 = ORIENTED_EDGE ( 'NONE', *, *, #1768, .T. ) ;
#1779 = DIRECTION ( 'NONE',  ( 1.000000000000000000, 0.0000000000000000000, -6.982962677686265922E-15 ) ) ;
#1780 = DIRECTION ( 'NONE',  ( 0.001485959642859940432, 0.9999988959613604900, -1.037640072663897874E-17 ) ) ;
#1781 = EDGE_CURVE ( 'NONE', #1283, #618, #1839, .T. ) ;
#1782 = CARTESIAN_POINT ( 'NONE',  ( 5.867730460749391543E-16, 0.0000000000000000000, 0.1680584798054112761 ) ) ;
#1783 = ORIENTED_EDGE ( 'NONE', *, *, #3587, .T. ) ;
#1784 = VERTEX_POINT ( 'NONE', #1508 ) ;
#1785 = FACE_OUTER_BOUND ( 'NONE', #3597, .T. ) ;
#1786 = STYLED_ITEM ( 'NONE', ( #3365 ), #2801 ) ;
#1787 = EDGE_CURVE ( 'NONE', #1649, #2609, #979, .T. ) ;
#1788 = DIMENSIONAL_EXPONENTS ( 1.000000000000000000, 0.0000000000000000000, 0.0000000000000000000, 0.0000000000000000000, 0.0000000000000000000, 0.0000000000000000000, 0.0000000000000000000 ) ;
#1789 = CARTESIAN_POINT ( 'NONE',  ( 0.4148255122018111307, 0.2076771653543307283, 0.1030978498841485375 ) ) ;
#1790 = ORIENTED_EDGE ( 'NONE', *, *, #172, .F. ) ;
#1791 = DIRECTION ( 'NONE',  ( 1.000000000000000000, 0.0000000000000000000, -7.004355167151636431E-15 ) ) ;
#1792 = ORIENTED_EDGE ( 'NONE', *, *, #1396, .F. ) ;
#1793 = EDGE_CURVE ( 'NONE', #975, #889, #2347, .T. ) ;
#1794 = CARTESIAN_POINT ( 'NONE',  ( 0.09138846006525241927, -0.5050945559650034111, -0.003180618022010765246 ) ) ;
#1795 = LINE ( 'NONE', #3205, #1536 ) ;
#1796 = FILL_AREA_STYLE_COLOUR ( '', #2885 ) ;
#1797 = FILL_AREA_STYLE_COLOUR ( '', #393 ) ;
#1798 = CARTESIAN_POINT ( 'NONE',  ( 0.1529023592271840370, -0.4895215134896966358, -0.003768488395385358094 ) ) ;
#1799 = ORIENTED_EDGE ( 'NONE', *, *, #1134, .F. ) ;
#1800 = DIRECTION ( 'NONE',  ( -6.982962677686265922E-15, 0.0000000000000000000, -1.000000000000000000 ) ) ;
#1801 = CARTESIAN_POINT ( 'NONE',  ( 5.867730460749391543E-16, 0.0000000000000000000, 0.1680584798054112761 ) ) ;
#1802 = SURFACE_SIDE_STYLE ('',( #2920 ) ) ;
#1803 = VERTEX_POINT ( 'NONE', #1818 ) ;
#1804 = ORIENTED_EDGE ( 'NONE', *, *, #2993, .T. ) ;
#1805 = FILL_AREA_STYLE_COLOUR ( '', #1539 ) ;
#1806 = EDGE_CURVE ( 'NONE', #1185, #2507, #1549, .T. ) ;
#1807 = DIRECTION ( 'NONE',  ( 6.982962677686266711E-15, 0.0000000000000000000, 1.000000000000000000 ) ) ;
#1808 = CARTESIAN_POINT ( 'NONE',  ( -0.05905511811023649721, -0.5128805344322835413, 0.04404273177391562072 ) ) ;
#1809 = CARTESIAN_POINT ( 'NONE',  ( 0.5649606299212605043, 0.0000000000000000000, 0.1680584798054073070 ) ) ;
#1810 = DIRECTION ( 'NONE',  ( 6.982962677686266711E-15, 0.0000000000000000000, 1.000000000000000000 ) ) ;
#1811 = DIRECTION ( 'NONE',  ( -6.982962677686266711E-15, 0.0000000000000000000, -1.000000000000000000 ) ) ;
#1812 = CARTESIAN_POINT ( 'NONE',  ( 0.3139763779527557364, 3.845101662677221102E-17, 0.06372777114399175158 ) ) ;
#1813 = SURFACE_SIDE_STYLE ('',( #1832 ) ) ;
#1814 = ORIENTED_EDGE ( 'NONE', *, *, #1554, .F. ) ;
#1815 = DIRECTION ( 'NONE',  ( -1.000000000000000000, 0.0000000000000000000, 6.982962677686265922E-15 ) ) ;
#1816 = EDGE_CURVE ( 'NONE', #618, #673, #322, .T. ) ;
#1817 = SURFACE_STYLE_USAGE ( .BOTH. , #2118 ) ;
#1818 = CARTESIAN_POINT ( 'NONE',  ( -0.4148255122018108532, -0.2076771653543307283, 0.1030978498841543384 ) ) ;
#1819 = ORIENTED_EDGE ( 'NONE', *, *, #3513, .T. ) ;
#1820 = ORIENTED_EDGE ( 'NONE', *, *, #3083, .F. ) ;
#1821 = CARTESIAN_POINT ( 'NONE',  ( -6.366200214724579616E-16, 0.0000000000000000000, -0.007138370588289512375 ) ) ;
#1822 = AXIS2_PLACEMENT_3D ( 'NONE', #3239, #3502, #1218 ) ;
#1823 = DIRECTION ( 'NONE',  ( 0.0000000000000000000, -1.000000000000000000, 0.0000000000000000000 ) ) ;
#1824 = CARTESIAN_POINT ( 'NONE',  ( -0.5255905511811026498, 0.0000000000000000000, 0.1050663538211629860 ) ) ;
#1825 = CIRCLE ( 'NONE', #1355, 0.05511811023622047861 ) ;
#1826 = DIRECTION ( 'NONE',  ( -6.982962677686266711E-15, 0.0000000000000000000, -1.000000000000000000 ) ) ;
#1827 = UNCERTAINTY_MEASURE_WITH_UNIT (LENGTH_MEASURE( 1.000000000000000082E-05 ), #2248, 'distance_accuracy_value', 'NONE');
#1828 = ADVANCED_FACE ( 'NONE', ( #3042 ), #2414, .T. ) ;
#1829 = AXIS2_PLACEMENT_3D ( 'NONE', #1045, #524, #2759 ) ;
#1830 = DIRECTION ( 'NONE',  ( 6.982962677686266711E-15, 0.0000000000000000000, 1.000000000000000000 ) ) ;
#1831 = CARTESIAN_POINT ( 'NONE',  ( -0.08436519276431368730, -0.3655118143512817719, -0.007138370588288923436 ) ) ;
#1832 = SURFACE_STYLE_FILL_AREA ( #664 ) ;
#1833 = EDGE_LOOP ( 'NONE', ( #2290, #3375 ) ) ;
#1834 = DIRECTION ( 'NONE',  ( -6.982962677686265922E-15, 0.0000000000000000000, -1.000000000000000000 ) ) ;
#1835 = AXIS2_PLACEMENT_3D ( 'NONE', #939, #321, #2268 ) ;
#1836 = CIRCLE ( 'NONE', #3236, 0.3651220263332678462 ) ;
#1837 = EDGE_CURVE ( 'NONE', #2908, #693, #2434, .T. ) ;
#1838 = DIRECTION ( 'NONE',  ( 1.000000000000000000, 0.0000000000000000000, -6.982962677686265922E-15 ) ) ;
#1839 = LINE ( 'NONE', #3476, #3237 ) ;
#1840 = VERTEX_POINT ( 'NONE', #1302 ) ;
#1841 = ORIENTED_EDGE ( 'NONE', *, *, #1925, .F. ) ;
#1842 = DIRECTION ( 'NONE',  ( 6.982962677686265922E-15, 0.0000000000000000000, 1.000000000000000000 ) ) ;
#1843 = PRESENTATION_LAYER_ASSIGNMENT (  '', '', ( #2119 ) ) ;
#1844 = CIRCLE ( 'NONE', #2535, 0.3769330499553149028 ) ;
#1845 = CARTESIAN_POINT ( 'NONE',  ( -2.792242938743420261E-16, 0.0000000000000000000, 0.04404273177391521132 ) ) ;
#1846 = DIRECTION ( 'NONE',  ( -6.982962677686266711E-15, 0.0000000000000000000, -1.000000000000000000 ) ) ;
#1847 = AXIS2_PLACEMENT_3D ( 'NONE', #58, #2576, #1163 ) ;
#1848 = FILL_AREA_STYLE ('',( #1796 ) ) ;
#1849 = CARTESIAN_POINT ( 'NONE',  ( -0.03941985317477687822, -0.4238818913247150988, -0.006819120484178773159 ) ) ;
#1850 = EDGE_CURVE ( 'NONE', #2074, #144, #2300, .T. ) ;
#1851 = PLANE ( 'NONE',  #2513 ) ;
#1852 = ORIENTED_EDGE ( 'NONE', *, *, #2148, .F. ) ;
#1853 = ORIENTED_EDGE ( 'NONE', *, *, #3178, .F. ) ;
#1854 = LENGTH_MEASURE_WITH_UNIT ( LENGTH_MEASURE( 0.02539999999999999897 ), #2958 );
#1855 = CARTESIAN_POINT ( 'NONE',  ( 0.03794815848721823370, -0.3697636275534511019, -0.005930007950440101781 ) ) ;
#1856 = ORIENTED_EDGE ( 'NONE', *, *, #3254, .F. ) ;
#1857 = EDGE_LOOP ( 'NONE', ( #1132, #1887, #1632, #1241 ) ) ;
#1858 = SURFACE_SIDE_STYLE ('',( #2963 ) ) ;
#1859 = PLANE ( 'NONE',  #620 ) ;
#1860 = EDGE_LOOP ( 'NONE', ( #2521, #505, #3058, #2107, #3114, #1684 ) ) ;
#1861 = DIRECTION ( 'NONE',  ( -6.982962677686266711E-15, 0.0000000000000000000, -1.000000000000000000 ) ) ;
#1862 = UNCERTAINTY_MEASURE_WITH_UNIT (LENGTH_MEASURE( 1.000000000000000082E-05 ), #2749, 'distance_accuracy_value', 'NONE');
#1863 = CARTESIAN_POINT ( 'NONE',  ( 0.5649606299212607263, 0.0000000000000000000, 0.1995545427975333186 ) ) ;
#1864 = PLANE ( 'NONE',  #2700 ) ;
#1865 = EDGE_LOOP ( 'NONE', ( #2660, #3451 ) ) ;
#1866 = CARTESIAN_POINT ( 'NONE',  ( 0.1959397827606498554, -0.3090226165759640820, 9.682172227784845197E-05 ) ) ;
#1867 = ORIENTED_EDGE ( 'NONE', *, *, #3033, .F. ) ;
#1868 = EDGE_CURVE ( 'NONE', #910, #2665, #3290, .T. ) ;
#1869 = FILL_AREA_STYLE_COLOUR ( '', #3009 ) ;
#1870 = CARTESIAN_POINT ( 'NONE',  ( -0.1494762095216538300, -0.3331230356801574977, 0.04404273177391625910 ) ) ;
#1871 = ORIENTED_EDGE ( 'NONE', *, *, #3193, .T. ) ;
#1872 = EDGE_LOOP ( 'NONE', ( #2188, #313, #1783, #1654 ) ) ;
#1873 =( NAMED_UNIT ( * ) PLANE_ANGLE_UNIT ( ) SI_UNIT ( $, .RADIAN. ) );
#1874 = CARTESIAN_POINT ( 'NONE',  ( 0.05511811023622032596, 0.4153543307086614567, 0.06372777114399356957 ) ) ;
#1875 = CLOSED_SHELL ( 'NONE', ( #2043, #1454, #1892, #415 ) ) ;
#1876 = EDGE_CURVE ( 'NONE', #1032, #3326, #2452, .T. ) ;
#1877 = CARTESIAN_POINT ( 'NONE',  ( -2.792242938743420261E-16, 0.0000000000000000000, 0.04404273177391521132 ) ) ;
#1878 = CIRCLE ( 'NONE', #600, 0.5255905511811022057 ) ;
#1879 = DIRECTION ( 'NONE',  ( -1.000000000000000000, 0.0000000000000000000, 6.982962677686265922E-15 ) ) ;
#1880 = AXIS2_PLACEMENT_3D ( 'NONE', #337, #893, #1420 ) ;
#1881 = ORIENTED_EDGE ( 'NONE', *, *, #3497, .T. ) ;
#1882 = CARTESIAN_POINT ( 'NONE',  ( -0.2066930278939585752, -0.4579431424196415135, 0.06373112351718852875 ) ) ;
#1883 = STYLED_ITEM ( 'NONE', ( #302 ), #1023 ) ;
#1884 = DIRECTION ( 'NONE',  ( -1.000000000000000000, 0.0000000000000000000, 7.124757133476171544E-15 ) ) ;
#1885 = CARTESIAN_POINT ( 'NONE',  ( 0.05905511811023628904, -0.5875910061653543126, 0.09325533019911166899 ) ) ;
#1886 = VECTOR ( 'NONE', #2929, 39.37007874015748143 ) ;
#1887 = ORIENTED_EDGE ( 'NONE', *, *, #1768, .F. ) ;
#1888 = EDGE_CURVE ( 'NONE', #1803, #235, #88, .T. ) ;
#1889 = ORIENTED_EDGE ( 'NONE', *, *, #2680, .T. ) ;
#1890 = CARTESIAN_POINT ( 'NONE',  ( -0.1494762095216538300, -0.3331230356801574977, 0.04404273177391625910 ) ) ;
#1891 = CIRCLE ( 'NONE', #2007, 0.5905511811023625990 ) ;
#1892 = ADVANCED_FACE ( 'NONE', ( #1652 ), #480, .T. ) ;
#1893 = B_SPLINE_CURVE_WITH_KNOTS ( 'NONE', 3,
 ( #2798, #1896, #798, #3014, #291, #2778, #3029, #510 ),
 .UNSPECIFIED., .F., .F.,
 ( 4, 2, 2, 4 ),
 ( 6.087118693101965986E-16, 0.0001609562067754145484, 0.0003219124135502203716, 0.0006438248270998319636 ),
 .UNSPECIFIED. ) ;
#1894 = CARTESIAN_POINT ( 'NONE',  ( 0.3597074019655903676, 0.2076771653543307283, 0.06372777114399144627 ) ) ;
#1895 = EDGE_CURVE ( 'NONE', #1513, #432, #269, .T. ) ;
#1896 = CARTESIAN_POINT ( 'NONE',  ( -0.1494762095216540798, -0.4941566678304075699, 0.002517612733805750340 ) ) ;
#1897 = VECTOR ( 'NONE', #181, 39.37007874015748143 ) ;
#1898 = DIRECTION ( 'NONE',  ( -6.982962677686265922E-15, 0.0000000000000000000, -1.000000000000000000 ) ) ;
#1899 = FACE_OUTER_BOUND ( 'NONE', #3279, .T. ) ;
#1900 = UNCERTAINTY_MEASURE_WITH_UNIT (LENGTH_MEASURE( 1.000000000000000082E-05 ), #472, 'distance_accuracy_value', 'NONE');
#1901 = ADVANCED_FACE ( 'NONE', ( #770 ), #1369, .T. ) ;
#1902 = CIRCLE ( 'NONE', #3078, 0.3139763779527559029 ) ;
#1903 = CARTESIAN_POINT ( 'NONE',  ( -5.541440843344312717E-16, 0.0000000000000000000, 0.004672653033757728953 ) ) ;
#1904 = ORIENTED_EDGE ( 'NONE', *, *, #3282, .T. ) ;
#1905 = DIRECTION ( 'NONE',  ( 0.2584289428742903016, -0.9660302694454644401, -1.800359540279997122E-15 ) ) ;
#1906 = AXIS2_PLACEMENT_3D ( 'NONE', #1029, #1267, #994 ) ;
#1907 = CARTESIAN_POINT ( 'NONE',  ( 0.03537387524401766625, -0.3674311291146389880, -0.004195090315536194672 ) ) ;
#1908 = DIRECTION ( 'NONE',  ( -0.1143882129003011838, -0.9934361261548099176, 7.937276731730903478E-16 ) ) ;
#1909 = ORIENTED_EDGE ( 'NONE', *, *, #3083, .T. ) ;
#1910 = ORIENTED_EDGE ( 'NONE', *, *, #487, .T. ) ;
#1911 = CARTESIAN_POINT ( 'NONE',  ( -0.03136597330126012634, -0.3637722774382283197, 0.04404273177391543337 ) ) ;
#1912 = DIRECTION ( 'NONE',  ( -1.000000000000000000, 0.0000000000000000000, 6.969871108835385309E-15 ) ) ;
#1913 = CARTESIAN_POINT ( 'NONE',  ( -0.5649606299212592830, 6.918772270773434086E-17, 0.1680584798054152451 ) ) ;
#1914 = EDGE_CURVE ( 'NONE', #2882, #523, #2193, .T. ) ;
#1915 = CARTESIAN_POINT ( 'NONE',  ( 0.04145071059395567803, -0.4239718125328521547, -0.007058260250377422149 ) ) ;
#1916 = EDGE_CURVE ( 'NONE', #1784, #1410, #1484, .T. ) ;
#1917 = ORIENTED_EDGE ( 'NONE', *, *, #3374, .F. ) ;
#1918 = CARTESIAN_POINT ( 'NONE',  ( -0.3597074019655906452, 0.2076771653543307283, 0.06372777114399647003 ) ) ;
#1919 = CARTESIAN_POINT ( 'NONE',  ( -5.541440843344312717E-16, 0.0000000000000000000, 0.004672653033757728953 ) ) ;
#1920 = VERTEX_POINT ( 'NONE', #1091 ) ;
#1921 = FACE_OUTER_BOUND ( 'NONE', #2565, .T. ) ;
#1922 =( LENGTH_UNIT ( ) NAMED_UNIT ( * ) SI_UNIT ( $, .METRE. ) );
#1923 = FILL_AREA_STYLE ('',( #3097 ) ) ;
#1924 = VERTEX_POINT ( 'NONE', #3325 ) ;
#1925 = EDGE_CURVE ( 'NONE', #3361, #2691, #1135, .T. ) ;
#1926 = ORIENTED_EDGE ( 'NONE', *, *, #1618, .T. ) ;
#1927 = DIRECTION ( 'NONE',  ( -6.982962677686266711E-15, 0.0000000000000000000, -1.000000000000000000 ) ) ;
#1928 = FACE_OUTER_BOUND ( 'NONE', #1750, .T. ) ;
#1929 = CARTESIAN_POINT ( 'NONE',  ( 0.09435809928543252567, -0.5075731461314961779, 0.004672653033757080167 ) ) ;
#1930 = B_SPLINE_CURVE_WITH_KNOTS ( 'NONE', 3,
 ( #2210, #1639, #3578, #3544, #3329, #845 ),
 .UNSPECIFIED., .F., .F.,
 ( 4, 2, 4 ),
 ( 2.433970867727453254E-17, 0.0002567902199530493310, 0.0005135804399060742674 ),
 .UNSPECIFIED. ) ;
#1931 = CARTESIAN_POINT ( 'NONE',  ( 1.469013813387963317E-16, 0.0000000000000000000, 0.1050663538211593084 ) ) ;
#1932 = EDGE_CURVE ( 'NONE', #618, #2632, #3063, .T. ) ;
#1933 = DIRECTION ( 'NONE',  ( -1.000000000000000000, 0.0000000000000000000, 6.978189126646753508E-15 ) ) ;
#1934 = AXIS2_PLACEMENT_3D ( 'NONE', #250, #1043, #771 ) ;
#1935 = VECTOR ( 'NONE', #2445, 39.37007874015748143 ) ;
#1936 = FACE_OUTER_BOUND ( 'NONE', #3248, .T. ) ;
#1937 = EDGE_CURVE ( 'NONE', #1208, #138, #2176, .T. ) ;
#1938 = EDGE_LOOP ( 'NONE', ( #691, #672, #2271, #2682 ) ) ;
#1939 = CARTESIAN_POINT ( 'NONE',  ( 0.09370641661404185974, -0.3535662154156326009, 0.0007725762523768441112 ) ) ;
#1940 = AXIS2_PLACEMENT_3D ( 'NONE', #3547, #439, #2928 ) ;
#1941 = CARTESIAN_POINT ( 'NONE',  ( -0.3139763779527565690, 0.0000000000000000000, -0.01304388239931094338 ) ) ;
#1942 = DIMENSIONAL_EXPONENTS ( 1.000000000000000000, 0.0000000000000000000, 0.0000000000000000000, 0.0000000000000000000, 0.0000000000000000000, 0.0000000000000000000, 0.0000000000000000000 ) ;
#1943 = ORIENTED_EDGE ( 'NONE', *, *, #3202, .T. ) ;
#1944 = ORIENTED_EDGE ( 'NONE', *, *, #1125, .T. ) ;
#1945 = MECHANICAL_DESIGN_GEOMETRIC_PRESENTATION_REPRESENTATION (  '', ( #1883 ), #3172 ) ;
#1946 = CARTESIAN_POINT ( 'NONE',  ( -0.3602362204724410821, 6.750021727583837212E-18, 0.06372777114399647003 ) ) ;
#1947 = AXIS2_PLACEMENT_3D ( 'NONE', #3241, #1564, #177 ) ;
#1948 = DIRECTION ( 'NONE',  ( -6.982962677686265922E-15, 0.0000000000000000000, -1.000000000000000000 ) ) ;
#1949 = ORIENTED_EDGE ( 'NONE', *, *, #2000, .F. ) ;
#1950 = DIRECTION ( 'NONE',  ( -6.982962677686265922E-15, 0.0000000000000000000, -1.000000000000000000 ) ) ;
#1951 = AXIS2_PLACEMENT_3D ( 'NONE', #2021, #2571, #2218 ) ;
#1952 = VECTOR ( 'NONE', #73, 39.37007874015748143 ) ;
#1953 = DIRECTION ( 'NONE',  ( -6.982962677686265922E-15, 0.0000000000000000000, -1.000000000000000000 ) ) ;
#1954 = LINE ( 'NONE', #604, #3177 ) ;
#1955 = CARTESIAN_POINT ( 'NONE',  ( 0.05905511811023578944, -0.5632036442222985162, 0.02113106342096467485 ) ) ;
#1956 = ORIENTED_EDGE ( 'NONE', *, *, #3545, .T. ) ;
#1957 = AXIS2_PLACEMENT_3D ( 'NONE', #1760, #2879, #1188 ) ;
#1958 = EDGE_CURVE ( 'NONE', #2336, #3489, #2476, .T. ) ;
#1959 = DIRECTION ( 'NONE',  ( 0.008997896206719440196, -0.9999595181125349175, -6.283197338921668809E-17 ) ) ;
#1960 = LINE ( 'NONE', #3380, #1172 ) ;
#1961 = ORIENTED_EDGE ( 'NONE', *, *, #645, .T. ) ;
#1962 = DIRECTION ( 'NONE',  ( 0.0000000000000000000, -1.000000000000000000, 0.0000000000000000000 ) ) ;
#1963 = EDGE_CURVE ( 'NONE', #3577, #591, #3516, .T. ) ;
#1964 = DIRECTION ( 'NONE',  ( -1.000000000000000000, 0.0000000000000000000, 6.982962677686265922E-15 ) ) ;
#1965 = CARTESIAN_POINT ( 'NONE',  ( 0.2076771653543305896, 0.3597074019655905341, 0.06372777114399250098 ) ) ;
#1966 = DIRECTION ( 'NONE',  ( -6.982962677686266711E-15, 0.0000000000000000000, -1.000000000000000000 ) ) ;
#1967 = VERTEX_POINT ( 'NONE', #931 ) ;
#1968 = CARTESIAN_POINT ( 'NONE',  ( -0.2076771653543308671, 0.3597074019655905341, 0.06372777114399540144 ) ) ;
#1969 = DIMENSIONAL_EXPONENTS ( 1.000000000000000000, 0.0000000000000000000, 0.0000000000000000000, 0.0000000000000000000, 0.0000000000000000000, 0.0000000000000000000, 0.0000000000000000000 ) ;
#1970 = DIRECTION ( 'NONE',  ( 0.0000000000000000000, 1.000000000000000000, 0.0000000000000000000 ) ) ;
#1971 = B_SPLINE_CURVE_WITH_KNOTS ( 'NONE', 3,
 ( #27, #1153, #1136, #2033, #2310, #2827, #83, #2809, #1189, #2286, #1450, #324, #64, #2270, #3421, #1746, #923, #343, #3153, #2549, #2863, #3400 ),
 .UNSPECIFIED., .F., .F.,
 ( 4, 2, 2, 1, 2, 2, 2, 2, 1, 2, 2, 4 ),
 ( 0.0000000000000000000, 0.2499999999999756861, 0.3749999999999635292, 0.4374999999999594769, 0.4687499999999553690, 0.4999999999999512057, 0.6249999999999344968, 0.6874999999999231726, 0.7187499999999203970, 0.7343749999999217293, 0.7499999999999229505, 1.000000000000000000 ),
 .UNSPECIFIED. ) ;
#1972 = CARTESIAN_POINT ( 'NONE',  ( -7.603339271794982922E-16, 0.0000000000000000000, -0.02485490602136037827 ) ) ;
#1973 = ORIENTED_EDGE ( 'NONE', *, *, #3555, .F. ) ;
#1974 = FACE_OUTER_BOUND ( 'NONE', #772, .T. ) ;
#1975 =( LENGTH_UNIT ( ) NAMED_UNIT ( * ) SI_UNIT ( $, .METRE. ) );
#1976 = ORIENTED_EDGE ( 'NONE', *, *, #1793, .F. ) ;
#1977 = DIRECTION ( 'NONE',  ( 6.982962677686266711E-15, 0.0000000000000000000, 1.000000000000000000 ) ) ;
#1978 = EDGE_CURVE ( 'NONE', #595, #2864, #3004, .T. ) ;
#1979 = DIRECTION ( 'NONE',  ( 0.001087730577645022387, -0.9999994084209202772, -7.595582027073315860E-18 ) ) ;
#1980 = VERTEX_POINT ( 'NONE', #1233 ) ;
#1981 = VERTEX_POINT ( 'NONE', #561 ) ;
#1982 = LINE ( 'NONE', #1764, #776 ) ;
#1983 = FACE_OUTER_BOUND ( 'NONE', #360, .T. ) ;
#1984 = ORIENTED_EDGE ( 'NONE', *, *, #2257, .F. ) ;
#1985 = DIRECTION ( 'NONE',  ( 1.000000000000000000, 0.0000000000000000000, -6.978447859385525492E-15 ) ) ;
#1986 = EDGE_CURVE ( 'NONE', #1967, #992, #2779, .T. ) ;
#1987 = CYLINDRICAL_SURFACE ( 'NONE', #310, 0.5216535433070865757 ) ;
#1988 = ORIENTED_EDGE ( 'NONE', *, *, #3513, .F. ) ;
#1989 = PRESENTATION_STYLE_ASSIGNMENT (( #369 ) ) ;
#1990 = CARTESIAN_POINT ( 'NONE',  ( 0.2066929058458135404, -0.4576910896128609241, 0.06372777114399251486 ) ) ;
#1991 = ORIENTED_EDGE ( 'NONE', *, *, #3363, .T. ) ;
#1992 = SURFACE_SIDE_STYLE ('',( #879 ) ) ;
#1993 = AXIS2_PLACEMENT_3D ( 'NONE', #1903, #3537, #2406 ) ;
#1994 = DIRECTION ( 'NONE',  ( -6.982962677686266711E-15, 0.0000000000000000000, -1.000000000000000000 ) ) ;
#1995 = CARTESIAN_POINT ( 'NONE',  ( -0.03136597330126039695, -0.3637722774382283197, 0.004672653033757934518 ) ) ;
#1996 = ORIENTED_EDGE ( 'NONE', *, *, #985, .T. ) ;
#1997 = ORIENTED_EDGE ( 'NONE', *, *, #352, .T. ) ;
#1998 = VERTEX_POINT ( 'NONE', #2024 ) ;
#1999 = AXIS2_PLACEMENT_3D ( 'NONE', #2256, #654, #127 ) ;
#2000 = EDGE_CURVE ( 'NONE', #3408, #665, #1187, .T. ) ;
#2001 = AXIS2_PLACEMENT_3D ( 'NONE', #2047, #3368, #1744 ) ;
#2002 = ORIENTED_EDGE ( 'NONE', *, *, #2760, .T. ) ;
#2003 = DIRECTION ( 'NONE',  ( 6.982962677686266711E-15, 0.0000000000000000000, 1.000000000000000000 ) ) ;
#2004 = CIRCLE ( 'NONE', #82, 0.5162692607295275016 ) ;
#2005 = DIRECTION ( 'NONE',  ( -1.000000000000000000, 0.0000000000000000000, 6.969871108835385309E-15 ) ) ;
#2006 = CARTESIAN_POINT ( 'NONE',  ( 5.867730460749391543E-16, 0.0000000000000000000, 0.1680584798054112761 ) ) ;
#2007 = AXIS2_PLACEMENT_3D ( 'NONE', #903, #651, #47 ) ;
#2008 = CIRCLE ( 'NONE', #3355, 0.5019685039370077595 ) ;
#2009 = CIRCLE ( 'NONE', #31, 0.5044582371074803895 ) ;
#2010 = CARTESIAN_POINT ( 'NONE',  ( -0.09059990604400250391, -0.5044400233282008150, -0.003967778588388480229 ) ) ;
#2011 = EDGE_LOOP ( 'NONE', ( #1790, #2016 ) ) ;
#2012 = FACE_OUTER_BOUND ( 'NONE', #2800, .T. ) ;
#2013 = SURFACE_STYLE_FILL_AREA ( #902 ) ;
#2014 = DIRECTION ( 'NONE',  ( 1.000000000000000000, 0.0000000000000000000, -7.124757133476171544E-15 ) ) ;
#2015 = VECTOR ( 'NONE', #3210, 39.37007874015748143 ) ;
#2016 = ORIENTED_EDGE ( 'NONE', *, *, #2726, .F. ) ;
#2017 = ORIENTED_EDGE ( 'NONE', *, *, #692, .T. ) ;
#2018 = DIRECTION ( 'NONE',  ( -1.000000000000000000, 0.0000000000000000000, 6.969871108835385309E-15 ) ) ;
#2019 = DIRECTION ( 'NONE',  ( 1.000000000000000000, 0.0000000000000000000, 0.0000000000000000000 ) ) ;
#2020 = ORIENTED_EDGE ( 'NONE', *, *, #713, .F. ) ;
#2021 = CARTESIAN_POINT ( 'NONE',  ( -2.792242938743420261E-16, 0.0000000000000000000, 0.04404273177391521132 ) ) ;
#2022 = EDGE_CURVE ( 'NONE', #3577, #632, #968, .T. ) ;
#2023 = EDGE_LOOP ( 'NONE', ( #2603, #2454, #3443, #2138 ) ) ;
#2024 = CARTESIAN_POINT ( 'NONE',  ( 0.2066929133858266265, -0.2363455213631495966, 0.05979076326997676688 ) ) ;
#2025 = FACE_OUTER_BOUND ( 'NONE', #3274, .T. ) ;
#2026 =( LENGTH_UNIT ( ) NAMED_UNIT ( * ) SI_UNIT ( $, .METRE. ) );
#2027 = CARTESIAN_POINT ( 'NONE',  ( -0.09016883514354825935, -0.3581347795389515087, -0.004352344597923727201 ) ) ;
#2028 = CARTESIAN_POINT ( 'NONE',  ( 0.1494762095216529973, -0.3331230356801475612, 0.004672653033756677711 ) ) ;
#2029 = ORIENTED_EDGE ( 'NONE', *, *, #2933, .F. ) ;
#2030 = DIRECTION ( 'NONE',  ( -1.000000000000000000, 0.0000000000000000000, 7.124757133476171544E-15 ) ) ;
#2031 = DIRECTION ( 'NONE',  ( -6.982962677686265922E-15, 0.0000000000000000000, -1.000000000000000000 ) ) ;
#2032 = EDGE_CURVE ( 'NONE', #693, #446, #1501, .T. ) ;
#2033 = CARTESIAN_POINT ( 'NONE',  ( -0.03272979500739334191, -0.3649986175264931521, -0.0008590084959773161555 ) ) ;
#2034 = EDGE_LOOP ( 'NONE', ( #3402, #3179, #1371, #1944, #417, #2578, #2739, #70, #2922 ) ) ;
#2035 = ORIENTED_EDGE ( 'NONE', *, *, #1544, .F. ) ;
#2036 = CARTESIAN_POINT ( 'NONE',  ( 0.1967203040098420008, -0.3075958649006659273, 0.004672653033756354185 ) ) ;
#2037 = CARTESIAN_POINT ( 'NONE',  ( -5.541440843344312717E-16, 0.0000000000000000000, 0.004672653033757728953 ) ) ;
#2038 = EDGE_LOOP ( 'NONE', ( #1747, #945, #272, #913 ) ) ;
#2039 =( LENGTH_UNIT ( ) NAMED_UNIT ( * ) SI_UNIT ( $, .METRE. ) );
#2040 = CARTESIAN_POINT ( 'NONE',  ( 0.09060163161761596029, -0.5044404835599572978, -0.003966612967629296570 ) ) ;
#2041 = DIRECTION ( 'NONE',  ( -1.000000000000000000, 0.0000000000000000000, 6.969871108835385309E-15 ) ) ;
#2042 = FACE_BOUND ( 'NONE', #743, .T. ) ;
#2043 = ADVANCED_FACE ( 'NONE', ( #2617 ), #2556, .T. ) ;
#2044 = CARTESIAN_POINT ( 'NONE',  ( -5.541440843344312717E-16, 0.0000000000000000000, 0.004672653033757728953 ) ) ;
#2045 =( LENGTH_UNIT ( ) NAMED_UNIT ( * ) SI_UNIT ( $, .METRE. ) );
#2046 = ORIENTED_EDGE ( 'NONE', *, *, #113, .T. ) ;
#2047 = CARTESIAN_POINT ( 'NONE',  ( 2.293773184768231202E-16, 0.0000000000000000000, 0.1168773774432065593 ) ) ;
#2048 = VECTOR ( 'NONE', #354, 39.37007874015748143 ) ;
#2049 = CARTESIAN_POINT ( 'NONE',  ( 0.2066929133858266820, -0.4599049958113919923, 0.06377829075187925467 ) ) ;
#2050 = ORIENTED_EDGE ( 'NONE', *, *, #1110, .T. ) ;
#2051 = VERTEX_POINT ( 'NONE', #1738 ) ;
#2052 = CARTESIAN_POINT ( 'NONE',  ( 0.5787340347112823746, -0.002662132066619346538, 0.1050663538211552839 ) ) ;
#2053 = STYLED_ITEM ( 'NONE', ( #2874 ), #133 ) ;
#2054 = EDGE_CURVE ( 'NONE', #1054, #1083, #2855, .T. ) ;
#2055 = CIRCLE ( 'NONE', #428, 0.5649606299212598381 ) ;
#2056 = DIRECTION ( 'NONE',  ( -6.982962677686265922E-15, 0.0000000000000000000, -1.000000000000000000 ) ) ;
#2057 = VERTEX_POINT ( 'NONE', #1179 ) ;
#2058 = CARTESIAN_POINT ( 'NONE',  ( -5.541440843344312717E-16, 0.0000000000000000000, 0.004672653033757728953 ) ) ;
#2059 = AXIS2_PLACEMENT_3D ( 'NONE', #262, #1067, #3032 ) ;
#2060 = CARTESIAN_POINT ( 'NONE',  ( -0.2066928907657875347, -0.4581953130417323328, 0.06373280420009777569 ) ) ;
#2061 = DIMENSIONAL_EXPONENTS ( 1.000000000000000000, 0.0000000000000000000, 0.0000000000000000000, 0.0000000000000000000, 0.0000000000000000000, 0.0000000000000000000, 0.0000000000000000000 ) ;
#2062 = DIRECTION ( 'NONE',  ( 0.1501368548778928835, 0.9886652238282553906, -1.048400054157525373E-15 ) ) ;
#2063 = VECTOR ( 'NONE', #3252, 39.37007874015748143 ) ;
#2064 = DIRECTION ( 'NONE',  ( 0.004599874455247040042, 0.9999894205215352772, -3.212075164303252836E-17 ) ) ;
#2065 = CARTESIAN_POINT ( 'NONE',  ( -0.09310520933831982482, -0.3543458841936739101, -0.0006274228499880100821 ) ) ;
#2066 = CIRCLE ( 'NONE', #492, 0.05511811023622047861 ) ;
#2067 =( NAMED_UNIT ( * ) PLANE_ANGLE_UNIT ( ) SI_UNIT ( $, .RADIAN. ) );
#2068 = VERTEX_POINT ( 'NONE', #3532 ) ;
#2069 = CARTESIAN_POINT ( 'NONE',  ( 0.09435809928543252567, -0.3527189294792126284, 0.004672653033757080167 ) ) ;
#2070 = EDGE_CURVE ( 'NONE', #2051, #1060, #383, .T. ) ;
#2071 = AXIS2_PLACEMENT_3D ( 'NONE', #3258, #739, #1284 ) ;
#2072 = CARTESIAN_POINT ( 'NONE',  ( 0.2066929133858267098, -0.4665514067139746035, 0.06519741449514368514 ) ) ;
#2073 = CARTESIAN_POINT ( 'NONE',  ( -0.05905511811023610169, -0.5773323328198503024, 0.1050663538211597248 ) ) ;
#2074 = VERTEX_POINT ( 'NONE', #1808 ) ;
#2075 = VERTEX_POINT ( 'NONE', #1824 ) ;
#2076 = CARTESIAN_POINT ( 'NONE',  ( 0.05905511811023643476, -0.5875910061653683014, 0.1137495678004426247 ) ) ;
#2077 = AXIS2_PLACEMENT_3D ( 'NONE', #2805, #3041, #3324 ) ;
#2078 = DIRECTION ( 'NONE',  ( -6.982962677686266711E-15, 0.0000000000000000000, -1.000000000000000000 ) ) ;
#2079 = SURFACE_SIDE_STYLE ('',( #1229 ) ) ;
#2080 = VECTOR ( 'NONE', #2771, 39.37007874015748143 ) ;
#2081 = EDGE_CURVE ( 'NONE', #1924, #3608, #2110, .T. ) ;
#2082 = CARTESIAN_POINT ( 'NONE',  ( -0.04317699692330771027, -0.4240017862688977845, -0.007138370588289205329 ) ) ;
#2083 = LINE ( 'NONE', #422, #3017 ) ;
#2084 = CARTESIAN_POINT ( 'NONE',  ( -0.09092199701117954780, -0.3571688521192498689, -0.003672682583428040718 ) ) ;
#2085 = FILL_AREA_STYLE_COLOUR ( '', #1057 ) ;
#2086 = VERTEX_POINT ( 'NONE', #2946 ) ;
#2087 = DIMENSIONAL_EXPONENTS ( 1.000000000000000000, 0.0000000000000000000, 0.0000000000000000000, 0.0000000000000000000, 0.0000000000000000000, 0.0000000000000000000, 0.0000000000000000000 ) ;
#2088 = LINE ( 'NONE', #1745, #2129 ) ;
#2089 = CARTESIAN_POINT ( 'NONE',  ( -0.03136597330126012634, -0.3637722774382283197, 0.04404273177391543337 ) ) ;
#2090 = ORIENTED_EDGE ( 'NONE', *, *, #2096, .T. ) ;
#2091 = ORIENTED_EDGE ( 'NONE', *, *, #1793, .T. ) ;
#2092 = DIRECTION ( 'NONE',  ( 0.0000000000000000000, -1.000000000000000000, 0.0000000000000000000 ) ) ;
#2093 = EDGE_LOOP ( 'NONE', ( #1871, #1335, #2020, #2367 ) ) ;
#2094 = DIRECTION ( 'NONE',  ( -1.000000000000000000, 0.0000000000000000000, 6.969871108835385309E-15 ) ) ;
#2095 = CARTESIAN_POINT ( 'NONE',  ( -0.3597074019655906452, -0.2076771653543307283, 0.06372777114399647003 ) ) ;
#2096 = EDGE_CURVE ( 'NONE', #218, #2117, #1308, .T. ) ;
#2097 = DIRECTION ( 'NONE',  ( -1.000000000000000000, 0.0000000000000000000, 7.004355167151636431E-15 ) ) ;
#2098 = CARTESIAN_POINT ( 'NONE',  ( -0.08630102724232081857, -0.3630631208408663380, -0.006526009297988758819 ) ) ;
#2099 = EDGE_LOOP ( 'NONE', ( #3507, #2875, #1814, #2259, #1587, #1515, #1904, #839, #516, #1477, #1044 ) ) ;
#2100 = CARTESIAN_POINT ( 'NONE',  ( -0.05905511811023698293, -0.4468737351637795396, -0.02485490602135996541 ) ) ;
#2101 = CARTESIAN_POINT ( 'NONE',  ( -0.5026578869255908799, 0.0000000000000000000, 0.05979076326998172819 ) ) ;
#2102 = VERTEX_POINT ( 'NONE', #1559 ) ;
#2103 = EDGE_LOOP ( 'NONE', ( #767, #2921 ) ) ;
#2104 = LINE ( 'NONE', #727, #2465 ) ;
#2105 = AXIS2_PLACEMENT_3D ( 'NONE', #974, #2622, #425 ) ;
#2106 = CYLINDRICAL_SURFACE ( 'NONE', #1488, 0.01181102362204724393 ) ;
#2107 = ORIENTED_EDGE ( 'NONE', *, *, #818, .T. ) ;
#2108 = VECTOR ( 'NONE', #915, 39.37007874015748143 ) ;
#2109 = EDGE_CURVE ( 'NONE', #2317, #320, #3482, .T. ) ;
#2110 = LINE ( 'NONE', #2685, #2890 ) ;
#2111 = AXIS2_PLACEMENT_3D ( 'NONE', #1033, #1600, #1529 ) ;
#2112 = PRESENTATION_STYLE_ASSIGNMENT (( #2949 ) ) ;
#2113 = VECTOR ( 'NONE', #2729, 39.37007874015748143 ) ;
#2114 = DIRECTION ( 'NONE',  ( -6.982962677686266711E-15, 0.0000000000000000000, -1.000000000000000000 ) ) ;
#2115 = ORIENTED_EDGE ( 'NONE', *, *, #3405, .F. ) ;
#2116 = CARTESIAN_POINT ( 'NONE',  ( 1.331553918157918670E-16, 0.0000000000000000000, 0.1030978498841514379 ) ) ;
#2117 = VERTEX_POINT ( 'NONE', #1020 ) ;
#2118 = SURFACE_SIDE_STYLE ('',( #1595 ) ) ;
#2119 = STYLED_ITEM ( 'NONE', ( #2960 ), #1737 ) ;
#2120 = CARTESIAN_POINT ( 'NONE',  ( -6.366200214724579616E-16, 0.0000000000000000000, -0.007138370588289512375 ) ) ;
#2121 = EDGE_LOOP ( 'NONE', ( #1204, #161, #1996, #2865 ) ) ;
#2122 = ORIENTED_EDGE ( 'NONE', *, *, #2432, .F. ) ;
#2123 = CARTESIAN_POINT ( 'NONE',  ( 2.293773184768231202E-16, 0.0000000000000000000, 0.1168773774432065593 ) ) ;
#2124 = CIRCLE ( 'NONE', #1425, 0.3651220263332678462 ) ;
#2125 = AXIS2_PLACEMENT_3D ( 'NONE', #2274, #1767, #2886 ) ;
#2126 = CYLINDRICAL_SURFACE ( 'NONE', #1256, 0.01181102362204724393 ) ;
#2127 = AXIS2_PLACEMENT_3D ( 'NONE', #3264, #2078, #2352 ) ;
#2128 = CARTESIAN_POINT ( 'NONE',  ( 0.05905511811023636537, -0.4232516879196850934, 0.1050663538211589199 ) ) ;
#2129 = VECTOR ( 'NONE', #1525, 39.37007874015748143 ) ;
#2130 = EDGE_CURVE ( 'NONE', #2609, #1032, #3181, .T. ) ;
#2131 = CARTESIAN_POINT ( 'NONE',  ( -2.792242938743420261E-16, 0.0000000000000000000, 0.04404273177391521132 ) ) ;
#2132 = CARTESIAN_POINT ( 'NONE',  ( -0.03605703293302810197, -0.4235200972123923102, -0.004770425829146450296 ) ) ;
#2133 = DIRECTION ( 'NONE',  ( 0.0000000000000000000, 1.000000000000000000, 0.0000000000000000000 ) ) ;
#2134 = VERTEX_POINT ( 'NONE', #2440 ) ;
#2135 = PLANE ( 'NONE',  #779 ) ;
#2136 = CARTESIAN_POINT ( 'NONE',  ( 0.3597074019655903676, 0.2076771653543307283, 0.06372777114399144627 ) ) ;
#2137 = CARTESIAN_POINT ( 'NONE',  ( 0.1510357877273235949, -0.3341342534967675082, -0.001947733579803450797 ) ) ;
#2138 = ORIENTED_EDGE ( 'NONE', *, *, #999, .F. ) ;
#2139 = ORIENTED_EDGE ( 'NONE', *, *, #2054, .T. ) ;
#2140 = EDGE_CURVE ( 'NONE', #992, #1967, #2066, .T. ) ;
#2141 = CARTESIAN_POINT ( 'NONE',  ( 0.05905511811023558821, -0.5009896266500000195, -0.007138370588289922637 ) ) ;
#2142 = DIRECTION ( 'NONE',  ( 0.0000000000000000000, -1.000000000000000000, 0.0000000000000000000 ) ) ;
#2143 = CARTESIAN_POINT ( 'NONE',  ( -0.04317699692330763395, -0.4232516879196850934, 0.004672653033758035999 ) ) ;
#2144 = UNCERTAINTY_MEASURE_WITH_UNIT (LENGTH_MEASURE( 1.000000000000000082E-05 ), #1382, 'distance_accuracy_value', 'NONE');
#2145 = LINE ( 'NONE', #972, #1668 ) ;
#2146 = EDGE_LOOP ( 'NONE', ( #3521, #2811, #1991, #1469, #2050, #1117, #2313, #2888 ) ) ;
#2147 = CARTESIAN_POINT ( 'NONE',  ( 0.09342646360187245591, -0.3539310365374633283, 6.670348729757952732E-05 ) ) ;
#2148 = EDGE_CURVE ( 'NONE', #1660, #3352, #2981, .T. ) ;
#2149 = CARTESIAN_POINT ( 'NONE',  ( 1.469013813387963317E-16, 0.0000000000000000000, 0.1050663538211593084 ) ) ;
#2150 = CARTESIAN_POINT ( 'NONE',  ( 0.03333682704564953220, -0.3655770641716802327, -0.001907242666545820890 ) ) ;
#2151 = DIRECTION ( 'NONE',  ( -6.982962677686266711E-15, 0.0000000000000000000, -1.000000000000000000 ) ) ;
#2152 = VERTEX_POINT ( 'NONE', #2674 ) ;
#2153 = ORIENTED_EDGE ( 'NONE', *, *, #109, .F. ) ;
#2154 = CARTESIAN_POINT ( 'NONE',  ( -6.366200214724579616E-16, 0.0000000000000000000, -0.007138370588289512375 ) ) ;
#2155 = DIRECTION ( 'NONE',  ( -0.4761912810155850551, 0.8793417219060721823, 3.325225942771443624E-15 ) ) ;
#2156 = DIRECTION ( 'NONE',  ( -1.000000000000000000, 0.0000000000000000000, 6.969871108835385309E-15 ) ) ;
#2157 = ADVANCED_FACE ( 'NONE', ( #747 ), #3515, .T. ) ;
#2158 = ORIENTED_EDGE ( 'NONE', *, *, #2032, .F. ) ;
#2159 = CARTESIAN_POINT ( 'NONE',  ( 0.03992463373048075331, -0.4238818913247159870, -0.006693786191218421486 ) ) ;
#2160 = CYLINDRICAL_SURFACE ( 'NONE', #3404, 0.3651220263332677907 ) ;
#2161 =( LENGTH_UNIT ( ) NAMED_UNIT ( * ) SI_UNIT ( $, .METRE. ) );
#2162 = VECTOR ( 'NONE', #1140, 39.37007874015748143 ) ;
#2163 = CARTESIAN_POINT ( 'NONE',  ( -1.417643986442973787E-16, 0.4153543307086614567, 0.06372777114399395815 ) ) ;
#2164 = ORIENTED_EDGE ( 'NONE', *, *, #2738, .T. ) ;
#2165 = CARTESIAN_POINT ( 'NONE',  ( -0.05905511811023608781, -0.4232516879196850934, 0.1050663538211597248 ) ) ;
#2166 = DIRECTION ( 'NONE',  ( -1.000000000000000000, 0.0000000000000000000, 6.982962677686265922E-15 ) ) ;
#2167 = CARTESIAN_POINT ( 'NONE',  ( 0.2066929133858266265, -0.4581953631854330244, 0.05979076326997676688 ) ) ;
#2168 = CARTESIAN_POINT ( 'NONE',  ( -0.3597074019655903676, -0.2076771653543307283, 0.1030978498841539498 ) ) ;
#2169 = VECTOR ( 'NONE', #1834, 39.37007874015748143 ) ;
#2170 = CARTESIAN_POINT ( 'NONE',  ( -0.09435809928543364977, -0.5075731461314961779, 0.004672653033758377740 ) ) ;
#2171 = ORIENTED_EDGE ( 'NONE', *, *, #713, .T. ) ;
#2172 = ADVANCED_FACE ( 'NONE', ( #206 ), #1535, .T. ) ;
#2173 = AXIS2_PLACEMENT_3D ( 'NONE', #309, #2814, #3609 ) ;
#2174 = DIRECTION ( 'NONE',  ( -6.982962677686265922E-15, 0.0000000000000000000, -1.000000000000000000 ) ) ;
#2175 = DIRECTION ( 'NONE',  ( 5.738158290819225348E-06, -1.272030798157041575E-05, -0.9999999999026336628 ) ) ;
#2176 = CIRCLE ( 'NONE', #901, 0.05511811023622047168 ) ;
#2177 = ADVANCED_FACE ( 'NONE', ( #833 ), #3031, .T. ) ;
#2178 = STYLED_ITEM ( 'NONE', ( #1482 ), #3431 ) ;
#2179 = CIRCLE ( 'NONE', #2477, 0.5787401574803149318 ) ;
#2180 = CARTESIAN_POINT ( 'NONE',  ( -6.366200214724579616E-16, 0.0000000000000000000, -0.007138370588289512375 ) ) ;
#2181 = ORIENTED_EDGE ( 'NONE', *, *, #3033, .T. ) ;
#2182 = DIRECTION ( 'NONE',  ( 1.000000000000000000, 0.0000000000000000000, -7.011425895934133952E-15 ) ) ;
#2183 = UNCERTAINTY_MEASURE_WITH_UNIT (LENGTH_MEASURE( 1.000000000000000082E-05 ), #3099, 'distance_accuracy_value', 'NONE');
#2184 = ADVANCED_FACE ( 'NONE', ( #781 ), #2893, .T. ) ;
#2185 = LENGTH_MEASURE_WITH_UNIT ( LENGTH_MEASURE( 0.02539999999999999897 ), #1102 );
#2186 = CIRCLE ( 'NONE', #2785, 0.05511811023622047861 ) ;
#2187 = DIRECTION ( 'NONE',  ( -6.982962677686266711E-15, 0.0000000000000000000, -1.000000000000000000 ) ) ;
#2188 = ORIENTED_EDGE ( 'NONE', *, *, #2738, .F. ) ;
#2189 = CARTESIAN_POINT ( 'NONE',  ( -7.603339271794982922E-16, 0.0000000000000000000, -0.02485490602136037827 ) ) ;
#2190 = PRESENTATION_LAYER_ASSIGNMENT (  '', '', ( #2673 ) ) ;
#2191 = CARTESIAN_POINT ( 'NONE',  ( 0.2066929133858265433, -0.4832426585547244247, 0.04404273177391376110 ) ) ;
#2192 =( CONVERSION_BASED_UNIT ( 'INCH', #2840 ) LENGTH_UNIT ( ) NAMED_UNIT ( #1427 ) );
#2193 = LINE ( 'NONE', #1885, #2412 ) ;
#2194 = ORIENTED_EDGE ( 'NONE', *, *, #2301, .T. ) ;
#2195 = ORIENTED_EDGE ( 'NONE', *, *, #1646, .T. ) ;
#2196 = SURFACE_SIDE_STYLE ('',( #3067 ) ) ;
#2197 = CARTESIAN_POINT ( 'NONE',  ( -0.3045892917293701596, 0.2076771653543307283, 0.06372777114399608145 ) ) ;
#2198 = CARTESIAN_POINT ( 'NONE',  ( -0.05905511811023682334, -0.5116932989045320790, -0.0005315681646356335260 ) ) ;
#2199 = CARTESIAN_POINT ( 'NONE',  ( -5.541440843344312717E-16, 0.0000000000000000000, 0.004672653033757728953 ) ) ;
#2200 = DIRECTION ( 'NONE',  ( -6.982962677686266711E-15, 0.0000000000000000000, -1.000000000000000000 ) ) ;
#2201 = PRESENTATION_STYLE_ASSIGNMENT (( #1086 ) ) ;
#2202 = LINE ( 'NONE', #3320, #3165 ) ;
#2203 = CARTESIAN_POINT ( 'NONE',  ( 0.08988563410875730075, -0.3584978816290338988, -0.004582044512788195981 ) ) ;
#2204 = EDGE_CURVE ( 'NONE', #1920, #60, #209, .T. ) ;
#2205 = PLANE ( 'NONE',  #2902 ) ;
#2206 = LENGTH_MEASURE_WITH_UNIT ( LENGTH_MEASURE( 0.02539999999999999897 ), #589 );
#2207 = DIRECTION ( 'NONE',  ( 6.982962677686265922E-15, 0.0000000000000000000, 1.000000000000000000 ) ) ;
#2208 = EDGE_LOOP ( 'NONE', ( #1881, #916 ) ) ;
#2209 = ORIENTED_EDGE ( 'NONE', *, *, #1503, .T. ) ;
#2210 = CARTESIAN_POINT ( 'NONE',  ( -0.1494762095216541076, -0.3331230356801475612, 0.004672653033758771522 ) ) ;
#2211 = CARTESIAN_POINT ( 'NONE',  ( -6.778579900414713066E-16, 0.0000000000000000000, -0.01304388239931313608 ) ) ;
#2212 = DIRECTION ( 'NONE',  ( -1.000000000000000000, 0.0000000000000000000, 6.969871108835385309E-15 ) ) ;
#2213 = VERTEX_POINT ( 'NONE', #3092 ) ;
#2214 = CARTESIAN_POINT ( 'NONE',  ( -0.5649606299212592830, 6.918772270773432853E-17, 0.1680584798054152451 ) ) ;
#2215 = UNCERTAINTY_MEASURE_WITH_UNIT (LENGTH_MEASURE( 1.000000000000000082E-05 ), #2481, 'distance_accuracy_value', 'NONE');
#2216 = EDGE_CURVE ( 'NONE', #826, #1981, #3051, .T. ) ;
#2217 = DIRECTION ( 'NONE',  ( 0.0000000000000000000, 1.000000000000000000, 0.0000000000000000000 ) ) ;
#2218 = DIRECTION ( 'NONE',  ( -1.000000000000000000, 0.0000000000000000000, 6.991006526541811099E-15 ) ) ;
#2219 = ADVANCED_FACE ( 'NONE', ( #3332 ), #1379, .T. ) ;
#2220 = VECTOR ( 'NONE', #1297, 39.37007874015748143 ) ;
#2221 = DIRECTION ( 'NONE',  ( 1.000000000000000000, 0.0000000000000000000, -7.004355167151636431E-15 ) ) ;
#2222 = ORIENTED_EDGE ( 'NONE', *, *, #2410, .T. ) ;
#2223 = CARTESIAN_POINT ( 'NONE',  ( -0.09435809928543364977, -0.3527189294792126284, 0.004672653033758377740 ) ) ;
#2224 = ADVANCED_FACE ( 'NONE', ( #2496 ), #1686, .T. ) ;
#2225 = EDGE_CURVE ( 'NONE', #920, #121, #2799, .T. ) ;
#2226 = COLOUR_RGB ( '',1.000000000000000000, 1.000000000000000000, 1.000000000000000000 ) ;
#2227 = LINE ( 'NONE', #1403, #2080 ) ;
#2228 = SURFACE_STYLE_USAGE ( .BOTH. , #2467 ) ;
#2229 = FACE_OUTER_BOUND ( 'NONE', #1401, .T. ) ;
#2230 = B_SPLINE_CURVE_WITH_KNOTS ( 'NONE', 3,
 ( #238, #569, #1338, #2198, #2812, #257, #2457, #3315, #2508, #815, #3049, #3563, #9, #306 ),
 .UNSPECIFIED., .F., .F.,
 ( 4, 2, 2, 2, 2, 2, 4 ),
 ( 0.0000000000000000000, 0.2500000000000057732, 0.3750000000000065503, 0.5000000000000073275, 0.6250000000000081046, 0.7500000000000087708, 1.000000000000000000 ),
 .UNSPECIFIED. ) ;
#2231 = VERTEX_POINT ( 'NONE', #799 ) ;
#2232 = DIRECTION ( 'NONE',  ( -6.982962677686265922E-15, 0.0000000000000000000, -1.000000000000000000 ) ) ;
#2233 = PLANE ( 'NONE',  #3588 ) ;
#2234 = AXIS2_PLACEMENT_3D ( 'NONE', #2143, #1036, #817 ) ;
#2235 = CARTESIAN_POINT ( 'NONE',  ( -0.05905511811023698293, -0.4468737351637795396, -0.02485490602135996541 ) ) ;
#2236 = ORIENTED_EDGE ( 'NONE', *, *, #1418, .F. ) ;
#2237 = LINE ( 'NONE', #853, #2162 ) ;
#2238 = AXIS2_PLACEMENT_3D ( 'NONE', #2909, #3383, #2014 ) ;
#2239 = AXIS2_PLACEMENT_3D ( 'NONE', #1329, #1293, #2653 ) ;
#2240 = DIRECTION ( 'NONE',  ( -6.982962677686265922E-15, 0.0000000000000000000, -1.000000000000000000 ) ) ;
#2241 = VECTOR ( 'NONE', #2056, 39.37007874015748143 ) ;
#2242 = DIMENSIONAL_EXPONENTS ( 1.000000000000000000, 0.0000000000000000000, 0.0000000000000000000, 0.0000000000000000000, 0.0000000000000000000, 0.0000000000000000000, 0.0000000000000000000 ) ;
#2243 = AXIS2_PLACEMENT_3D ( 'NONE', #1603, #3546, #777 ) ;
#2244 = CARTESIAN_POINT ( 'NONE',  ( 0.05905511811023565760, -0.5472074163082828457, 0.004181479700158139030 ) ) ;
#2245 = ORIENTED_EDGE ( 'NONE', *, *, #3074, .T. ) ;
#2246 = ADVANCED_FACE ( 'NONE', ( #2764 ), #2532, .T. ) ;
#2247 = AXIS2_PLACEMENT_3D ( 'NONE', #3394, #3469, #1445 ) ;
#2248 =( CONVERSION_BASED_UNIT ( 'INCH', #3344 ) LENGTH_UNIT ( ) NAMED_UNIT ( #2345 ) );
#2249 = PLANE ( 'NONE',  #1589 ) ;
#2250 = VERTEX_POINT ( 'NONE', #3016 ) ;
#2251 = CARTESIAN_POINT ( 'NONE',  ( -0.05905511811023683721, -0.5413255353492099076, -0.0006460268884391071791 ) ) ;
#2252 = AXIS2_PLACEMENT_3D ( 'NONE', #117, #474, #1879 ) ;
#2253 = FACE_OUTER_BOUND ( 'NONE', #3199, .T. ) ;
#2254 = ORIENTED_EDGE ( 'NONE', *, *, #2225, .T. ) ;
#2255 = VERTEX_POINT ( 'NONE', #1701 ) ;
#2256 = CARTESIAN_POINT ( 'NONE',  ( 0.4153543307086612901, 0.0000000000000000000, 0.06372777114399104381 ) ) ;
#2257 = EDGE_CURVE ( 'NONE', #169, #1054, #2009, .T. ) ;
#2258 = LENGTH_MEASURE_WITH_UNIT ( LENGTH_MEASURE( 0.02539999999999999897 ), #1197 );
#2259 = ORIENTED_EDGE ( 'NONE', *, *, #1754, .T. ) ;
#2260 = FILL_AREA_STYLE ('',( #623 ) ) ;
#2261 = CARTESIAN_POINT ( 'NONE',  ( -6.778579900414713066E-16, 0.0000000000000000000, -0.01304388239931313608 ) ) ;
#2262 = VERTEX_POINT ( 'NONE', #856 ) ;
#2263 = CARTESIAN_POINT ( 'NONE',  ( -0.2066929133858267931, -0.4832426585547244247, 0.08734981838808988930 ) ) ;
#2264 = FACE_OUTER_BOUND ( 'NONE', #349, .T. ) ;
#2265 = EDGE_CURVE ( 'NONE', #1924, #2348, #2179, .T. ) ;
#2266 = DIRECTION ( 'NONE',  ( -6.982962677686266711E-15, 0.0000000000000000000, -1.000000000000000000 ) ) ;
#2267 = ORIENTED_EDGE ( 'NONE', *, *, #558, .F. ) ;
#2268 = DIRECTION ( 'NONE',  ( -1.000000000000000000, 0.0000000000000000000, 6.969871108835385309E-15 ) ) ;
#2269 = EDGE_CURVE ( 'NONE', #636, #1762, #512, .T. ) ;
#2270 = CARTESIAN_POINT ( 'NONE',  ( -0.03777597880301912514, -0.3696050488853731553, -0.005837272759229254239 ) ) ;
#2271 = ORIENTED_EDGE ( 'NONE', *, *, #2913, .T. ) ;
#2272 = ORIENTED_EDGE ( 'NONE', *, *, #1253, .F. ) ;
#2273 = CARTESIAN_POINT ( 'NONE',  ( 0.2066929133858265433, -0.4832426585547244247, 0.04404273177391376110 ) ) ;
#2274 = CARTESIAN_POINT ( 'NONE',  ( 1.331553918157918670E-16, 0.0000000000000000000, 0.1030978498841514379 ) ) ;
#2275 = EDGE_LOOP ( 'NONE', ( #575, #871, #1014, #1468 ) ) ;
#2276 = FACE_BOUND ( 'NONE', #2962, .T. ) ;
#2277 = DIRECTION ( 'NONE',  ( 6.982962677686266711E-15, 0.0000000000000000000, 1.000000000000000000 ) ) ;
#2278 = LENGTH_MEASURE_WITH_UNIT ( LENGTH_MEASURE( 0.02539999999999999897 ), #838 );
#2279 =( NAMED_UNIT ( * ) PLANE_ANGLE_UNIT ( ) SI_UNIT ( $, .RADIAN. ) );
#2280 = CARTESIAN_POINT ( 'NONE',  ( 0.1612872331437001372, -0.4779796453935034606, -0.007138370588290639078 ) ) ;
#2281 = CARTESIAN_POINT ( 'NONE',  ( 0.05905511811023636537, -0.5222623100665354512, 0.1050663538211589199 ) ) ;
#2282 = EDGE_LOOP ( 'NONE', ( #290, #2090, #1176, #1792 ) ) ;
#2283 = DIRECTION ( 'NONE',  ( -6.982962677686266711E-15, 0.0000000000000000000, -1.000000000000000000 ) ) ;
#2284 = VECTOR ( 'NONE', #1518, 39.37007874015748143 ) ;
#2285 = CYLINDRICAL_SURFACE ( 'NONE', #2071, 0.3139763779527559029 ) ;
#2286 = CARTESIAN_POINT ( 'NONE',  ( -0.03537547785078715146, -0.3674325036386094645, -0.004196428285817167120 ) ) ;
#2287 = TOROIDAL_SURFACE ( 'NONE', #2825, 0.3769330499553151248, 0.01181102362204724393 ) ;
#2288 = ORIENTED_EDGE ( 'NONE', *, *, #1958, .T. ) ;
#2289 = EDGE_CURVE ( 'NONE', #2593, #2213, #3076, .T. ) ;
#2290 = ORIENTED_EDGE ( 'NONE', *, *, #258, .T. ) ;
#2291 = CARTESIAN_POINT ( 'NONE',  ( 0.3045892917293698821, 0.2076771653543307283, 0.06372777114399182097 ) ) ;
#2292 = EDGE_CURVE ( 'NONE', #2262, #106, #1120, .T. ) ;
#2293 = LINE ( 'NONE', #2588, #3073 ) ;
#2294 = EDGE_CURVE ( 'NONE', #2295, #2507, #186, .T. ) ;
#2295 = VERTEX_POINT ( 'NONE', #3143 ) ;
#2296 = DIRECTION ( 'NONE',  ( 1.000000000000000000, 0.0000000000000000000, -6.982962677686265922E-15 ) ) ;
#2297 = MECHANICAL_DESIGN_GEOMETRIC_PRESENTATION_REPRESENTATION (  '', ( #2831 ), #1718 ) ;
#2298 = CARTESIAN_POINT ( 'NONE',  ( 2.293773184768231202E-16, 0.0000000000000000000, 0.1168773774432065593 ) ) ;
#2299 = LINE ( 'NONE', #3415, #2108 ) ;
#2300 = CIRCLE ( 'NONE', #1068, 0.5162692607295276126 ) ;
#2301 = EDGE_CURVE ( 'NONE', #975, #1143, #3129, .T. ) ;
#2302 =( GEOMETRIC_REPRESENTATION_CONTEXT ( 3 ) GLOBAL_UNCERTAINTY_ASSIGNED_CONTEXT ( ( #2215 ) ) GLOBAL_UNIT_ASSIGNED_CONTEXT ( ( #2481, #1735, #802 ) ) REPRESENTATION_CONTEXT ( 'NONE', 'WORKASPACE' ) );
#2303 = AXIS2_PLACEMENT_3D ( 'NONE', #260, #293, #1100 ) ;
#2304 = DIRECTION ( 'NONE',  ( -0.4111999806667108737, -0.9115451584533245111, 2.870256807225850725E-15 ) ) ;
#2305 = DIRECTION ( 'NONE',  ( -1.000000000000000000, 0.0000000000000000000, 6.982962677686265922E-15 ) ) ;
#2306 = EDGE_LOOP ( 'NONE', ( #2002, #1281, #84, #2254 ) ) ;
#2307 = DIRECTION ( 'NONE',  ( -1.000000000000000000, 0.0000000000000000000, 6.991006526541811099E-15 ) ) ;
#2308 = COLOUR_RGB ( '',1.000000000000000000, 1.000000000000000000, 1.000000000000000000 ) ;
#2309 = CARTESIAN_POINT ( 'NONE',  ( 2.318747563175614898E-17, 0.0000000000000000000, 0.08734981838808843213 ) ) ;
#2310 = CARTESIAN_POINT ( 'NONE',  ( -0.03315875650140049508, -0.3653946760187408715, -0.001614908721134831505 ) ) ;
#2311 = CIRCLE ( 'NONE', #2539, 0.5044582371074803895 ) ;
#2312 = ORIENTED_EDGE ( 'NONE', *, *, #1705, .T. ) ;
#2313 = ORIENTED_EDGE ( 'NONE', *, *, #3306, .F. ) ;
#2314 = DIRECTION ( 'NONE',  ( -6.982962677686266711E-15, 0.0000000000000000000, -1.000000000000000000 ) ) ;
#2315 = ADVANCED_FACE ( 'NONE', ( #2553 ), #2907, .F. ) ;
#2316 =( CONVERSION_BASED_UNIT ( 'INCH', #2258 ) LENGTH_UNIT ( ) NAMED_UNIT ( #1788 ) );
#2317 = VERTEX_POINT ( 'NONE', #1789 ) ;
#2318 = ORIENTED_EDGE ( 'NONE', *, *, #2140, .T. ) ;
#2319 = ADVANCED_FACE ( 'NONE', ( #1983 ), #2568, .T. ) ;
#2320 = CARTESIAN_POINT ( 'NONE',  ( -0.2066929133858268208, -0.4784881838444321467, 0.07334129570245603857 ) ) ;
#2321 = CARTESIAN_POINT ( 'NONE',  ( 0.3597074019655903676, 0.2076771653543307283, 0.06372777114399144627 ) ) ;
#2322 =( LENGTH_UNIT ( ) NAMED_UNIT ( * ) SI_UNIT ( $, .METRE. ) );
#2323 = ADVANCED_FACE ( 'NONE', ( #1210 ), #2335, .F. ) ;
#2324 = CYLINDRICAL_SURFACE ( 'NONE', #1423, 0.5905511811023621549 ) ;
#2325 = DIRECTION ( 'NONE',  ( 6.982962677686266711E-15, 0.0000000000000000000, 1.000000000000000000 ) ) ;
#2326 = DIRECTION ( 'NONE',  ( -6.982962677686266711E-15, 0.0000000000000000000, -1.000000000000000000 ) ) ;
#2327 = EDGE_CURVE ( 'NONE', #28, #2644, #908, .T. ) ;
#2328 = ORIENTED_EDGE ( 'NONE', *, *, #85, .F. ) ;
#2329 = DIRECTION ( 'NONE',  ( -6.982962677686266711E-15, 0.0000000000000000000, -1.000000000000000000 ) ) ;
#2330 = CARTESIAN_POINT ( 'NONE',  ( 0.09435809928543278935, -0.3527189294792126284, 0.04404273177391454519 ) ) ;
#2331 =( CONVERSION_BASED_UNIT ( 'INCH', #2607 ) LENGTH_UNIT ( ) NAMED_UNIT ( #3161 ) );
#2332 = ORIENTED_EDGE ( 'NONE', *, *, #775, .F. ) ;
#2333 = ORIENTED_EDGE ( 'NONE', *, *, #2301, .F. ) ;
#2334 = CARTESIAN_POINT ( 'NONE',  ( -0.1612872331437014417, -0.4779796453935034606, -0.007138370588288385672 ) ) ;
#2335 = PLANE ( 'NONE',  #2125 ) ;
#2336 = VERTEX_POINT ( 'NONE', #944 ) ;
#2337 = SURFACE_STYLE_USAGE ( .BOTH. , #2079 ) ;
#2338 = DIRECTION ( 'NONE',  ( -6.982962677686266711E-15, 0.0000000000000000000, -1.000000000000000000 ) ) ;
#2339 = CYLINDRICAL_SURFACE ( 'NONE', #543, 0.3651220263332677907 ) ;
#2340 = EDGE_CURVE ( 'NONE', #975, #1840, #3442, .T. ) ;
#2341 = CARTESIAN_POINT ( 'NONE',  ( -0.1525590551181101040, 0.3597074019655905341, 0.1030978498841524926 ) ) ;
#2342 = CARTESIAN_POINT ( 'NONE',  ( -0.08873844809907224795, -0.5028813952041081281, -0.005586954358630854926 ) ) ;
#2343 = ORIENTED_EDGE ( 'NONE', *, *, #2130, .F. ) ;
#2344 = CARTESIAN_POINT ( 'NONE',  ( 0.3597074019655906452, -0.2076771653543307283, 0.1030978498841489260 ) ) ;
#2345 = DIMENSIONAL_EXPONENTS ( 1.000000000000000000, 0.0000000000000000000, 0.0000000000000000000, 0.0000000000000000000, 0.0000000000000000000, 0.0000000000000000000, 0.0000000000000000000 ) ;
#2346 = CARTESIAN_POINT ( 'NONE',  ( 6.442544420076955555E-17, 0.0000000000000000000, 0.09325533019911207144 ) ) ;
#2347 = LINE ( 'NONE', #2089, #1665 ) ;
#2348 = VERTEX_POINT ( 'NONE', #1173 ) ;
#2349 = ORIENTED_EDGE ( 'NONE', *, *, #1697, .F. ) ;
#2350 = COLOUR_RGB ( '',1.000000000000000000, 1.000000000000000000, 1.000000000000000000 ) ;
#2351 = AXIS2_PLACEMENT_3D ( 'NONE', #1258, #132, #2892 ) ;
#2352 = DIRECTION ( 'NONE',  ( 0.6583072100313249742, -0.7527493721158279305, -4.595113909719128364E-15 ) ) ;
#2353 = AXIS2_PLACEMENT_3D ( 'NONE', #2344, #2408, #3490 ) ;
#2354 = CARTESIAN_POINT ( 'NONE',  ( 0.05905511811023563679, -0.4468737351637795396, -0.001232858777266301539 ) ) ;
#2355 = CARTESIAN_POINT ( 'NONE',  ( 0.3602362204724410821, 0.0000000000000000000, 0.1030978498841489260 ) ) ;
#2356 = TOROIDAL_SURFACE ( 'NONE', #552, 0.5019685039370078705, 0.02362204724409448786 ) ;
#2357 = LINE ( 'NONE', #3468, #3187 ) ;
#2358 = CARTESIAN_POINT ( 'NONE',  ( -0.09386218263643134052, -0.3533656692414826606, 0.001249333216086077241 ) ) ;
#2359 = AXIS2_PLACEMENT_3D ( 'NONE', #249, #3558, #1042 ) ;
#2360 = LINE ( 'NONE', #1070, #1935 ) ;
#2361 = VERTEX_POINT ( 'NONE', #3388 ) ;
#2362 = CARTESIAN_POINT ( 'NONE',  ( -0.05905511811023685803, -0.5009896266500000195, -0.007138370588289102980 ) ) ;
#2363 = VECTOR ( 'NONE', #1531, 39.37007874015748143 ) ;
#2364 = CARTESIAN_POINT ( 'NONE',  ( -7.603339271794982922E-16, 0.0000000000000000000, -0.02485490602136037827 ) ) ;
#2365 = DIRECTION ( 'NONE',  ( -6.982962677686265922E-15, 0.0000000000000000000, -1.000000000000000000 ) ) ;
#2366 = ORIENTED_EDGE ( 'NONE', *, *, #3533, .T. ) ;
#2367 = ORIENTED_EDGE ( 'NONE', *, *, #2613, .F. ) ;
#2368 = DIRECTION ( 'NONE',  ( -6.982962677686266711E-15, 0.0000000000000000000, -1.000000000000000000 ) ) ;
#2369 = VECTOR ( 'NONE', #470, 39.37007874015748143 ) ;
#2370 = MECHANICAL_DESIGN_GEOMETRIC_PRESENTATION_REPRESENTATION (  '', ( #3473 ), #1137 ) ;
#2371 = DIRECTION ( 'NONE',  ( 1.000000000000000000, 0.0000000000000000000, -6.982962677686265922E-15 ) ) ;
#2372 = AXIS2_PLACEMENT_3D ( 'NONE', #3364, #860, #822 ) ;
#2373 = CARTESIAN_POINT ( 'NONE',  ( -0.2066929133858269596, -0.4581953631854330244, 0.05979076326997966734 ) ) ;
#2374 = CARTESIAN_POINT ( 'NONE',  ( -0.08254707566338649605, -0.4976586111834646053, -0.007138370588288932110 ) ) ;
#2375 = CARTESIAN_POINT ( 'NONE',  ( 8.067088784430104916E-16, 0.0000000000000000000, 0.1995545427975372876 ) ) ;
#2376 = CARTESIAN_POINT ( 'NONE',  ( -0.08884584440432140295, -0.3598306554197237550, -0.005341911739147812803 ) ) ;
#2377 = ORIENTED_EDGE ( 'NONE', *, *, #2022, .T. ) ;
#2378 = DIRECTION ( 'NONE',  ( -6.982962677686266711E-15, 0.0000000000000000000, -1.000000000000000000 ) ) ;
#2379 =( CONVERSION_BASED_UNIT ( 'INCH', #3003 ) LENGTH_UNIT ( ) NAMED_UNIT ( #547 ) );
#2380 = CARTESIAN_POINT ( 'NONE',  ( 0.1525590551181101040, 0.3597074019655905341, 0.06372777114399288956 ) ) ;
#2381 = ORIENTED_EDGE ( 'NONE', *, *, #762, .T. ) ;
#2382 = ORIENTED_EDGE ( 'NONE', *, *, #204, .F. ) ;
#2383 = DIRECTION ( 'NONE',  ( 1.000000000000000000, 0.0000000000000000000, -7.124757133476171544E-15 ) ) ;
#2384 = EDGE_CURVE ( 'NONE', #2068, #1967, #2293, .T. ) ;
#2385 = DIRECTION ( 'NONE',  ( 6.982962677686266711E-15, 0.0000000000000000000, 1.000000000000000000 ) ) ;
#2386 =( CONVERSION_BASED_UNIT ( 'INCH', #1312 ) LENGTH_UNIT ( ) NAMED_UNIT ( #1667 ) );
#2387 = DIRECTION ( 'NONE',  ( 0.3370823848858940375, 0.9414751541063831608, -2.353833712963675433E-15 ) ) ;
#2388 = CARTESIAN_POINT ( 'NONE',  ( -2.792242938743420261E-16, 0.0000000000000000000, 0.04404273177391521132 ) ) ;
#2389 = ORIENTED_EDGE ( 'NONE', *, *, #3074, .F. ) ;
#2390 = DIRECTION ( 'NONE',  ( -1.000000000000000000, 0.0000000000000000000, 6.996718019773122999E-15 ) ) ;
#2391 = ORIENTED_EDGE ( 'NONE', *, *, #2793, .T. ) ;
#2392 = DIRECTION ( 'NONE',  ( -1.000000000000000000, 0.0000000000000000000, 6.969871108835385309E-15 ) ) ;
#2393 = CARTESIAN_POINT ( 'NONE',  ( 0.4704724409448817757, 6.750021727583837212E-18, 0.06372777114399066911 ) ) ;
#2394 = ORIENTED_EDGE ( 'NONE', *, *, #3363, .F. ) ;
#2395 = EDGE_LOOP ( 'NONE', ( #1580, #1377, #1550, #2823, #1219, #1976, #2194, #1623, #48, #758, #1690, #179, #66, #3611, #581, #1170 ) ) ;
#2396 = SURFACE_STYLE_USAGE ( .BOTH. , #1858 ) ;
#2397 = ADVANCED_FACE ( 'NONE', ( #927 ), #496, .T. ) ;
#2398 = MECHANICAL_DESIGN_GEOMETRIC_PRESENTATION_REPRESENTATION (  '', ( #253 ), #1230 ) ;
#2399 = LINE ( 'NONE', #2630, #33 ) ;
#2400 = EDGE_CURVE ( 'NONE', #1083, #1563, #1844, .T. ) ;
#2401 = AXIS2_PLACEMENT_3D ( 'NONE', #1626, #1950, #2742 ) ;
#2402 = EDGE_CURVE ( 'NONE', #2152, #3458, #2124, .T. ) ;
#2403 = DIRECTION ( 'NONE',  ( -6.982962677686266711E-15, 0.0000000000000000000, -1.000000000000000000 ) ) ;
#2404 = LINE ( 'NONE', #2745, #2063 ) ;
#2405 = CARTESIAN_POINT ( 'NONE',  ( 0.4153543307086612901, 0.0000000000000000000, 0.06372777114399104381 ) ) ;
#2406 = DIRECTION ( 'NONE',  ( 0.08590545362670662377, -0.9963032936998600375, -5.991456262295449174E-16 ) ) ;
#2407 = ORIENTED_EDGE ( 'NONE', *, *, #1343, .F. ) ;
#2408 = DIRECTION ( 'NONE',  ( -6.982962677686266711E-15, 0.0000000000000000000, -1.000000000000000000 ) ) ;
#2409 = CIRCLE ( 'NONE', #3573, 0.3769330499553149583 ) ;
#2410 = EDGE_CURVE ( 'NONE', #1598, #3489, #2923, .T. ) ;
#2411 = PLANE ( 'NONE',  #1906 ) ;
#2412 = VECTOR ( 'NONE', #2207, 39.37007874015748143 ) ;
#2413 = DIRECTION ( 'NONE',  ( 1.000000000000000000, 0.0000000000000000000, -6.969871108835386098E-15 ) ) ;
#2414 = PLANE ( 'NONE',  #1777 ) ;
#2415 = EDGE_LOOP ( 'NONE', ( #1698, #1451 ) ) ;
#2416 = ORIENTED_EDGE ( 'NONE', *, *, #2925, .F. ) ;
#2417 = CARTESIAN_POINT ( 'NONE',  ( -6.778579900414713066E-16, 0.0000000000000000000, -0.01304388239931313608 ) ) ;
#2418 = STYLED_ITEM ( 'NONE', ( #697 ), #2172 ) ;
#2419 = VECTOR ( 'NONE', #1683, 39.37007874015748143 ) ;
#2420 = CARTESIAN_POINT ( 'NONE',  ( 2.293773184768231202E-16, 0.0000000000000000000, 0.1168773774432065593 ) ) ;
#2421 = ORIENTED_EDGE ( 'NONE', *, *, #2257, .T. ) ;
#2422 = EDGE_CURVE ( 'NONE', #1013, #1462, #1572, .T. ) ;
#2423 = AXIS2_PLACEMENT_3D ( 'NONE', #824, #574, #42 ) ;
#2424 = ORIENTED_CLOSED_SHELL ( 'NONE', *, #1875, .F. );
#2425 =( GEOMETRIC_REPRESENTATION_CONTEXT ( 3 ) GLOBAL_UNCERTAINTY_ASSIGNED_CONTEXT ( ( #2676 ) ) GLOBAL_UNIT_ASSIGNED_CONTEXT ( ( #57, #2620, #1755 ) ) REPRESENTATION_CONTEXT ( 'NONE', 'WORKASPACE' ) );
#2426 = LINE ( 'NONE', #3018, #2113 ) ;
#2427 = ADVANCED_FACE ( 'NONE', ( #745 ), #2106, .T. ) ;
#2428 = DIRECTION ( 'NONE',  ( -0.4117647058824026041, -0.9112901991076051145, 2.874198700392946093E-15 ) ) ;
#2429 = VERTEX_POINT ( 'NONE', #3511 ) ;
#2430 = CARTESIAN_POINT ( 'NONE',  ( 0.09092430019105013361, -0.3571627941500658543, -0.003668895121944732232 ) ) ;
#2431 = PLANE ( 'NONE',  #336 ) ;
#2432 = EDGE_CURVE ( 'NONE', #2152, #736, #3233, .T. ) ;
#2433 = CARTESIAN_POINT ( 'NONE',  ( 0.03745696536422454120, -0.3693202279531945242, -0.005667144803596559782 ) ) ;
#2434 = LINE ( 'NONE', #195, #557 ) ;
#2435 = DIRECTION ( 'NONE',  ( -6.982962677686265922E-15, 0.0000000000000000000, -1.000000000000000000 ) ) ;
#2436 = ORIENTED_EDGE ( 'NONE', *, *, #3564, .F. ) ;
#2437 = CARTESIAN_POINT ( 'NONE',  ( -0.05905511811023698293, -0.4995521274387026978, -0.02089584595457232713 ) ) ;
#2438 = CARTESIAN_POINT ( 'NONE',  ( 0.09435809928543278935, -0.3527189294792126284, 0.04404273177391454519 ) ) ;
#2439 = CARTESIAN_POINT ( 'NONE',  ( 0.2076771653543305896, 0.3597074019655905341, 0.06372777114399250098 ) ) ;
#2440 = CARTESIAN_POINT ( 'NONE',  ( -0.04317699692330771027, -0.4240017862688977845, -0.007138370588289205329 ) ) ;
#2441 = FACE_OUTER_BOUND ( 'NONE', #2990, .T. ) ;
#2442 = UNCERTAINTY_MEASURE_WITH_UNIT (LENGTH_MEASURE( 1.000000000000000082E-05 ), #2316, 'distance_accuracy_value', 'NONE');
#2443 = DIRECTION ( 'NONE',  ( 0.0000000000000000000, 1.000000000000000000, 0.0000000000000000000 ) ) ;
#2444 = EDGE_CURVE ( 'NONE', #44, #595, #732, .T. ) ;
#2445 = DIRECTION ( 'NONE',  ( -1.000000000000000000, 0.0000000000000000000, 6.982962677686265922E-15 ) ) ;
#2446 = EDGE_LOOP ( 'NONE', ( #1005, #2318 ) ) ;
#2447 = CARTESIAN_POINT ( 'NONE',  ( 0.09040311362873763856, -0.3578335318288621836, -0.004150548822648075092 ) ) ;
#2448 = EDGE_CURVE ( 'NONE', #2250, #2712, #2781, .T. ) ;
#2449 = PRODUCT_DEFINITION_SHAPE ( 'NONE', 'NONE',  #1168 ) ;
#2450 =( NAMED_UNIT ( * ) PLANE_ANGLE_UNIT ( ) SI_UNIT ( $, .RADIAN. ) );
#2451 = DIRECTION ( 'NONE',  ( -1.000000000000000000, 0.0000000000000000000, 6.982962677686265922E-15 ) ) ;
#2452 = LINE ( 'NONE', #2755, #437 ) ;
#2453 = VERTEX_POINT ( 'NONE', #1874 ) ;
#2454 = ORIENTED_EDGE ( 'NONE', *, *, #3533, .F. ) ;
#2455 =( NAMED_UNIT ( * ) SI_UNIT ( $, .STERADIAN. ) SOLID_ANGLE_UNIT ( ) );
#2456 = LINE ( 'NONE', #3314, #1195 ) ;
#2457 = CARTESIAN_POINT ( 'NONE',  ( -0.05905511811023683721, -0.5099294958108269160, -0.003145228345428813070 ) ) ;
#2458 = EDGE_CURVE ( 'NONE', #2086, #279, #384, .T. ) ;
#2459 = DIRECTION ( 'NONE',  ( -1.000000000000000000, 0.0000000000000000000, 6.982962677686265922E-15 ) ) ;
#2460 = DIRECTION ( 'NONE',  ( -6.982962677686266711E-15, 0.0000000000000000000, -1.000000000000000000 ) ) ;
#2461 = VECTOR ( 'NONE', #23, 39.37007874015748143 ) ;
#2462 = VECTOR ( 'NONE', #1357, 39.37007874015748143 ) ;
#2463 = ORIENTED_EDGE ( 'NONE', *, *, #1157, .T. ) ;
#2464 = CARTESIAN_POINT ( 'NONE',  ( 0.09001053177925738558, -0.3583377139631968578, -0.004482027233626352178 ) ) ;
#2465 = VECTOR ( 'NONE', #1842, 39.37007874015748143 ) ;
#2466 = CARTESIAN_POINT ( 'NONE',  ( 5.867730460749391543E-16, 0.0000000000000000000, 0.1680584798054112761 ) ) ;
#2467 = SURFACE_SIDE_STYLE ('',( #3379 ) ) ;
#2468 = AXIS2_PLACEMENT_3D ( 'NONE', #1040, #3612, #1905 ) ;
#2469 = CARTESIAN_POINT ( 'NONE',  ( 0.5905511811023624880, 7.232166136696968827E-17, 0.1168773774432024237 ) ) ;
#2470 = ORIENTED_EDGE ( 'NONE', *, *, #1932, .T. ) ;
#2471 = CARTESIAN_POINT ( 'NONE',  ( -0.1525590551181103816, 0.3597074019655905341, 0.06372777114399501286 ) ) ;
#2472 = EDGE_CURVE ( 'NONE', #235, #236, #2399, .T. ) ;
#2473 = CARTESIAN_POINT ( 'NONE',  ( -2.792242938743420261E-16, 0.0000000000000000000, 0.04404273177391521132 ) ) ;
#2474 = DIRECTION ( 'NONE',  ( -1.000000000000000000, 0.0000000000000000000, 7.124757133476171544E-15 ) ) ;
#2475 = LINE ( 'NONE', #778, #3453 ) ;
#2476 = CIRCLE ( 'NONE', #2953, 0.02362204724409448786 ) ;
#2477 = AXIS2_PLACEMENT_3D ( 'NONE', #1931, #3357, #12 ) ;
#2478 = DIRECTION ( 'NONE',  ( 0.3665502251444985315, -0.9303982655005960112, -2.559627206523866525E-15 ) ) ;
#2479 = EDGE_CURVE ( 'NONE', #1513, #1660, #1073, .T. ) ;
#2480 = CYLINDRICAL_SURFACE ( 'NONE', #550, 0.5649606299212598381 ) ;
#2481 =( CONVERSION_BASED_UNIT ( 'INCH', #2185 ) LENGTH_UNIT ( ) NAMED_UNIT ( #1530 ) );
#2482 = CIRCLE ( 'NONE', #1847, 0.05511811023622047861 ) ;
#2483 = B_SPLINE_CURVE_WITH_KNOTS ( 'NONE', 3,
 ( #2601, #2858, #1520, #2358, #973, #100, #3449, #2065, #1460, #78, #1182, #917, #2084, #411, #2027, #135, #1239, #2376, #2657, #3487, #3219, #990, #159, #2098, #716, #1831, #424 ),
 .UNSPECIFIED., .F., .F.,
 ( 4, 2, 2, 2, 2, 2, 1, 2, 2, 2, 1, 1, 2, 2, 4 ),
 ( 0.0000000000000000000, 0.1250000000000012768, 0.1875000000000004163, 0.2187499999999983347, 0.2499999999999962808, 0.3749999999999860112, 0.4374999999999830136, 0.4687499999999810707, 0.4999999999999791278, 0.6249999999999782396, 0.6874999999999753530, 0.7187499999999733546, 0.7343749999999723554, 0.7499999999999712452, 1.000000000000000000 ),
 .UNSPECIFIED. ) ;
#2484 = ORIENTED_EDGE ( 'NONE', *, *, #3601, .T. ) ;
#2485 = CARTESIAN_POINT ( 'NONE',  ( 0.09332527520442211733, -0.3540627831786894997, -0.0001662764084059952256 ) ) ;
#2486 = DIRECTION ( 'NONE',  ( -0.6583072100313249742, -0.7527493721158279305, 4.595113909719128364E-15 ) ) ;
#2487 = CARTESIAN_POINT ( 'NONE',  ( 5.867730460749391543E-16, 0.0000000000000000000, 0.1680584798054112761 ) ) ;
#2488 = ORIENTED_EDGE ( 'NONE', *, *, #3460, .T. ) ;
#2489 = ORIENTED_EDGE ( 'NONE', *, *, #532, .F. ) ;
#2490 = SURFACE_STYLE_USAGE ( .BOTH. , #2196 ) ;
#2491 = CARTESIAN_POINT ( 'NONE',  ( 1.469013813387963317E-16, 0.0000000000000000000, 0.1050663538211593084 ) ) ;
#2492 = CARTESIAN_POINT ( 'NONE',  ( -0.4148255122018111307, 0.2076771653543307283, 0.06372777114399685860 ) ) ;
#2493 = ADVANCED_FACE ( 'NONE', ( #761 ), #2649, .T. ) ;
#2494 = EDGE_LOOP ( 'NONE', ( #1392, #3242, #1638, #462 ) ) ;
#2495 = DIRECTION ( 'NONE',  ( 0.3932584269662917076, -0.9194279795720803339, -2.761263959888176899E-15 ) ) ;
#2496 = FACE_OUTER_BOUND ( 'NONE', #1155, .T. ) ;
#2497 = VERTEX_POINT ( 'NONE', #3531 ) ;
#2498 =( NAMED_UNIT ( * ) PLANE_ANGLE_UNIT ( ) SI_UNIT ( $, .RADIAN. ) );
#2499 = ORIENTED_EDGE ( 'NONE', *, *, #2292, .T. ) ;
#2500 = LINE ( 'NONE', #1650, #434 ) ;
#2501 = CARTESIAN_POINT ( 'NONE',  ( -0.1959397827606509102, -0.3090226165759639709, 9.682172228056796983E-05 ) ) ;
#2502 = CARTESIAN_POINT ( 'NONE',  ( 0.1494762095216529973, -0.4941566678305581162, 0.004672653033756686385 ) ) ;
#2503 = EDGE_LOOP ( 'NONE', ( #1211, #1961, #1988, #996 ) ) ;
#2504 = ORIENTED_EDGE ( 'NONE', *, *, #2384, .F. ) ;
#2505 = CARTESIAN_POINT ( 'NONE',  ( -0.05905511811023693436, -0.5107793317568506408, -0.01729443446549014038 ) ) ;
#2506 = CYLINDRICAL_SURFACE ( 'NONE', #2600, 0.05511811023622047861 ) ;
#2507 = VERTEX_POINT ( 'NONE', #1034 ) ;
#2508 = CARTESIAN_POINT ( 'NONE',  ( -0.05905511811023685803, -0.5083034483910155998, -0.004679720508238669092 ) ) ;
#2509 = EDGE_CURVE ( 'NONE', #2614, #2864, #1274, .T. ) ;
#2510 = DIRECTION ( 'NONE',  ( -6.982962677686266711E-15, 0.0000000000000000000, -1.000000000000000000 ) ) ;
#2511 = EDGE_CURVE ( 'NONE', #2102, #1032, #2995, .T. ) ;
#2512 = DIRECTION ( 'NONE',  ( -6.982962677686265922E-15, 0.0000000000000000000, -1.000000000000000000 ) ) ;
#2513 = AXIS2_PLACEMENT_3D ( 'NONE', #1543, #2678, #2970 ) ;
#2514 = PRESENTATION_STYLE_ASSIGNMENT (( #858 ) ) ;
#2515 = EDGE_LOOP ( 'NONE', ( #211, #3348, #2332, #582, #3444, #344 ) ) ;
#2516 = SURFACE_STYLE_USAGE ( .BOTH. , #2788 ) ;
#2517 = FACE_OUTER_BOUND ( 'NONE', #603, .T. ) ;
#2518 = DIMENSIONAL_EXPONENTS ( 1.000000000000000000, 0.0000000000000000000, 0.0000000000000000000, 0.0000000000000000000, 0.0000000000000000000, 0.0000000000000000000, 0.0000000000000000000 ) ;
#2519 = CARTESIAN_POINT ( 'NONE',  ( -1.417643986442973787E-16, 0.0000000000000000000, 0.06372777114399395815 ) ) ;
#2520 = ADVANCED_FACE ( 'NONE', ( #2684 ), #1859, .T. ) ;
#2521 = ORIENTED_EDGE ( 'NONE', *, *, #1664, .F. ) ;
#2522 = CARTESIAN_POINT ( 'NONE',  ( -0.05905511811023678864, -0.5473683529720410057, 0.004314479009477129555 ) ) ;
#2523 = VECTOR ( 'NONE', #2232, 39.37007874015748143 ) ;
#2524 = DIRECTION ( 'NONE',  ( -6.982962677686265922E-15, 0.0000000000000000000, -1.000000000000000000 ) ) ;
#2525 = AXIS2_PLACEMENT_3D ( 'NONE', #921, #666, #2030 ) ;
#2526 = LINE ( 'NONE', #1995, #2530 ) ;
#2527 = ORIENTED_EDGE ( 'NONE', *, *, #2951, .F. ) ;
#2528 = ORIENTED_EDGE ( 'NONE', *, *, #522, .F. ) ;
#2529 = CARTESIAN_POINT ( 'NONE',  ( -5.541440843344312717E-16, 0.0000000000000000000, 0.004672653033757728953 ) ) ;
#2530 = VECTOR ( 'NONE', #1695, 39.37007874015748143 ) ;
#2531 = VECTOR ( 'NONE', #153, 39.37007874015748143 ) ;
#2532 = CYLINDRICAL_SURFACE ( 'NONE', #2303, 0.05511811023622047861 ) ;
#2533 = SURFACE_STYLE_USAGE ( .BOTH. , #3389 ) ;
#2534 = CIRCLE ( 'NONE', #1721, 0.05511811023622047861 ) ;
#2535 = AXIS2_PLACEMENT_3D ( 'NONE', #621, #2851, #385 ) ;
#2536 = ADVANCED_FACE ( 'NONE', ( #185 ), #2126, .T. ) ;
#2537 = EDGE_CURVE ( 'NONE', #1998, #2750, #708, .T. ) ;
#2538 = ORIENTED_EDGE ( 'NONE', *, *, #2096, .F. ) ;
#2539 = AXIS2_PLACEMENT_3D ( 'NONE', #880, #1994, #566 ) ;
#2540 = EDGE_CURVE ( 'NONE', #144, #1143, #2980, .T. ) ;
#2541 = CARTESIAN_POINT ( 'NONE',  ( -0.1849092803877959157, -0.3284616905745356141, -0.007138370588288218271 ) ) ;
#2542 =( NAMED_UNIT ( * ) PLANE_ANGLE_UNIT ( ) SI_UNIT ( $, .RADIAN. ) );
#2543 = DIRECTION ( 'NONE',  ( -6.982962677686265922E-15, 0.0000000000000000000, -1.000000000000000000 ) ) ;
#2544 = ORIENTED_EDGE ( 'NONE', *, *, #577, .F. ) ;
#2545 = FACE_OUTER_BOUND ( 'NONE', #273, .T. ) ;
#2546 = CIRCLE ( 'NONE', #1438, 0.05511811023622047861 ) ;
#2547 = ADVANCED_FACE ( 'NONE', ( #1080 ), #2506, .T. ) ;
#2548 = FACE_OUTER_BOUND ( 'NONE', #107, .T. ) ;
#2549 = CARTESIAN_POINT ( 'NONE',  ( -0.03983802517449221148, -0.3714642681046325112, -0.006675754958827972638 ) ) ;
#2550 = ORIENTED_EDGE ( 'NONE', *, *, #2289, .F. ) ;
#2551 = VERTEX_POINT ( 'NONE', #1625 ) ;
#2552 = DIRECTION ( 'NONE',  ( -1.000000000000000000, 0.0000000000000000000, 6.969871108835385309E-15 ) ) ;
#2553 = FACE_OUTER_BOUND ( 'NONE', #1551, .T. ) ;
#2554 = ORIENTED_EDGE ( 'NONE', *, *, #1544, .T. ) ;
#2555 = LENGTH_MEASURE_WITH_UNIT ( LENGTH_MEASURE( 0.02539999999999999897 ), #1751 );
#2556 = CYLINDRICAL_SURFACE ( 'NONE', #25, 0.05511811023622047168 ) ;
#2557 = EDGE_CURVE ( 'NONE', #2762, #44, #1376, .T. ) ;
#2558 =( LENGTH_UNIT ( ) NAMED_UNIT ( * ) SI_UNIT ( $, .METRE. ) );
#2559 = DIRECTION ( 'NONE',  ( -6.982962677686265922E-15, 0.0000000000000000000, -1.000000000000000000 ) ) ;
#2560 = SURFACE_STYLE_FILL_AREA ( #59 ) ;
#2561 = ORIENTED_EDGE ( 'NONE', *, *, #444, .T. ) ;
#2562 = CARTESIAN_POINT ( 'NONE',  ( -0.1967203040098430833, -0.4773207219098189458, 0.004672653033759099385 ) ) ;
#2563 = CARTESIAN_POINT ( 'NONE',  ( 0.2066929133858267653, -0.4808909555504208844, 0.07738419732556948982 ) ) ;
#2564 = DIRECTION ( 'NONE',  ( -1.000000000000000000, 0.0000000000000000000, 6.969871108835385309E-15 ) ) ;
#2565 = EDGE_LOOP ( 'NONE', ( #1592, #3, #997, #3342, #2810, #413, #1447, #29 ) ) ;
#2566 = VERTEX_POINT ( 'NONE', #2492 ) ;
#2567 = DIRECTION ( 'NONE',  ( -0.1170664165359051601, -0.9931240879766444207, 8.165422328249685323E-16 ) ) ;
#2568 = CYLINDRICAL_SURFACE ( 'NONE', #329, 0.5255905511811024278 ) ;
#2569 = EDGE_CURVE ( 'NONE', #2762, #2614, #214, .T. ) ;
#2570 = EDGE_LOOP ( 'NONE', ( #1126, #2538 ) ) ;
#2571 = DIRECTION ( 'NONE',  ( -6.982962677686266711E-15, 0.0000000000000000000, -1.000000000000000000 ) ) ;
#2572 = CARTESIAN_POINT ( 'NONE',  ( -0.2066929133858269318, -0.4712426581559879257, 0.06713918439285557205 ) ) ;
#2573 = CARTESIAN_POINT ( 'NONE',  ( 0.05905511811023549107, -0.4995981802709515418, -0.02107553101016868338 ) ) ;
#2574 = SURFACE_STYLE_FILL_AREA ( #1216 ) ;
#2575 = PRESENTATION_LAYER_ASSIGNMENT (  '', '', ( #3448 ) ) ;
#2576 = DIRECTION ( 'NONE',  ( -6.982962677686266711E-15, 0.0000000000000000000, -1.000000000000000000 ) ) ;
#2577 = DIRECTION ( 'NONE',  ( 0.0000000000000000000, -1.000000000000000000, 0.0000000000000000000 ) ) ;
#2578 = ORIENTED_EDGE ( 'NONE', *, *, #1725, .F. ) ;
#2579 = CARTESIAN_POINT ( 'NONE',  ( -0.05905511811023641394, -0.5845910862885170811, 0.06263231432664957687 ) ) ;
#2580 = EDGE_CURVE ( 'NONE', #591, #920, #1096, .T. ) ;
#2581 = CIRCLE ( 'NONE', #1115, 0.01181102362204724046 ) ;
#2582 = CARTESIAN_POINT ( 'NONE',  ( 0.2066929133858268486, -0.4832426585547245357, 0.08438156660630437289 ) ) ;
#2583 = CARTESIAN_POINT ( 'NONE',  ( -0.1494762095216541076, -0.3331230356801475612, 0.004672653033758771522 ) ) ;
#2584 = COLOUR_RGB ( '',1.000000000000000000, 1.000000000000000000, 1.000000000000000000 ) ;
#2585 = EDGE_LOOP ( 'NONE', ( #3571, #2561, #1190, #3104 ) ) ;
#2586 = ORIENTED_EDGE ( 'NONE', *, *, #38, .F. ) ;
#2587 = CARTESIAN_POINT ( 'NONE',  ( -0.4153543307086615677, 0.0000000000000000000, 0.06372777114399685860 ) ) ;
#2588 = CARTESIAN_POINT ( 'NONE',  ( -0.2627952755905513249, 0.3597074019655905341, 0.06372777114399579002 ) ) ;
#2589 = CIRCLE ( 'NONE', #2238, 0.05511811023622047861 ) ;
#2590 = ORIENTED_EDGE ( 'NONE', *, *, #163, .F. ) ;
#2591 =( NAMED_UNIT ( * ) PLANE_ANGLE_UNIT ( ) SI_UNIT ( $, .RADIAN. ) );
#2592 = B_SPLINE_CURVE_WITH_KNOTS ( 'NONE', 3,
 ( #3110, #607, #3340, #3080, #1146, #312, #1719, #1955, #2837, #2244, #2856, #351, #572, #1689, #2573, #296, #75, #1180 ),
 .UNSPECIFIED., .F., .F.,
 ( 4, 2, 2, 2, 2, 2, 2, 2, 4 ),
 ( 5.903796921905580903E-17, 0.0005877204226040432487, 0.001175440845208026433, 0.001763161267812010050, 0.002350881690415993451, 0.002938602113019976418, 0.003526322535623960253, 0.004114042958227944087, 0.004701763380831927054 ),
 .UNSPECIFIED. ) ;
#2593 = VERTEX_POINT ( 'NONE', #2438 ) ;
#2594 = COLOUR_RGB ( '',1.000000000000000000, 1.000000000000000000, 1.000000000000000000 ) ;
#2595 = DIRECTION ( 'NONE',  ( -6.982962677686266711E-15, 0.0000000000000000000, -1.000000000000000000 ) ) ;
#2596 = CARTESIAN_POINT ( 'NONE',  ( -0.1849092803877959157, -0.3284616905745356141, -0.007138370588288218271 ) ) ;
#2597 =( GEOMETRIC_REPRESENTATION_CONTEXT ( 3 ) GLOBAL_UNCERTAINTY_ASSIGNED_CONTEXT ( ( #2442 ) ) GLOBAL_UNIT_ASSIGNED_CONTEXT ( ( #2316, #3425, #3373 ) ) REPRESENTATION_CONTEXT ( 'NONE', 'WORKASPACE' ) );
#2598 = CIRCLE ( 'NONE', #3583, 0.05511811023622047861 ) ;
#2599 =( CONVERSION_BASED_UNIT ( 'INCH', #3447 ) LENGTH_UNIT ( ) NAMED_UNIT ( #2242 ) );
#2600 = AXIS2_PLACEMENT_3D ( 'NONE', #7, #797, #1912 ) ;
#2601 = CARTESIAN_POINT ( 'NONE',  ( -0.09435809928543364977, -0.3527189294792126284, 0.004672653033758377740 ) ) ;
#2602 = CARTESIAN_POINT ( 'NONE',  ( 0.2076771653543308671, 0.3597074019655905341, 0.1030978498841499807 ) ) ;
#2603 = ORIENTED_EDGE ( 'NONE', *, *, #204, .T. ) ;
#2604 = DIRECTION ( 'NONE',  ( -1.000000000000000000, 0.0000000000000000000, 6.987835945549207632E-15 ) ) ;
#2605 = VECTOR ( 'NONE', #1254, 39.37007874015748143 ) ;
#2606 = LINE ( 'NONE', #1206, #2015 ) ;
#2607 = LENGTH_MEASURE_WITH_UNIT ( LENGTH_MEASURE( 0.02539999999999999897 ), #3246 );
#2608 = COLOUR_RGB ( '',1.000000000000000000, 1.000000000000000000, 1.000000000000000000 ) ;
#2609 = VERTEX_POINT ( 'NONE', #3299 ) ;
#2610 = ORIENTED_EDGE ( 'NONE', *, *, #1522, .F. ) ;
#2611 = DIRECTION ( 'NONE',  ( -6.982962677686265922E-15, 0.0000000000000000000, -1.000000000000000000 ) ) ;
#2612 = ADVANCED_FACE ( 'NONE', ( #3602 ), #3070, .T. ) ;
#2613 = EDGE_CURVE ( 'NONE', #538, #3560, #3028, .T. ) ;
#2614 = VERTEX_POINT ( 'NONE', #3088 ) ;
#2615 = CARTESIAN_POINT ( 'NONE',  ( -0.3597074019655906452, 0.2076771653543307283, 0.06372777114399647003 ) ) ;
#2616 = ADVANCED_FACE ( 'NONE', ( #1046 ), #2964, .T. ) ;
#2617 = FACE_OUTER_BOUND ( 'NONE', #1207, .T. ) ;
#2618 = CARTESIAN_POINT ( 'NONE',  ( 0.03136597330126349864, -0.4232516879196850934, 0.04404273177391498928 ) ) ;
#2619 = LENGTH_MEASURE_WITH_UNIT ( LENGTH_MEASURE( 0.02539999999999999897 ), #2322 );
#2620 =( NAMED_UNIT ( * ) PLANE_ANGLE_UNIT ( ) SI_UNIT ( $, .RADIAN. ) );
#2621 = CARTESIAN_POINT ( 'NONE',  ( -0.09435809928543364977, -0.5075731461314961779, 0.004672653033758377740 ) ) ;
#2622 = DIRECTION ( 'NONE',  ( -6.982962677686266711E-15, 0.0000000000000000000, -1.000000000000000000 ) ) ;
#2623 = EDGE_LOOP ( 'NONE', ( #2171, #481 ) ) ;
#2624 = CARTESIAN_POINT ( 'NONE',  ( 0.2066929133858266265, -0.4648836570766946008, 0.06467556237238365757 ) ) ;
#2625 = CARTESIAN_POINT ( 'NONE',  ( -0.1494762095216541076, -0.3331230356801574977, 0.004672653033758787135 ) ) ;
#2626 = ORIENTED_EDGE ( 'NONE', *, *, #1085, .T. ) ;
#2627 = ORIENTED_EDGE ( 'NONE', *, *, #2818, .F. ) ;
#2628 = PLANE ( 'NONE',  #2943 ) ;
#2629 = DIMENSIONAL_EXPONENTS ( 1.000000000000000000, 0.0000000000000000000, 0.0000000000000000000, 0.0000000000000000000, 0.0000000000000000000, 0.0000000000000000000, 0.0000000000000000000 ) ;
#2630 = CARTESIAN_POINT ( 'NONE',  ( -0.3045892917293701596, -0.2076771653543307283, 0.06372777114399608145 ) ) ;
#2631 = CYLINDRICAL_SURFACE ( 'NONE', #3122, 0.05511811023622047861 ) ;
#2632 = VERTEX_POINT ( 'NONE', #256 ) ;
#2633 = EDGE_CURVE ( 'NONE', #2117, #218, #3523, .T. ) ;
#2634 = CARTESIAN_POINT ( 'NONE',  ( 0.09435809928543252567, -0.5075731461314960669, 0.003089564522980026411 ) ) ;
#2635 = B_SPLINE_CURVE_WITH_KNOTS ( 'NONE', 3,
 ( #1655, #1372, #2775, #2437, #1388, #2505, #4, #1693, #2251, #2522, #2876, #1463, #2579, #1152, #1166 ),
 .UNSPECIFIED., .F., .F.,
 ( 4, 1, 2, 2, 2, 2, 2, 4 ),
 ( 0.0000000000000000000, 0.1249999999999998335, 0.1874999999999997502, 0.2499999999999996669, 0.3749999999999995004, 0.4999999999999993339, 0.7499999999999996669, 1.000000000000000000 ),
 .UNSPECIFIED. ) ;
#2636 = DIRECTION ( 'NONE',  ( -6.982962677686266711E-15, 0.0000000000000000000, -1.000000000000000000 ) ) ;
#2637 = CARTESIAN_POINT ( 'NONE',  ( 0.4704724409448820532, 6.750021727583853390E-18, 0.1030978498841481350 ) ) ;
#2638 = CARTESIAN_POINT ( 'NONE',  ( 0.5216535433070874639, 0.0000000000000000000, 0.1995545427975336239 ) ) ;
#2639 = ORIENTED_EDGE ( 'NONE', *, *, #2904, .F. ) ;
#2640 = FACE_OUTER_BOUND ( 'NONE', #2038, .T. ) ;
#2641 = DIRECTION ( 'NONE',  ( 6.982962677686266711E-15, 0.0000000000000000000, 1.000000000000000000 ) ) ;
#2642 = EDGE_CURVE ( 'NONE', #636, #2051, #734, .T. ) ;
#2643 = CARTESIAN_POINT ( 'NONE',  ( -0.05905511811023608781, -0.5757192570212599225, 0.1050663538211597248 ) ) ;
#2644 = VERTEX_POINT ( 'NONE', #2235 ) ;
#2645 = ORIENTED_EDGE ( 'NONE', *, *, #1390, .T. ) ;
#2646 = CARTESIAN_POINT ( 'NONE',  ( 0.05905511811023645558, -0.5875910061653405458, 0.1168773774432061430 ) ) ;
#2647 = CIRCLE ( 'NONE', #2105, 0.05511811023622047861 ) ;
#2648 = AXIS2_PLACEMENT_3D ( 'NONE', #1502, #682, #987 ) ;
#2649 = CYLINDRICAL_SURFACE ( 'NONE', #331, 0.01181102362204724393 ) ;
#2650 = LENGTH_MEASURE_WITH_UNIT ( LENGTH_MEASURE( 0.02539999999999999897 ), #2039 );
#2651 = AXIS2_PLACEMENT_3D ( 'NONE', #794, #812, #274 ) ;
#2652 = CIRCLE ( 'NONE', #2353, 0.05511811023622047861 ) ;
#2653 = DIRECTION ( 'NONE',  ( 1.000000000000000000, 0.0000000000000000000, -7.124757133476171544E-15 ) ) ;
#2654 = LINE ( 'NONE', #2618, #1472 ) ;
#2655 = CARTESIAN_POINT ( 'NONE',  ( -0.03371550609969321127, -0.4232842223794069936, -0.002469583090670249542 ) ) ;
#2656 = EDGE_CURVE ( 'NONE', #235, #1803, #1673, .T. ) ;
#2657 = CARTESIAN_POINT ( 'NONE',  ( -0.08794934148527511208, -0.3609732003374464537, -0.005836021100056085209 ) ) ;
#2658 = VECTOR ( 'NONE', #3541, 39.37007874015748143 ) ;
#2659 = FACE_OUTER_BOUND ( 'NONE', #3212, .T. ) ;
#2660 = ORIENTED_EDGE ( 'NONE', *, *, #744, .T. ) ;
#2661 = DIRECTION ( 'NONE',  ( -1.000000000000000000, 0.0000000000000000000, 6.982962677686265922E-15 ) ) ;
#2662 = VECTOR ( 'NONE', #1084, 39.37007874015748143 ) ;
#2663 = CARTESIAN_POINT ( 'NONE',  ( -0.03294835042191791852, -0.4232516879196850934, -0.001232858777265652753 ) ) ;
#2664 = ORIENTED_EDGE ( 'NONE', *, *, #2479, .T. ) ;
#2665 = VERTEX_POINT ( 'NONE', #221 ) ;
#2666 = LENGTH_MEASURE_WITH_UNIT ( LENGTH_MEASURE( 0.02539999999999999897 ), #982 );
#2667 = VECTOR ( 'NONE', #3585, 39.37007874015748143 ) ;
#2668 = EDGE_CURVE ( 'NONE', #2903, #2632, #3351, .T. ) ;
#2669 = AXIS2_PLACEMENT_3D ( 'NONE', #2491, #1927, #1432 ) ;
#2670 = CARTESIAN_POINT ( 'NONE',  ( 0.2066929133858266265, -0.2363455213631495966, 0.05979076326997676688 ) ) ;
#2671 = B_SPLINE_CURVE_WITH_KNOTS ( 'NONE', 3,
 ( #2621, #118, #1756, #700, #3166, #2915, #2932, #1217, #2010, #3418, #951, #2342, #685, #1203 ),
 .UNSPECIFIED., .F., .F.,
 ( 4, 2, 2, 1, 1, 2, 2, 4 ),
 ( 0.0000000000000000000, 0.2499999999999704681, 0.3749999999999537037, 0.4374999999999478750, 0.4687499999999449329, 0.4843749999999441003, 0.4999999999999432676, 1.000000000000000000 ),
 .UNSPECIFIED. ) ;
#2672 = ORIENTED_EDGE ( 'NONE', *, *, #471, .T. ) ;
#2673 = STYLED_ITEM ( 'NONE', ( #3556 ), #3245 ) ;
#2674 = CARTESIAN_POINT ( 'NONE',  ( 0.1967203040098422784, -0.3075958649006693135, 0.04404273177391384436 ) ) ;
#2675 = CYLINDRICAL_SURFACE ( 'NONE', #3509, 0.05511811023622047861 ) ;
#2676 = UNCERTAINTY_MEASURE_WITH_UNIT (LENGTH_MEASURE( 1.000000000000000082E-05 ), #57, 'distance_accuracy_value', 'NONE');
#2677 = CARTESIAN_POINT ( 'NONE',  ( 0.3597074019655903676, -0.2076771653543307283, 0.06372777114399144627 ) ) ;
#2678 = DIRECTION ( 'NONE',  ( -6.982962677686265922E-15, 0.0000000000000000000, -1.000000000000000000 ) ) ;
#2679 = ORIENTED_EDGE ( 'NONE', *, *, #1503, .F. ) ;
#2680 = EDGE_CURVE ( 'NONE', #2255, #2665, #2456, .T. ) ;
#2681 = DIRECTION ( 'NONE',  ( -0.9999595181125350285, -0.008997896206719334378, 0.0000000000000000000 ) ) ;
#2682 = ORIENTED_EDGE ( 'NONE', *, *, #692, .F. ) ;
#2683 = ORIENTED_EDGE ( 'NONE', *, *, #3056, .T. ) ;
#2684 = FACE_OUTER_BOUND ( 'NONE', #3426, .T. ) ;
#2685 = CARTESIAN_POINT ( 'NONE',  ( -0.05905511811023608781, -0.5757192570212599225, 0.1050663538211597248 ) ) ;
#2686 = ADVANCED_FACE ( 'NONE', ( #1928 ), #3047, .T. ) ;
#2687 = CARTESIAN_POINT ( 'NONE',  ( 0.1494762095216532749, -0.3331230356801574977, 0.04404273177391417049 ) ) ;
#2688 = CARTESIAN_POINT ( 'NONE',  ( 0.04317699692330652372, -0.4232516879196850934, 0.004672653033757421040 ) ) ;
#2689 = VERTEX_POINT ( 'NONE', #544 ) ;
#2690 = FACE_OUTER_BOUND ( 'NONE', #2956, .T. ) ;
#2691 = VERTEX_POINT ( 'NONE', #3226 ) ;
#2692 = CYLINDRICAL_SURFACE ( 'NONE', #167, 0.05511811023622047861 ) ;
#2693 = CARTESIAN_POINT ( 'NONE',  ( 0.03136597330125928673, -0.3637722774382282642, 0.003781534354056076148 ) ) ;
#2694 = DIRECTION ( 'NONE',  ( -6.982962677686266711E-15, 0.0000000000000000000, -1.000000000000000000 ) ) ;
#2695 = ORIENTED_EDGE ( 'NONE', *, *, #97, .T. ) ;
#2696 = ORIENTED_EDGE ( 'NONE', *, *, #754, .F. ) ;
#2697 = CARTESIAN_POINT ( 'NONE',  ( -0.4153543307086612901, 0.0000000000000000000, 0.1030978498841543384 ) ) ;
#2698 = CLOSED_SHELL ( 'NONE', ( #133, #2172, #3196, #3317, #1023, #222, #149, #1374, #1511, #1901, #3214, #341, #1381, #3431, #886, #332, #3235, #18, #2319, #242, #2224, #2157, #1273, #933, #1828, #1099, #15, #3606, #2867, #1038, #2616, #2427, #1232, #1395, #642, #3437, #225, #2493, #2184, #511, #3093, #62, #3517, #2955, #1629, #1269, #956, #2757, #2801, #1737, #3245, #3103, #213, #405, #2177, #2686, #1491, #2397, #2536, #1276, #145, #806, #1496, #2520, #3341, #201, #895, #1402, #3224, #2833, #3327, #1540 ) ) ;
#2699 = ORIENTED_CLOSED_SHELL ( 'NONE', *, #475, .F. );
#2700 = AXIS2_PLACEMENT_3D ( 'NONE', #3591, #1631, #1087 ) ;
#2701 = CARTESIAN_POINT ( 'NONE',  ( -0.1612872331437013307, 2.020014249967716502, 0.004672653033758855656 ) ) ;
#2702 = EDGE_CURVE ( 'NONE', #446, #825, #746, .T. ) ;
#2703 = EDGE_LOOP ( 'NONE', ( #928, #637, #1077, #2158 ) ) ;
#2704 = AXIS2_PLACEMENT_3D ( 'NONE', #619, #2314, #2018 ) ;
#2705 = FILL_AREA_STYLE_COLOUR ( '', #275 ) ;
#2706 = VECTOR ( 'NONE', #1962, 39.37007874015748143 ) ;
#2707 = CYLINDRICAL_SURFACE ( 'NONE', #2059, 0.5162692607295276126 ) ;
#2708 = EDGE_CURVE ( 'NONE', #2453, #2828, #967, .T. ) ;
#2709 = CIRCLE ( 'NONE', #2525, 0.05511811023622047861 ) ;
#2710 = LINE ( 'NONE', #733, #3467 ) ;
#2711 = CARTESIAN_POINT ( 'NONE',  ( 0.2627952755905510474, 0.3597074019655905341, 0.06372777114399211240 ) ) ;
#2712 = VERTEX_POINT ( 'NONE', #233 ) ;
#2713 = CARTESIAN_POINT ( 'NONE',  ( 0.08835038623821860060, -0.3604197872168342642, -0.005673822249148636858 ) ) ;
#2714 = AXIS2_PLACEMENT_3D ( 'NONE', #892, #94, #643 ) ;
#2715 = CARTESIAN_POINT ( 'NONE',  ( 0.03196936139188816944, -0.3643259301249167637, 0.0008966656929046879941 ) ) ;
#2716 = CARTESIAN_POINT ( 'NONE',  ( -0.2066929133858269596, -0.2363455213631495966, 0.05979076326997966734 ) ) ;
#2717 = ORIENTED_EDGE ( 'NONE', *, *, #1354, .F. ) ;
#2718 = ORIENTED_EDGE ( 'NONE', *, *, #2878, .F. ) ;
#2719 = CARTESIAN_POINT ( 'NONE',  ( 0.2076771653543308671, 0.3597074019655905341, 0.1030978498841499807 ) ) ;
#2720 = VECTOR ( 'NONE', #1953, 39.37007874015748143 ) ;
#2721 = CIRCLE ( 'NONE', #905, 0.5649606299212598381 ) ;
#2722 = VECTOR ( 'NONE', #171, 39.37007874015748143 ) ;
#2723 = DIRECTION ( 'NONE',  ( 1.000000000000000000, 0.0000000000000000000, -6.996718019773122999E-15 ) ) ;
#2724 = ORIENTED_EDGE ( 'NONE', *, *, #113, .F. ) ;
#2725 = AXIS2_PLACEMENT_3D ( 'NONE', #2044, #2325, #370 ) ;
#2726 = EDGE_CURVE ( 'NONE', #2317, #2429, #847, .T. ) ;
#2727 =( NAMED_UNIT ( * ) SI_UNIT ( $, .STERADIAN. ) SOLID_ANGLE_UNIT ( ) );
#2728 = CIRCLE ( 'NONE', #1260, 0.05511811023622047861 ) ;
#2729 = DIRECTION ( 'NONE',  ( -6.982962677686265922E-15, 0.0000000000000000000, -1.000000000000000000 ) ) ;
#2730 = CARTESIAN_POINT ( 'NONE',  ( -0.3597074019655906452, -0.2076771653543307283, 0.06372777114399647003 ) ) ;
#2731 = DIRECTION ( 'NONE',  ( 6.982962677686266711E-15, 0.0000000000000000000, 1.000000000000000000 ) ) ;
#2732 = ORIENTED_EDGE ( 'NONE', *, *, #854, .T. ) ;
#2733 = DIRECTION ( 'NONE',  ( -1.000000000000000000, 0.0000000000000000000, 6.982962677686265922E-15 ) ) ;
#2734 = ORIENTED_EDGE ( 'NONE', *, *, #2432, .T. ) ;
#2735 = DIRECTION ( 'NONE',  ( 1.000000000000000000, 0.0000000000000000000, -6.969871108835385309E-15 ) ) ;
#2736 = LINE ( 'NONE', #1870, #565 ) ;
#2737 = ORIENTED_EDGE ( 'NONE', *, *, #276, .T. ) ;
#2738 = EDGE_CURVE ( 'NONE', #563, #1649, #2736, .T. ) ;
#2739 = ORIENTED_EDGE ( 'NONE', *, *, #1914, .T. ) ;
#2740 = PLANE ( 'NONE',  #3115 ) ;
#2741 = CARTESIAN_POINT ( 'NONE',  ( -1.417643986442973787E-16, 0.0000000000000000000, 0.06372777114399395815 ) ) ;
#2742 = DIRECTION ( 'NONE',  ( -1.000000000000000000, 0.0000000000000000000, 6.982962677686265922E-15 ) ) ;
#2743 = CARTESIAN_POINT ( 'NONE',  ( 0.04317699692330644740, -0.4240017862688977845, -0.007138370588289819421 ) ) ;
#2744 = EDGE_CURVE ( 'NONE', #3408, #1784, #2836, .T. ) ;
#2745 = CARTESIAN_POINT ( 'NONE',  ( -0.1612872331437014417, -0.3406830676353937437, -0.007138370588288385672 ) ) ;
#2746 = UNCERTAINTY_MEASURE_WITH_UNIT (LENGTH_MEASURE( 1.000000000000000082E-05 ), #1255, 'distance_accuracy_value', 'NONE');
#2747 = PRODUCT_RELATED_PRODUCT_CATEGORY ( 'part', '', ( #760 ) ) ;
#2748 = SHAPE_DEFINITION_REPRESENTATION ( #2449, #1476 ) ;
#2749 =( CONVERSION_BASED_UNIT ( 'INCH', #476 ) LENGTH_UNIT ( ) NAMED_UNIT ( #590 ) );
#2750 = VERTEX_POINT ( 'NONE', #2167 ) ;
#2751 = CARTESIAN_POINT ( 'NONE',  ( -0.2066930421289307762, -0.4576910454813045703, 0.06372777114399461040 ) ) ;
#2752 = B_SPLINE_CURVE_WITH_KNOTS ( 'NONE', 3,
 ( #323, #578, #1407, #813, #1657, #3349 ),
 .UNSPECIFIED., .F., .F.,
 ( 4, 2, 4 ),
 ( 2.083385151489220100E-15, 0.0002351206380072270042, 0.0004702412760123706598 ),
 .UNSPECIFIED. ) ;
#2753 = DIRECTION ( 'NONE',  ( -6.982962677686266711E-15, 0.0000000000000000000, -1.000000000000000000 ) ) ;
#2754 = CARTESIAN_POINT ( 'NONE',  ( 0.03488330850495091617, -0.3669857113324225817, -0.003739094664848565622 ) ) ;
#2755 = CARTESIAN_POINT ( 'NONE',  ( -0.1967203040098430833, -0.4773207219098424825, 0.004672653033759095048 ) ) ;
#2756 = CARTESIAN_POINT ( 'NONE',  ( -6.366200214724579616E-16, 0.0000000000000000000, -0.007138370588289512375 ) ) ;
#2757 = ADVANCED_FACE ( 'NONE', ( #519 ), #3505, .T. ) ;
#2758 = ORIENTED_EDGE ( 'NONE', *, *, #522, .T. ) ;
#2759 = DIRECTION ( 'NONE',  ( -1.000000000000000000, 0.0000000000000000000, 6.982962677686265922E-15 ) ) ;
#2760 = EDGE_CURVE ( 'NONE', #121, #1083, #51, .T. ) ;
#2761 = CARTESIAN_POINT ( 'NONE',  ( 2.318747563175614898E-17, 0.0000000000000000000, 0.08734981838808843213 ) ) ;
#2762 = VERTEX_POINT ( 'NONE', #995 ) ;
#2763 = TOROIDAL_SURFACE ( 'NONE', #3225, 0.5044582371074803895, 0.01181102362204724393 ) ;
#2764 = FACE_OUTER_BOUND ( 'NONE', #1436, .T. ) ;
#2765 = ORIENTED_EDGE ( 'NONE', *, *, #870, .F. ) ;
#2766 = AXIS2_PLACEMENT_3D ( 'NONE', #2529, #30, #3090 ) ;
#2767 =( NAMED_UNIT ( * ) PLANE_ANGLE_UNIT ( ) SI_UNIT ( $, .RADIAN. ) );
#2768 = AXIS2_PLACEMENT_3D ( 'NONE', #907, #1437, #1156 ) ;
#2769 = DIRECTION ( 'NONE',  ( 0.0000000000000000000, -1.000000000000000000, 0.0000000000000000000 ) ) ;
#2770 = EDGE_CURVE ( 'NONE', #2644, #2336, #216, .T. ) ;
#2771 = DIRECTION ( 'NONE',  ( 1.000000000000000000, 0.0000000000000000000, -6.982962677686265922E-15 ) ) ;
#2772 = AXIS2_PLACEMENT_3D ( 'NONE', #872, #911, #1688 ) ;
#2773 = ORIENTED_EDGE ( 'NONE', *, *, #178, .T. ) ;
#2774 = ORIENTED_EDGE ( 'NONE', *, *, #1978, .T. ) ;
#2775 = CARTESIAN_POINT ( 'NONE',  ( -0.05905511811023698987, -0.4882368590245891871, -0.02372374600227778602 ) ) ;
#2776 = CARTESIAN_POINT ( 'NONE',  ( 0.1905820537430811534, -0.4731960178622642843, -0.006133214031373370595 ) ) ;
#2777 = ORIENTED_EDGE ( 'NONE', *, *, #2580, .T. ) ;
#2778 = CARTESIAN_POINT ( 'NONE',  ( -0.1562997647975562232, -0.4848864390104379862, -0.006411580786624324763 ) ) ;
#2779 = CIRCLE ( 'NONE', #3406, 0.05511811023622047861 ) ;
#2780 = EDGE_LOOP ( 'NONE', ( #1799, #1637, #1528, #110 ) ) ;
#2781 = CIRCLE ( 'NONE', #3243, 0.5255905511811027608 ) ;
#2782 = CARTESIAN_POINT ( 'NONE',  ( 0.4153543307086612901, 0.0000000000000000000, 0.06372777114399104381 ) ) ;
#2783 = LINE ( 'NONE', #3534, #780 ) ;
#2784 = AXIS2_PLACEMENT_3D ( 'NONE', #1659, #1966, #2723 ) ;
#2785 = AXIS2_PLACEMENT_3D ( 'NONE', #1710, #3116, #3087 ) ;
#2786 = CARTESIAN_POINT ( 'NONE',  ( -0.2076771653543305896, 0.3597074019655905341, 0.1030978498841528812 ) ) ;
#2787 = PLANE ( 'NONE',  #955 ) ;
#2788 = SURFACE_SIDE_STYLE ('',( #559 ) ) ;
#2789 = CARTESIAN_POINT ( 'NONE',  ( -0.2066929133858266820, -0.4832426585547244802, 0.08440919544645456019 ) ) ;
#2790 = VERTEX_POINT ( 'NONE', #180 ) ;
#2791 = EDGE_LOOP ( 'NONE', ( #1712, #906, #3396, #1440 ) ) ;
#2792 =( NAMED_UNIT ( * ) PLANE_ANGLE_UNIT ( ) SI_UNIT ( $, .RADIAN. ) );
#2793 = EDGE_CURVE ( 'NONE', #2939, #1920, #1285, .T. ) ;
#2794 = DIRECTION ( 'NONE',  ( -6.982962677686265922E-15, 0.0000000000000000000, -1.000000000000000000 ) ) ;
#2795 = EDGE_CURVE ( 'NONE', #825, #2903, #3356, .T. ) ;
#2796 = CARTESIAN_POINT ( 'NONE',  ( -5.541440843344312717E-16, 0.0000000000000000000, 0.004672653033757728953 ) ) ;
#2797 = ORIENTED_EDGE ( 'NONE', *, *, #1516, .F. ) ;
#2798 = CARTESIAN_POINT ( 'NONE',  ( -0.1494762095216541076, -0.4941566678305581162, 0.004672653033758778461 ) ) ;
#2799 = LINE ( 'NONE', #1359, #93 ) ;
#2800 = EDGE_LOOP ( 'NONE', ( #380, #705, #1949, #3479, #1852 ) ) ;
#2801 = ADVANCED_FACE ( 'NONE', ( #2264 ), #1723, .T. ) ;
#2802 = CARTESIAN_POINT ( 'NONE',  ( 0.4148255122018108532, 0.2076771653543307283, 0.06372777114399105769 ) ) ;
#2803 = ORIENTED_EDGE ( 'NONE', *, *, #2422, .T. ) ;
#2804 = CARTESIAN_POINT ( 'NONE',  ( -0.1897275675524632277, -0.3201380400971093332, -0.006458484981026449759 ) ) ;
#2805 = CARTESIAN_POINT ( 'NONE',  ( -7.603339271794982922E-16, 0.0000000000000000000, -0.02485490602136037827 ) ) ;
#2806 = CARTESIAN_POINT ( 'NONE',  ( 0.5255905511811024278, 6.436627861660303242E-17, 0.08734981838808476839 ) ) ;
#2807 = EDGE_LOOP ( 'NONE', ( #65, #3428, #3439, #2504 ) ) ;
#2808 = FILL_AREA_STYLE_COLOUR ( '', #1009 ) ;
#2809 = CARTESIAN_POINT ( 'NONE',  ( -0.03482714159090444239, -0.3669318295587071233, -0.003681583464004428621 ) ) ;
#2810 = ORIENTED_EDGE ( 'NONE', *, *, #1806, .T. ) ;
#2811 = ORIENTED_EDGE ( 'NONE', *, *, #1895, .T. ) ;
#2812 = CARTESIAN_POINT ( 'NONE',  ( -0.05905511811023680946, -0.5113353497283604776, -0.001204201345543591799 ) ) ;
#2813 = DIRECTION ( 'NONE',  ( -7.228014483236696753E-15, 0.0000000000000000000, -1.000000000000000000 ) ) ;
#2814 = DIRECTION ( 'NONE',  ( -6.982962677686266711E-15, 0.0000000000000000000, -1.000000000000000000 ) ) ;
#2815 = AXIS2_PLACEMENT_3D ( 'NONE', #1428, #1485, #2305 ) ;
#2816 = DIRECTION ( 'NONE',  ( 6.982962677686266711E-15, 0.0000000000000000000, 1.000000000000000000 ) ) ;
#2817 = VERTEX_POINT ( 'NONE', #809 ) ;
#2818 = EDGE_CURVE ( 'NONE', #102, #1410, #500, .T. ) ;
#2819 = CIRCLE ( 'NONE', #1234, 0.05511811023622047861 ) ;
#2820 = DIRECTION ( 'NONE',  ( -6.982962677686265922E-15, 0.0000000000000000000, -1.000000000000000000 ) ) ;
#2821 =( NAMED_UNIT ( * ) SI_UNIT ( $, .STERADIAN. ) SOLID_ANGLE_UNIT ( ) );
#2822 = CARTESIAN_POINT ( 'NONE',  ( 0.2066928983058003988, -0.4579432013272966562, 0.06372777114399251486 ) ) ;
#2823 = ORIENTED_EDGE ( 'NONE', *, *, #493, .F. ) ;
#2824 = CARTESIAN_POINT ( 'NONE',  ( -1.417643986442973787E-16, 0.0000000000000000000, 0.06372777114399395815 ) ) ;
#2825 = AXIS2_PLACEMENT_3D ( 'NONE', #381, #1470, #67 ) ;
#2826 = LINE ( 'NONE', #2197, #912 ) ;
#2827 = CARTESIAN_POINT ( 'NONE',  ( -0.03393473853453577577, -0.3661110081192603949, -0.002681331060310886399 ) ) ;
#2828 = VERTEX_POINT ( 'NONE', #1404 ) ;
#2829 = ORIENTED_EDGE ( 'NONE', *, *, #882, .F. ) ;
#2830 = LINE ( 'NONE', #2273, #3232 ) ;
#2831 = STYLED_ITEM ( 'NONE', ( #1441 ), #1511 ) ;
#2832 = CARTESIAN_POINT ( 'NONE',  ( -0.03136597330126012634, -0.3637722774382283197, 0.04404273177391543337 ) ) ;
#2833 = ADVANCED_FACE ( 'NONE', ( #2517, #21 ), #1426, .F. ) ;
#2834 = COLOUR_RGB ( '',1.000000000000000000, 1.000000000000000000, 1.000000000000000000 ) ;
#2835 = AXIS2_PLACEMENT_3D ( 'NONE', #189, #3501, #2984 ) ;
#2836 = CIRCLE ( 'NONE', #1315, 0.01181102362204723005 ) ;
#2837 = CARTESIAN_POINT ( 'NONE',  ( 0.05905511811023573393, -0.5581776000345840538, 0.01505857269895156947 ) ) ;
#2838 = TOROIDAL_SURFACE ( 'NONE', #3249, 0.4724409448818898127, 0.1181102362204724532 ) ;
#2839 = SURFACE_SIDE_STYLE ('',( #2574 ) ) ;
#2840 = LENGTH_MEASURE_WITH_UNIT ( LENGTH_MEASURE( 0.02539999999999999897 ), #1368 );
#2841 = DIRECTION ( 'NONE',  ( 0.3932584269662917076, -0.9194279795720803339, -2.761263959888176899E-15 ) ) ;
#2842 = EDGE_LOOP ( 'NONE', ( #1583, #386, #3527, #904, #980 ) ) ;
#2843 = FILL_AREA_STYLE ('',( #2808 ) ) ;
#2844 = AXIS2_PLACEMENT_3D ( 'NONE', #2872, #684, #1237 ) ;
#2845 = CARTESIAN_POINT ( 'NONE',  ( -0.05905511811023649721, -0.5128805344322835413, 0.04404273177391562072 ) ) ;
#2846 = EDGE_CURVE ( 'NONE', #920, #1054, #2973, .T. ) ;
#2847 =( NAMED_UNIT ( * ) SI_UNIT ( $, .STERADIAN. ) SOLID_ANGLE_UNIT ( ) );
#2848 = EDGE_LOOP ( 'NONE', ( #49, #2382, #2164, #2860 ) ) ;
#2849 = ORIENTED_EDGE ( 'NONE', *, *, #2265, .T. ) ;
#2850 = FACE_OUTER_BOUND ( 'NONE', #2275, .T. ) ;
#2851 = DIRECTION ( 'NONE',  ( 6.982962677686266711E-15, 0.0000000000000000000, 1.000000000000000000 ) ) ;
#2852 = ORIENTED_EDGE ( 'NONE', *, *, #775, .T. ) ;
#2853 = DIRECTION ( 'NONE',  ( -1.000000000000000000, 0.0000000000000000000, 6.996718019773122999E-15 ) ) ;
#2854 = EDGE_CURVE ( 'NONE', #807, #320, #2482, .T. ) ;
#2855 = LINE ( 'NONE', #350, #1952 ) ;
#2856 = CARTESIAN_POINT ( 'NONE',  ( 0.05905511811023564372, -0.5412229835587657467, -0.0006974818302928040325 ) ) ;
#2857 = CARTESIAN_POINT ( 'NONE',  ( 0.3139763779527558474, 3.845101662677225416E-17, 0.05979076326997602442 ) ) ;
#2858 = CARTESIAN_POINT ( 'NONE',  ( -0.09435809928543366365, -0.3527189294792126284, 0.003693779258829375366 ) ) ;
#2859 = CARTESIAN_POINT ( 'NONE',  ( 0.09435809928543252567, -0.3527189294792126284, 0.004672653033757080167 ) ) ;
#2860 = ORIENTED_EDGE ( 'NONE', *, *, #1602, .F. ) ;
#2861 = CYLINDRICAL_SURFACE ( 'NONE', #374, 0.05511811023622047861 ) ;
#2862 = DIRECTION ( 'NONE',  ( -6.982962677686266711E-15, 0.0000000000000000000, -1.000000000000000000 ) ) ;
#2863 = CARTESIAN_POINT ( 'NONE',  ( -0.04114422200110411793, -0.3726401105862538476, -0.007138370588290322491 ) ) ;
#2864 = VERTEX_POINT ( 'NONE', #3133 ) ;
#2865 = ORIENTED_EDGE ( 'NONE', *, *, #1538, .F. ) ;
#2866 = DIRECTION ( 'NONE',  ( 0.0000000000000000000, -1.000000000000000000, 0.0000000000000000000 ) ) ;
#2867 = ADVANCED_FACE ( 'NONE', ( #3189 ), #2896, .T. ) ;
#2868 = CARTESIAN_POINT ( 'NONE',  ( 1.331553918157918670E-16, 0.0000000000000000000, 0.1030978498841514379 ) ) ;
#2869 = EDGE_LOOP ( 'NONE', ( #454, #2333, #407, #355 ) ) ;
#2870 = CARTESIAN_POINT ( 'NONE',  ( -0.2066929133858267931, -0.4832426585547244247, 0.08734981838808988930 ) ) ;
#2871 = PLANE ( 'NONE',  #2351 ) ;
#2872 = CARTESIAN_POINT ( 'NONE',  ( 1.331553918157918670E-16, 0.4153543307086614567, 0.1030978498841514379 ) ) ;
#2873 = CARTESIAN_POINT ( 'NONE',  ( -0.09435809928543337222, -0.5075731461314961779, 0.04404273177391588440 ) ) ;
#2874 = PRESENTATION_STYLE_ASSIGNMENT (( #1109 ) ) ;
#2875 = ORIENTED_EDGE ( 'NONE', *, *, #1019, .T. ) ;
#2876 = CARTESIAN_POINT ( 'NONE',  ( -0.05905511811023669150, -0.5640587687791466243, 0.02094501134222138961 ) ) ;
#2877 = CIRCLE ( 'NONE', #3565, 0.05511811023622047861 ) ;
#2878 = EDGE_CURVE ( 'NONE', #3434, #665, #1504, .T. ) ;
#2879 = DIRECTION ( 'NONE',  ( -6.982962677686266711E-15, 0.0000000000000000000, -1.000000000000000000 ) ) ;
#2880 = FACE_OUTER_BOUND ( 'NONE', #1365, .T. ) ;
#2881 = MECHANICAL_DESIGN_GEOMETRIC_PRESENTATION_REPRESENTATION (  '', ( #950 ), #1119 ) ;
#2882 = VERTEX_POINT ( 'NONE', #3149 ) ;
#2883 = EDGE_LOOP ( 'NONE', ( #2718, #1582, #1506, #3273, #1154, #2664, #72, #2389, #1249 ) ) ;
#2884 = CYLINDRICAL_SURFACE ( 'NONE', #1594, 0.05511811023622047861 ) ;
#2885 = COLOUR_RGB ( '',1.000000000000000000, 1.000000000000000000, 1.000000000000000000 ) ;
#2886 = DIRECTION ( 'NONE',  ( -1.000000000000000000, 0.0000000000000000000, 6.982962677686265922E-15 ) ) ;
#2887 = CIRCLE ( 'NONE', #205, 0.5255905511811027608 ) ;
#2888 = ORIENTED_EDGE ( 'NONE', *, *, #1681, .F. ) ;
#2889 = DIRECTION ( 'NONE',  ( 0.1827691603254995301, -0.9831558543963984098, -1.273271475715166122E-15 ) ) ;
#2890 = VECTOR ( 'NONE', #3548, 39.37007874015748143 ) ;
#2891 = CARTESIAN_POINT ( 'NONE',  ( 0.09084553219380363254, -0.5046437013021025653, -0.003737039979842140744 ) ) ;
#2892 = DIRECTION ( 'NONE',  ( -1.000000000000000000, 0.0000000000000000000, 6.982962677686265922E-15 ) ) ;
#2893 = TOROIDAL_SURFACE ( 'NONE', #156, 0.3769330499553151248, 0.01181102362204724393 ) ;
#2894 = AXIS2_PLACEMENT_3D ( 'NONE', #1590, #749, #2387 ) ;
#2895 = AXIS2_PLACEMENT_3D ( 'NONE', #466, #3005, #1884 ) ;
#2896 = PLANE ( 'NONE',  #2247 ) ;
#2897 = LINE ( 'NONE', #991, #712 ) ;
#2898 = ORIENTED_EDGE ( 'NONE', *, *, #1415, .F. ) ;
#2899 = STYLED_ITEM ( 'NONE', ( #535 ), #2833 ) ;
#2900 = CARTESIAN_POINT ( 'NONE',  ( -0.08254707566338649605, -0.4976586111834646053, -0.007138370588288932110 ) ) ;
#2901 = DIRECTION ( 'NONE',  ( 0.0000000000000000000, 1.000000000000000000, 0.0000000000000000000 ) ) ;
#2902 = AXIS2_PLACEMENT_3D ( 'NONE', #2466, #2820, #3096 ) ;
#2903 = VERTEX_POINT ( 'NONE', #3432 ) ;
#2904 = EDGE_CURVE ( 'NONE', #2691, #636, #98, .T. ) ;
#2905 = ORIENTED_EDGE ( 'NONE', *, *, #258, .F. ) ;
#2906 = DIRECTION ( 'NONE',  ( 1.000000000000000000, 0.0000000000000000000, -6.969871108835385309E-15 ) ) ;
#2907 = PLANE ( 'NONE',  #1194 ) ;
#2908 = VERTEX_POINT ( 'NONE', #648 ) ;
#2909 = CARTESIAN_POINT ( 'NONE',  ( 0.4153543307086615677, 0.0000000000000000000, 0.1030978498841485375 ) ) ;
#2910 = ORIENTED_EDGE ( 'NONE', *, *, #2793, .F. ) ;
#2911 = CARTESIAN_POINT ( 'NONE',  ( 0.09403473264163826617, -0.5072888633883859688, 0.001449467781472658793 ) ) ;
#2912 = DIRECTION ( 'NONE',  ( -6.982962677686265922E-15, 0.0000000000000000000, -1.000000000000000000 ) ) ;
#2913 = EDGE_CURVE ( 'NONE', #1405, #3168, #2671, .T. ) ;
#2914 = SURFACE_STYLE_FILL_AREA ( #934 ) ;
#2915 = CARTESIAN_POINT ( 'NONE',  ( -0.09179607981441018083, -0.5054462212445653968, -0.002676844073302206591 ) ) ;
#2916 = CARTESIAN_POINT ( 'NONE',  ( -0.05905511811023608781, -0.5875910061653543126, 0.1050663538211597248 ) ) ;
#2917 = ORIENTED_EDGE ( 'NONE', *, *, #294, .T. ) ;
#2918 = CARTESIAN_POINT ( 'NONE',  ( 0.09423389469406444341, -0.3528783753504397547, 0.002706734946307002079 ) ) ;
#2919 = CARTESIAN_POINT ( 'NONE',  ( 0.2627952755905513249, 0.3597074019655905341, 0.1030978498841495922 ) ) ;
#2920 = SURFACE_STYLE_FILL_AREA ( #1568 ) ;
#2921 = ORIENTED_EDGE ( 'NONE', *, *, #2951, .T. ) ;
#2922 = ORIENTED_EDGE ( 'NONE', *, *, #1348, .T. ) ;
#2923 = LINE ( 'NONE', #2141, #560 ) ;
#2924 = ORIENTED_CLOSED_SHELL ( 'NONE', *, #655, .F. );
#2925 = EDGE_CURVE ( 'NONE', #144, #1405, #1483, .T. ) ;
#2926 = B_SPLINE_CURVE_WITH_KNOTS ( 'NONE', 3,
 ( #104, #2049, #3454, #2624, #2072, #3436, #3195, #703, #357, #3475, #2563, #81, #2582, #141 ),
 .UNSPECIFIED., .F., .F.,
 ( 4, 2, 2, 2, 2, 2, 4 ),
 ( 0.0000000000000000000, 0.1250000000000018874, 0.2500000000000037748, 0.5000000000000027756, 0.6250000000000023315, 0.7500000000000018874, 1.000000000000000000 ),
 .UNSPECIFIED. ) ;
#2927 =( LENGTH_UNIT ( ) NAMED_UNIT ( * ) SI_UNIT ( $, .METRE. ) );
#2928 = DIRECTION ( 'NONE',  ( -1.000000000000000000, 0.0000000000000000000, 6.981038439765598482E-15 ) ) ;
#2929 = DIRECTION ( 'NONE',  ( 0.0000000000000000000, 1.000000000000000000, 0.0000000000000000000 ) ) ;
#2930 = EDGE_CURVE ( 'NONE', #121, #736, #1730, .T. ) ;
#2931 = CARTESIAN_POINT ( 'NONE',  ( 0.1494762095216532749, -0.3331230356801574977, 0.04404273177391417049 ) ) ;
#2932 = CARTESIAN_POINT ( 'NONE',  ( -0.09138088458978516071, -0.5050963754522358462, -0.003184644487306922608 ) ) ;
#2933 = EDGE_CURVE ( 'NONE', #2255, #3173, #1434, .T. ) ;
#2934 = ORIENTED_EDGE ( 'NONE', *, *, #1937, .T. ) ;
#2935 = FACE_OUTER_BOUND ( 'NONE', #53, .T. ) ;
#2936 =( GEOMETRIC_REPRESENTATION_CONTEXT ( 3 ) GLOBAL_UNCERTAINTY_ASSIGNED_CONTEXT ( ( #1612 ) ) GLOBAL_UNIT_ASSIGNED_CONTEXT ( ( #3366, #1707, #918 ) ) REPRESENTATION_CONTEXT ( 'NONE', 'WORKASPACE' ) );
#2937 = FACE_OUTER_BOUND ( 'NONE', #1452, .T. ) ;
#2938 = ORIENTED_EDGE ( 'NONE', *, *, #2642, .T. ) ;
#2939 = VERTEX_POINT ( 'NONE', #2637 ) ;
#2940 = MECHANICAL_DESIGN_GEOMETRIC_PRESENTATION_REPRESENTATION (  '', ( #3448 ), #3504 ) ;
#2941 = AXIS2_PLACEMENT_3D ( 'NONE', #1968, #1063, #546 ) ;
#2942 = CARTESIAN_POINT ( 'NONE',  ( 0.1967203040098422784, -0.3075958649006693135, 0.04404273177391384436 ) ) ;
#2943 = AXIS2_PLACEMENT_3D ( 'NONE', #943, #597, #3121 ) ;
#2944 = EDGE_CURVE ( 'NONE', #1298, #1250, #2483, .T. ) ;
#2945 = AXIS2_PLACEMENT_3D ( 'NONE', #1259, #1810, #459 ) ;
#2946 = CARTESIAN_POINT ( 'NONE',  ( 0.2066929133858265433, -0.2363455213631495966, 0.04404273177391376110 ) ) ;
#2947 = DIRECTION ( 'NONE',  ( -1.000000000000000000, 0.0000000000000000000, 6.991006526541811099E-15 ) ) ;
#2948 = EDGE_CURVE ( 'NONE', #2939, #477, #391, .T. ) ;
#2949 = SURFACE_STYLE_USAGE ( .BOTH. , #711 ) ;
#2950 = CIRCLE ( 'NONE', #2772, 0.5162692607295275016 ) ;
#2951 = EDGE_CURVE ( 'NONE', #418, #1771, #2186, .T. ) ;
#2952 = CARTESIAN_POINT ( 'NONE',  ( 0.2066929133858267931, -0.4832426585547244247, 0.08734981838808698884 ) ) ;
#2953 = AXIS2_PLACEMENT_3D ( 'NONE', #2354, #3429, #1160 ) ;
#2954 = DIRECTION ( 'NONE',  ( -6.982962677686266711E-15, 0.0000000000000000000, -1.000000000000000000 ) ) ;
#2955 = ADVANCED_FACE ( 'NONE', ( #2548 ), #3069, .T. ) ;
#2956 = EDGE_LOOP ( 'NONE', ( #453, #287 ) ) ;
#2957 = DIRECTION ( 'NONE',  ( -1.000000000000000000, 0.0000000000000000000, 6.969871108835385309E-15 ) ) ;
#2958 =( LENGTH_UNIT ( ) NAMED_UNIT ( * ) SI_UNIT ( $, .METRE. ) );
#2959 = CARTESIAN_POINT ( 'NONE',  ( 0.03916850686536958726, -0.3708620531010212162, -0.006437470804278187277 ) ) ;
#2960 = PRESENTATION_STYLE_ASSIGNMENT (( #1248 ) ) ;
#2961 = ORIENTED_EDGE ( 'NONE', *, *, #3316, .T. ) ;
#2962 = EDGE_LOOP ( 'NONE', ( #2484, #1565 ) ) ;
#2963 = SURFACE_STYLE_FILL_AREA ( #469 ) ;
#2964 = TOROIDAL_SURFACE ( 'NONE', #789, 0.3769330499553151248, 0.01181102362204724393 ) ;
#2965 = EDGE_CURVE ( 'NONE', #218, #3247, #2826, .T. ) ;
#2966 = DIRECTION ( 'NONE',  ( -0.6583072100313249742, -0.7527493721158279305, 4.595113909719128364E-15 ) ) ;
#2967 = DIRECTION ( 'NONE',  ( -0.2895314923657954509, -0.9571684882654858395, 2.021525167612714435E-15 ) ) ;
#2968 = EDGE_CURVE ( 'NONE', #653, #2231, #2311, .T. ) ;
#2969 = FACE_OUTER_BOUND ( 'NONE', #2011, .T. ) ;
#2970 = DIRECTION ( 'NONE',  ( -1.000000000000000000, 0.0000000000000000000, 6.982962677686265922E-15 ) ) ;
#2971 = ORIENTED_EDGE ( 'NONE', *, *, #1672, .T. ) ;
#2972 = DIRECTION ( 'NONE',  ( -6.982962677686265922E-15, 0.0000000000000000000, -1.000000000000000000 ) ) ;
#2973 = B_SPLINE_CURVE_WITH_KNOTS ( 'NONE', 3,
 ( #2502, #1108, #1149, #663, #1798, #1776, #395, #2280 ),
 .UNSPECIFIED., .F., .F.,
 ( 4, 2, 2, 4 ),
 ( 6.093892907409052202E-16, 0.0001609562067754149821, 0.0003219124135502205884, 0.0006438248270998318552 ),
 .UNSPECIFIED. ) ;
#2974 =( NAMED_UNIT ( * ) PLANE_ANGLE_UNIT ( ) SI_UNIT ( $, .RADIAN. ) );
#2975 = CARTESIAN_POINT ( 'NONE',  ( 0.03251856879904711783, -0.3648274563700683593, -0.0004197656801603409757 ) ) ;
#2976 = CARTESIAN_POINT ( 'NONE',  ( -0.05905511811023606700, -0.5817315298515314259, 0.1066694239044268244 ) ) ;
#2977 = ORIENTED_EDGE ( 'NONE', *, *, #1019, .F. ) ;
#2978 = ORIENTED_EDGE ( 'NONE', *, *, #2993, .F. ) ;
#2979 = CARTESIAN_POINT ( 'NONE',  ( 1.469013813387963317E-16, 0.0000000000000000000, 0.1050663538211593084 ) ) ;
#2980 = LINE ( 'NONE', #1000, #2369 ) ;
#2981 = LINE ( 'NONE', #3265, #2531 ) ;
#2982 = CARTESIAN_POINT ( 'NONE',  ( -0.09435809928543364977, -0.5075731461314961779, 0.004672653033758377740 ) ) ;
#2983 = B_SPLINE_CURVE_WITH_KNOTS ( 'NONE', 3,
 ( #2069, #3192, #2918, #3472, #1939, #2147, #2485, #1366, #1593, #534, #3021, #1331, #2430, #2447, #498, #2464, #2203, #3572, #2713, #230, #821, #517 ),
 .UNSPECIFIED., .F., .F.,
 ( 4, 2, 2, 2, 2, 2, 1, 1, 2, 2, 2, 4 ),
 ( 0.0000000000000000000, 0.1249999999999928946, 0.1874999999999908407, 0.2187499999999881484, 0.2499999999999854561, 0.3749999999999852340, 0.4374999999999829581, 0.4687499999999817923, 0.4843749999999817368, 0.4999999999999816813, 0.7499999999999908962, 1.000000000000000000 ),
 .UNSPECIFIED. ) ;
#2984 = DIRECTION ( 'NONE',  ( -1.000000000000000000, 0.0000000000000000000, 6.982962677686265922E-15 ) ) ;
#2985 = DIRECTION ( 'NONE',  ( 0.0000000000000000000, -1.000000000000000000, 0.0000000000000000000 ) ) ;
#2986 = ORIENTED_EDGE ( 'NONE', *, *, #647, .T. ) ;
#2987 = CARTESIAN_POINT ( 'NONE',  ( -2.130236220472441655, -0.4468737351637795396, -0.001232858777251003230 ) ) ;
#2988 = FILL_AREA_STYLE ('',( #1869 ) ) ;
#2989 = CARTESIAN_POINT ( 'NONE',  ( 0.3021531221068381456, 0.002718852495534282779, -0.01304388239931524550 ) ) ;
#2990 = EDGE_LOOP ( 'NONE', ( #1076, #1320, #941, #2236 ) ) ;
#2991 = VERTEX_POINT ( 'NONE', #592 ) ;
#2992 =( NAMED_UNIT ( * ) SI_UNIT ( $, .STERADIAN. ) SOLID_ANGLE_UNIT ( ) );
#2993 = EDGE_CURVE ( 'NONE', #1598, #673, #2752, .T. ) ;
#2994 = CIRCLE ( 'NONE', #193, 0.05511811023622047168 ) ;
#2995 = LINE ( 'NONE', #486, #2605 ) ;
#2996 = CIRCLE ( 'NONE', #2001, 0.5905511811023621549 ) ;
#2997 = UNCERTAINTY_MEASURE_WITH_UNIT (LENGTH_MEASURE( 1.000000000000000082E-05 ), #36, 'distance_accuracy_value', 'NONE');
#2998 = VECTOR ( 'NONE', #3539, 39.37007874015748143 ) ;
#2999 = CARTESIAN_POINT ( 'NONE',  ( 0.05511811023622032596, 0.4153543307086614567, 0.06372777114399356957 ) ) ;
#3000 =( NAMED_UNIT ( * ) SI_UNIT ( $, .STERADIAN. ) SOLID_ANGLE_UNIT ( ) );
#3001 = ORIENTED_EDGE ( 'NONE', *, *, #137, .T. ) ;
#3002 = COLOUR_RGB ( '',1.000000000000000000, 1.000000000000000000, 1.000000000000000000 ) ;
#3003 = LENGTH_MEASURE_WITH_UNIT ( LENGTH_MEASURE( 0.02539999999999999897 ), #721 );
#3004 = CIRCLE ( 'NONE', #1361, 0.5905511811023621549 ) ;
#3005 = DIRECTION ( 'NONE',  ( -6.982962677686266711E-15, 0.0000000000000000000, -1.000000000000000000 ) ) ;
#3006 = CARTESIAN_POINT ( 'NONE',  ( -7.603339271794982922E-16, 0.0000000000000000000, -0.02485490602136037827 ) ) ;
#3007 = ORIENTED_EDGE ( 'NONE', *, *, #283, .T. ) ;
#3008 = ORIENTED_EDGE ( 'NONE', *, *, #2130, .T. ) ;
#3009 = COLOUR_RGB ( '',1.000000000000000000, 1.000000000000000000, 1.000000000000000000 ) ;
#3010 = B_SPLINE_CURVE_WITH_KNOTS ( 'NONE', 3,
 ( #518, #41, #2501, #298, #3081, #2804, #1090, #2541 ),
 .UNSPECIFIED., .F., .F.,
 ( 4, 2, 2, 4 ),
 ( 1.255131580609697288E-17, 0.0001840631537232146752, 0.0003681263074464168278, 0.0007362526148928198863 ),
 .UNSPECIFIED. ) ;
#3011 = VECTOR ( 'NONE', #2217, 39.37007874015748143 ) ;
#3012 = AXIS2_PLACEMENT_3D ( 'NONE', #268, #1959, #1 ) ;
#3013 = CARTESIAN_POINT ( 'NONE',  ( 0.5649606299212605043, 0.0000000000000000000, 0.1680584798054073070 ) ) ;
#3014 = CARTESIAN_POINT ( 'NONE',  ( -0.1518168748199103801, -0.4909944994940467211, -0.002606211947009876104 ) ) ;
#3015 = AXIS2_PLACEMENT_3D ( 'NONE', #1262, #1542, #864 ) ;
#3016 = CARTESIAN_POINT ( 'NONE',  ( -0.05905511811023649721, -0.5222623100665354512, 0.04404273177391562072 ) ) ;
#3017 = VECTOR ( 'NONE', #699, 39.37007874015748143 ) ;
#3018 = CARTESIAN_POINT ( 'NONE',  ( -0.1967203040098428335, -0.3075958649006693135, 0.04404273177391657829 ) ) ;
#3019 = LINE ( 'NONE', #2711, #2220 ) ;
#3020 = EDGE_LOOP ( 'NONE', ( #1717, #183, #2394, #3256 ) ) ;
#3021 = CARTESIAN_POINT ( 'NONE',  ( 0.09208159421292962110, -0.3556705519948797911, -0.002338810558493052780 ) ) ;
#3022 = DIRECTION ( 'NONE',  ( 6.982962677686266711E-15, 0.0000000000000000000, 1.000000000000000000 ) ) ;
#3023 = CARTESIAN_POINT ( 'NONE',  ( 0.03597796636066422082, -0.3679794894003025063, -0.004712391172927610401 ) ) ;
#3024 = CARTESIAN_POINT ( 'NONE',  ( -0.4153543307086615677, 0.0000000000000000000, 0.06372777114399685860 ) ) ;
#3025 = FACE_OUTER_BOUND ( 'NONE', #2791, .T. ) ;
#3026 = ORIENTED_EDGE ( 'NONE', *, *, #2472, .T. ) ;
#3027 = LINE ( 'NONE', #3275, #2523 ) ;
#3028 = LINE ( 'NONE', #3013, #2419 ) ;
#3029 = CARTESIAN_POINT ( 'NONE',  ( -0.1588232062956276280, -0.4814112129578685950, -0.007138370588288403019 ) ) ;
#3030 = ORIENTED_EDGE ( 'NONE', *, *, #882, .T. ) ;
#3031 = CYLINDRICAL_SURFACE ( 'NONE', #676, 0.01181102362204724393 ) ;
#3032 = DIRECTION ( 'NONE',  ( -1.000000000000000000, 0.0000000000000000000, 6.978189126646753508E-15 ) ) ;
#3033 = EDGE_CURVE ( 'NONE', #2348, #742, #624, .T. ) ;
#3034 = UNCERTAINTY_MEASURE_WITH_UNIT (LENGTH_MEASURE( 1.000000000000000082E-05 ), #2379, 'distance_accuracy_value', 'NONE');
#3035 = CARTESIAN_POINT ( 'NONE',  ( 0.0000000000000000000, 0.0000000000000000000, 0.0000000000000000000 ) ) ;
#3036 = PRESENTATION_STYLE_ASSIGNMENT (( #1648 ) ) ;
#3037 = ORIENTED_EDGE ( 'NONE', *, *, #1932, .F. ) ;
#3038 = LINE ( 'NONE', #1089, #3117 ) ;
#3039 = ADVANCED_FACE ( 'NONE', ( #614 ), #1728, .T. ) ;
#3040 = DIRECTION ( 'NONE',  ( -6.982962677686266711E-15, 0.0000000000000000000, -1.000000000000000000 ) ) ;
#3041 = DIRECTION ( 'NONE',  ( -6.982962677686265922E-15, 0.0000000000000000000, -1.000000000000000000 ) ) ;
#3042 = FACE_OUTER_BOUND ( 'NONE', #1411, .T. ) ;
#3043 = CYLINDRICAL_SURFACE ( 'NONE', #540, 0.01181102362204724393 ) ;
#3044 = ORIENTED_EDGE ( 'NONE', *, *, #3564, .T. ) ;
#3045 = CARTESIAN_POINT ( 'NONE',  ( 0.3045892917293701596, -0.2076771653543307283, 0.1030978498841493146 ) ) ;
#3046 = CARTESIAN_POINT ( 'NONE',  ( 0.1967203040098420008, -0.4773207219098187792, 0.004672653033756358522 ) ) ;
#3047 = PLANE ( 'NONE',  #2243 ) ;
#3048 = ORIENTED_EDGE ( 'NONE', *, *, #2444, .T. ) ;
#3049 = CARTESIAN_POINT ( 'NONE',  ( -0.05905511811023687885, -0.5062480042342253350, -0.005935857987381226372 ) ) ;
#3050 = CIRCLE ( 'NONE', #1112, 0.5162692607295276126 ) ;
#3051 = LINE ( 'NONE', #584, #3011 ) ;
#3052 = DIRECTION ( 'NONE',  ( -6.982962677686265922E-15, 0.0000000000000000000, -1.000000000000000000 ) ) ;
#3053 = AXIS2_PLACEMENT_3D ( 'NONE', #2261, #39, #586 ) ;
#3054 =( CONVERSION_BASED_UNIT ( 'INCH', #3610 ) LENGTH_UNIT ( ) NAMED_UNIT ( #1969 ) );
#3055 = PRESENTATION_LAYER_ASSIGNMENT (  '', '', ( #1883 ) ) ;
#3056 = EDGE_CURVE ( 'NONE', #632, #169, #399, .T. ) ;
#3057 = CARTESIAN_POINT ( 'NONE',  ( 0.05905511811023546331, -0.4468737351637795396, -0.02485490602136078420 ) ) ;
#3058 = ORIENTED_EDGE ( 'NONE', *, *, #601, .T. ) ;
#3059 = CARTESIAN_POINT ( 'NONE',  ( -0.2066929133858269318, -0.4574389778984252475, 0.06372777114399540144 ) ) ;
#3060 = AXIS2_PLACEMENT_3D ( 'NONE', #2131, #800, #1933 ) ;
#3061 = CARTESIAN_POINT ( 'NONE',  ( -1.692563776903062835E-16, 0.0000000000000000000, 0.05979076326997821711 ) ) ;
#3062 = CARTESIAN_POINT ( 'NONE',  ( 0.03136597330126322108, -0.4232516879196850934, 0.004672653033757524256 ) ) ;
#3063 = B_SPLINE_CURVE_WITH_KNOTS ( 'NONE', 3,
 ( #3130, #2634, #2911, #627, #681, #55, #1794, #2891, #2040, #1459, #3160, #366, #409, #114, #1517, #1479 ),
 .UNSPECIFIED., .F., .F.,
 ( 4, 2, 2, 1, 1, 2, 2, 2, 4 ),
 ( 0.0000000000000000000, 0.2499999999999410472, 0.3749999999999135691, 0.4374999999998998024, 0.4687499999998923639, 0.4843749999998906985, 0.4999999999998890887, 0.7499999999999444888, 1.000000000000000000 ),
 .UNSPECIFIED. ) ;
#3064 = STYLED_ITEM ( 'NONE', ( #1199 ), #1629 ) ;
#3065 = EDGE_LOOP ( 'NONE', ( #3095, #844, #1841, #126, #80, #2328, #1853, #3120 ) ) ;
#3066 = ORIENTED_EDGE ( 'NONE', *, *, #2292, .F. ) ;
#3067 = SURFACE_STYLE_FILL_AREA ( #1353 ) ;
#3068 = AXIS2_PLACEMENT_3D ( 'NONE', #1782, #401, #1268 ) ;
#3069 = CYLINDRICAL_SURFACE ( 'NONE', #1614, 0.5162692607295276126 ) ;
#3070 = CYLINDRICAL_SURFACE ( 'NONE', #1022, 0.05511811023622047861 ) ;
#3071 = EDGE_LOOP ( 'NONE', ( #1198, #2986, #286, #568, #3598 ) ) ;
#3072 = CARTESIAN_POINT ( 'NONE',  ( -0.5255905511811024278, 0.0000000000000000000, 0.08734981838809210974 ) ) ;
#3073 = VECTOR ( 'NONE', #677, 39.37007874015748143 ) ;
#3074 = EDGE_CURVE ( 'NONE', #102, #3352, #1902, .T. ) ;
#3075 = PRESENTATION_LAYER_ASSIGNMENT (  '', '', ( #499 ) ) ;
#3076 = LINE ( 'NONE', #570, #2662 ) ;
#3077 = CARTESIAN_POINT ( 'NONE',  ( 0.1849092803877946112, -0.3284616905745356141, -0.007138370588290806479 ) ) ;
#3078 = AXIS2_PLACEMENT_3D ( 'NONE', #2211, #829, #3100 ) ;
#3079 = AXIS2_PLACEMENT_3D ( 'NONE', #1389, #1977, #5 ) ;
#3080 = CARTESIAN_POINT ( 'NONE',  ( 0.05905511811023608088, -0.5837867614348487555, 0.06260733803306731127 ) ) ;
#3081 = CARTESIAN_POINT ( 'NONE',  ( -0.1930530427885365496, -0.3142291214465488536, -0.003992442140990857570 ) ) ;
#3082 = FILL_AREA_STYLE_COLOUR ( '', #1257 ) ;
#3083 = EDGE_CURVE ( 'NONE', #3173, #910, #1682, .T. ) ;
#3084 = EDGE_LOOP ( 'NONE', ( #2683, #2724, #2407, #725 ) ) ;
#3085 = LENGTH_MEASURE_WITH_UNIT ( LENGTH_MEASURE( 0.02539999999999999897 ), #506 );
#3086 = EDGE_CURVE ( 'NONE', #1980, #2262, #970, .T. ) ;
#3087 = DIRECTION ( 'NONE',  ( -1.000000000000000000, 0.0000000000000000000, 6.969871108835385309E-15 ) ) ;
#3088 = CARTESIAN_POINT ( 'NONE',  ( -0.5905511811023615998, 0.0000000000000000000, 0.1680584798054154116 ) ) ;
#3089 = ORIENTED_EDGE ( 'NONE', *, *, #2948, .T. ) ;
#3090 = DIRECTION ( 'NONE',  ( -0.3342829112003970482, 0.9424727769433912661, 2.334285092700685434E-15 ) ) ;
#3091 = ORIENTED_EDGE ( 'NONE', *, *, #2708, .F. ) ;
#3092 = CARTESIAN_POINT ( 'NONE',  ( 0.09435809928543252567, -0.3527189294792126284, 0.004672653033757080167 ) ) ;
#3093 = ADVANCED_FACE ( 'NONE', ( #1113 ), #2233, .T. ) ;
#3094 = FACE_OUTER_BOUND ( 'NONE', #3159, .T. ) ;
#3095 = ORIENTED_EDGE ( 'NONE', *, *, #3483, .F. ) ;
#3096 = DIRECTION ( 'NONE',  ( -1.000000000000000000, 0.0000000000000000000, 6.982962677686265922E-15 ) ) ;
#3097 = FILL_AREA_STYLE_COLOUR ( '', #2308 ) ;
#3098 = EDGE_LOOP ( 'NONE', ( #883, #3191 ) ) ;
#3099 =( CONVERSION_BASED_UNIT ( 'INCH', #61 ) LENGTH_UNIT ( ) NAMED_UNIT ( #969 ) );
#3100 = DIRECTION ( 'NONE',  ( -1.000000000000000000, 0.0000000000000000000, 6.981038439765598482E-15 ) ) ;
#3101 = DIRECTION ( 'NONE',  ( -6.982962677686266711E-15, 0.0000000000000000000, -1.000000000000000000 ) ) ;
#3102 = ORIENTED_EDGE ( 'NONE', *, *, #452, .T. ) ;
#3103 = ADVANCED_FACE ( 'NONE', ( #2253 ), #2838, .T. ) ;
#3104 = ORIENTED_EDGE ( 'NONE', *, *, #937, .F. ) ;
#3105 = CARTESIAN_POINT ( 'NONE',  ( -0.03136597330126012634, -0.4232516879196850934, 0.04404273177391543337 ) ) ;
#3106 = DIRECTION ( 'NONE',  ( -1.000000000000000000, 0.0000000000000000000, 6.984373545599503212E-15 ) ) ;
#3107 = VERTEX_POINT ( 'NONE', #2919 ) ;
#3108 = CARTESIAN_POINT ( 'NONE',  ( 8.067088784430104916E-16, 0.0000000000000000000, 0.1995545427975372876 ) ) ;
#3109 = CIRCLE ( 'NONE', #423, 0.05511811023622047861 ) ;
#3110 = CARTESIAN_POINT ( 'NONE',  ( 0.05905511811023628904, -0.5875910061653405458, 0.09325533019911166899 ) ) ;
#3111 = EDGE_CURVE ( 'NONE', #1226, #28, #2088, .T. ) ;
#3112 = DIRECTION ( 'NONE',  ( -1.000000000000000000, 0.0000000000000000000, 6.996718019773122999E-15 ) ) ;
#3113 = LENGTH_MEASURE_WITH_UNIT ( LENGTH_MEASURE( 0.02539999999999999897 ), #1975 );
#3114 = ORIENTED_EDGE ( 'NONE', *, *, #2448, .F. ) ;
#3115 = AXIS2_PLACEMENT_3D ( 'NONE', #237, #564, #3561 ) ;
#3116 = DIRECTION ( 'NONE',  ( -6.982962677686266711E-15, 0.0000000000000000000, -1.000000000000000000 ) ) ;
#3117 = VECTOR ( 'NONE', #284, 39.37007874015748143 ) ;
#3118 = CARTESIAN_POINT ( 'NONE',  ( -6.366200214724579616E-16, 0.0000000000000000000, -0.007138370588289512375 ) ) ;
#3119 = ORIENTED_EDGE ( 'NONE', *, *, #3587, .F. ) ;
#3120 = ORIENTED_EDGE ( 'NONE', *, *, #137, .F. ) ;
#3121 = DIRECTION ( 'NONE',  ( -1.000000000000000000, 0.0000000000000000000, 6.982962677686265922E-15 ) ) ;
#3122 = AXIS2_PLACEMENT_3D ( 'NONE', #2615, #3180, #408 ) ;
#3123 = DIRECTION ( 'NONE',  ( -5.782411586589357244E-15, 0.0000000000000000000, -1.000000000000000000 ) ) ;
#3124 = AXIS2_PLACEMENT_3D ( 'NONE', #1752, #1773, #389 ) ;
#3125 = EDGE_CURVE ( 'NONE', #2051, #3367, #2606, .T. ) ;
#3126 = ORIENTED_EDGE ( 'NONE', *, *, #1888, .T. ) ;
#3127 = DIRECTION ( 'NONE',  ( -6.982962677686265922E-15, 0.0000000000000000000, -1.000000000000000000 ) ) ;
#3128 = VECTOR ( 'NONE', #465, 39.37007874015748143 ) ;
#3129 = CIRCLE ( 'NONE', #1556, 0.3651220263332677907 ) ;
#3130 = CARTESIAN_POINT ( 'NONE',  ( 0.09435809928543252567, -0.5075731461314961779, 0.004672653033757080167 ) ) ;
#3131 = VECTOR ( 'NONE', #1948, 39.37007874015748143 ) ;
#3132 = VECTOR ( 'NONE', #2794, 39.37007874015748143 ) ;
#3133 = CARTESIAN_POINT ( 'NONE',  ( -0.5905511811023619329, 0.0000000000000000000, 0.1168773774432106810 ) ) ;
#3134 = DIRECTION ( 'NONE',  ( -1.000000000000000000, 0.0000000000000000000, 6.984373545599503212E-15 ) ) ;
#3135 = EDGE_CURVE ( 'NONE', #2074, #3229, #1507, .T. ) ;
#3136 = ORIENTED_EDGE ( 'NONE', *, *, #2400, .F. ) ;
#3137 = SURFACE_SIDE_STYLE ('',( #2013 ) ) ;
#3138 = DIRECTION ( 'NONE',  ( 0.1123595505618001505, -0.9936676161562024712, -7.796510004390138882E-16 ) ) ;
#3139 = EDGE_LOOP ( 'NONE', ( #3174, #1386, #616, #787 ) ) ;
#3140 = B_SPLINE_CURVE_WITH_KNOTS ( 'NONE', 3,
 ( #1295, #208, #2655, #1317, #1024, #2132, #460, #1849, #3238, #1561 ),
 .UNSPECIFIED., .F., .F.,
 ( 4, 2, 2, 2, 4 ),
 ( 0.0000000000000000000, 0.2500000000000010547, 0.3750000000000006661, 0.5000000000000003331, 1.000000000000000000 ),
 .UNSPECIFIED. ) ;
#3141 = ORIENTED_EDGE ( 'NONE', *, *, #2930, .T. ) ;
#3142 = CARTESIAN_POINT ( 'NONE',  ( 0.03136597330126322108, -0.4232516879196850934, 0.004672653033757524256 ) ) ;
#3143 = CARTESIAN_POINT ( 'NONE',  ( 0.04317699692330644740, -0.4240017862688977845, -0.007138370588289819421 ) ) ;
#3144 = CYLINDRICAL_SURFACE ( 'NONE', #1951, 0.3651220263332677907 ) ;
#3145 = ORIENTED_EDGE ( 'NONE', *, *, #85, .T. ) ;
#3146 = CARTESIAN_POINT ( 'NONE',  ( 0.1967203040098422784, -0.4773207219098424825, 0.04404273177391384436 ) ) ;
#3147 = CYLINDRICAL_SURFACE ( 'NONE', #1347, 0.05511811023622047861 ) ;
#3148 = EDGE_CURVE ( 'NONE', #2593, #1283, #1466, .T. ) ;
#3149 = CARTESIAN_POINT ( 'NONE',  ( 0.05905511811023628904, -0.5875910061653405458, 0.09325533019911166899 ) ) ;
#3150 = ORIENTED_EDGE ( 'NONE', *, *, #271, .T. ) ;
#3151 = CARTESIAN_POINT ( 'NONE',  ( 0.1612872331437001372, -0.3406830676353972964, -0.007138370588290639078 ) ) ;
#3152 = FACE_OUTER_BOUND ( 'NONE', #1225, .T. ) ;
#3153 = CARTESIAN_POINT ( 'NONE',  ( -0.03917752663836979177, -0.3708698464277586648, -0.006440617202777376531 ) ) ;
#3154 = ORIENTED_EDGE ( 'NONE', *, *, #163, .T. ) ;
#3155 = EDGE_LOOP ( 'NONE', ( #1820, #1025, #1889, #1763 ) ) ;
#3156 = DIRECTION ( 'NONE',  ( 1.000000000000000000, 0.0000000000000000000, -7.011425895934133952E-15 ) ) ;
#3157 = DIRECTION ( 'NONE',  ( 0.1719119365346974404, 0.9851123215536846667, -1.200454636670562422E-15 ) ) ;
#3158 = ORIENTED_EDGE ( 'NONE', *, *, #985, .F. ) ;
#3159 = EDGE_LOOP ( 'NONE', ( #325, #1917 ) ) ;
#3160 = CARTESIAN_POINT ( 'NONE',  ( 0.09031419498851217531, -0.5042005053365075096, -0.004225430095528332278 ) ) ;
#3161 = DIMENSIONAL_EXPONENTS ( 1.000000000000000000, 0.0000000000000000000, 0.0000000000000000000, 0.0000000000000000000, 0.0000000000000000000, 0.0000000000000000000, 0.0000000000000000000 ) ;
#3162 = LINE ( 'NONE', #2082, #1409 ) ;
#3163 = EDGE_CURVE ( 'NONE', #3371, #826, #3529, .T. ) ;
#3164 = LENGTH_MEASURE_WITH_UNIT ( LENGTH_MEASURE( 0.02539999999999999897 ), #2026 );
#3165 = VECTOR ( 'NONE', #2133, 39.37007874015748143 ) ;
#3166 = CARTESIAN_POINT ( 'NONE',  ( -0.09256352573495688074, -0.5060922794125343183, -0.001626059350552794269 ) ) ;
#3167 = LENGTH_MEASURE_WITH_UNIT ( LENGTH_MEASURE( 0.02539999999999999897 ), #2045 );
#3168 = VERTEX_POINT ( 'NONE', #2900 ) ;
#3169 = CARTESIAN_POINT ( 'NONE',  ( -2.792242938743420261E-16, 0.0000000000000000000, 0.04404273177391521132 ) ) ;
#3170 = DIRECTION ( 'NONE',  ( -1.000000000000000000, 0.0000000000000000000, 7.011425895934133952E-15 ) ) ;
#3171 = CARTESIAN_POINT ( 'NONE',  ( -0.05905511811023606700, -0.5851904599174273525, 0.1097162592081842303 ) ) ;
#3172 =( GEOMETRIC_REPRESENTATION_CONTEXT ( 3 ) GLOBAL_UNCERTAINTY_ASSIGNED_CONTEXT ( ( #2183 ) ) GLOBAL_UNIT_ASSIGNED_CONTEXT ( ( #3099, #900, #612 ) ) REPRESENTATION_CONTEXT ( 'NONE', 'WORKASPACE' ) );
#3173 = VERTEX_POINT ( 'NONE', #416 ) ;
#3174 = ORIENTED_EDGE ( 'NONE', *, *, #172, .T. ) ;
#3175 = LINE ( 'NONE', #404, #1004 ) ;
#3176 = AXIS2_PLACEMENT_3D ( 'NONE', #1006, #447, #1815 ) ;
#3177 = VECTOR ( 'NONE', #3127, 39.37007874015748143 ) ;
#3178 = EDGE_CURVE ( 'NONE', #1060, #3543, #2926, .T. ) ;
#3179 = ORIENTED_EDGE ( 'NONE', *, *, #2569, .T. ) ;
#3180 = DIRECTION ( 'NONE',  ( -6.982962677686266711E-15, 0.0000000000000000000, -1.000000000000000000 ) ) ;
#3181 = CIRCLE ( 'NONE', #1604, 0.5162692607295276126 ) ;
#3182 = CARTESIAN_POINT ( 'NONE',  ( -0.2066929133858268486, -0.4649423033537478656, 0.06452416006147868033 ) ) ;
#3183 = FACE_OUTER_BOUND ( 'NONE', #3155, .T. ) ;
#3184 = CIRCLE ( 'NONE', #683, 0.3651220263332680127 ) ;
#3185 = FACE_OUTER_BOUND ( 'NONE', #1031, .T. ) ;
#3186 = AXIS2_PLACEMENT_3D ( 'NONE', #2037, #3407, #3157 ) ;
#3187 = VECTOR ( 'NONE', #1261, 39.37007874015748143 ) ;
#3188 = FACE_OUTER_BOUND ( 'NONE', #2395, .T. ) ;
#3189 = FACE_OUTER_BOUND ( 'NONE', #1383, .T. ) ;
#3190 = DIRECTION ( 'NONE',  ( 6.982962677686266711E-15, 0.0000000000000000000, 1.000000000000000000 ) ) ;
#3191 = ORIENTED_EDGE ( 'NONE', *, *, #919, .F. ) ;
#3192 = CARTESIAN_POINT ( 'NONE',  ( 0.09435809928542900071, -0.3527189294791996943, 0.003695906960522765163 ) ) ;
#3193 = EDGE_CURVE ( 'NONE', #538, #573, #1200, .T. ) ;
#3194 = VECTOR ( 'NONE', #2559, 39.37007874015748143 ) ;
#3195 = CARTESIAN_POINT ( 'NONE',  ( 0.2066929133858266820, -0.4739222017677738319, 0.06890326794488380036 ) ) ;
#3196 = ADVANCED_FACE ( 'NONE', ( #3152 ), #650, .T. ) ;
#3197 = CARTESIAN_POINT ( 'NONE',  ( -0.05905511811023599067, -0.5875910061653543126, 0.1168773774432069756 ) ) ;
#3198 = COLOUR_RGB ( '',1.000000000000000000, 1.000000000000000000, 1.000000000000000000 ) ;
#3199 = EDGE_LOOP ( 'NONE', ( #2272, #3262, #1527, #2977 ) ) ;
#3200 = ORIENTED_EDGE ( 'NONE', *, *, #1739, .T. ) ;
#3201 = PRESENTATION_STYLE_ASSIGNMENT (( #2396 ) ) ;
#3202 = EDGE_CURVE ( 'NONE', #106, #596, #448, .T. ) ;
#3203 = DIRECTION ( 'NONE',  ( 0.0000000000000000000, -1.000000000000000000, 0.0000000000000000000 ) ) ;
#3204 = LINE ( 'NONE', #1498, #1181 ) ;
#3205 = CARTESIAN_POINT ( 'NONE',  ( -0.05905511811023608781, -0.5222623100665354512, 0.1050663538211597248 ) ) ;
#3206 = CARTESIAN_POINT ( 'NONE',  ( 0.05905511811023558821, -0.4240017862688977845, -0.007138370588289922637 ) ) ;
#3207 = DIRECTION ( 'NONE',  ( -6.982962677686265922E-15, 0.0000000000000000000, -1.000000000000000000 ) ) ;
#3208 = ORIENTED_EDGE ( 'NONE', *, *, #1348, .F. ) ;
#3209 = LINE ( 'NONE', #1242, #3570 ) ;
#3210 = DIRECTION ( 'NONE',  ( -6.982962677686265922E-15, 0.0000000000000000000, -1.000000000000000000 ) ) ;
#3211 = CARTESIAN_POINT ( 'NONE',  ( -0.05905511811023602536, -0.5872651932051585755, 0.1137837087899667560 ) ) ;
#3212 = EDGE_LOOP ( 'NONE', ( #3208, #3312, #1867, #1097, #3401 ) ) ;
#3213 = ORIENTED_EDGE ( 'NONE', *, *, #2854, .T. ) ;
#3214 = ADVANCED_FACE ( 'NONE', ( #3420 ), #669, .F. ) ;
#3215 = DIRECTION ( 'NONE',  ( -7.228014483236696753E-15, 0.0000000000000000000, -1.000000000000000000 ) ) ;
#3216 = CARTESIAN_POINT ( 'NONE',  ( -1.417643986442973787E-16, 0.0000000000000000000, 0.06372777114399395815 ) ) ;
#3217 = DIRECTION ( 'NONE',  ( 1.000000000000000000, 0.0000000000000000000, -6.969871108835385309E-15 ) ) ;
#3218 = FACE_OUTER_BOUND ( 'NONE', #2306, .T. ) ;
#3219 = CARTESIAN_POINT ( 'NONE',  ( -0.08688211226317568703, -0.3623275752965802732, -0.006316830280157423143 ) ) ;
#3220 = AXIS2_PLACEMENT_3D ( 'NONE', #2756, #2435, #3542 ) ;
#3221 = DIRECTION ( 'NONE',  ( -1.000000000000000000, 0.0000000000000000000, 6.982962677686265922E-15 ) ) ;
#3222 = ORIENTED_EDGE ( 'NONE', *, *, #1716, .F. ) ;
#3223 = DIRECTION ( 'NONE',  ( -6.982962677686266711E-15, 0.0000000000000000000, -1.000000000000000000 ) ) ;
#3224 = ADVANCED_FACE ( 'NONE', ( #63 ), #1449, .T. ) ;
#3225 = AXIS2_PLACEMENT_3D ( 'NONE', #1919, #3551, #803 ) ;
#3226 = CARTESIAN_POINT ( 'NONE',  ( -0.2066928907657875347, -0.4581953130417323328, 0.06373280420009777569 ) ) ;
#3227 = CARTESIAN_POINT ( 'NONE',  ( -5.541440843344312717E-16, 0.0000000000000000000, 0.004672653033757728953 ) ) ;
#3228 = ORIENTED_EDGE ( 'NONE', *, *, #1085, .F. ) ;
#3229 = VERTEX_POINT ( 'NONE', #1167 ) ;
#3230 = DIRECTION ( 'NONE',  ( -0.9999894205215352772, 0.004599874455247162340, 6.982888801582998082E-15 ) ) ;
#3231 = CIRCLE ( 'NONE', #74, 0.5044582371074807225 ) ;
#3232 = VECTOR ( 'NONE', #3386, 39.37007874015748143 ) ;
#3233 = LINE ( 'NONE', #2942, #785 ) ;
#3234 = MECHANICAL_DESIGN_GEOMETRIC_PRESENTATION_REPRESENTATION (  '', ( #1303 ), #203 ) ;
#3235 = ADVANCED_FACE ( 'NONE', ( #342 ), #2285, .T. ) ;
#3236 = AXIS2_PLACEMENT_3D ( 'NONE', #2058, #1807, #929 ) ;
#3237 = VECTOR ( 'NONE', #2365, 39.37007874015748143 ) ;
#3238 = CARTESIAN_POINT ( 'NONE',  ( -0.04157693743212251963, -0.4240017862688976180, -0.007138370588289219207 ) ) ;
#3239 = CARTESIAN_POINT ( 'NONE',  ( 0.04317699692330652372, -2.130462867507086688, 0.004672653033757421040 ) ) ;
#3240 = EDGE_LOOP ( 'NONE', ( #2627, #2245, #1523, #804, #2679 ) ) ;
#3241 = CARTESIAN_POINT ( 'NONE',  ( -1.692563776903062835E-16, 0.0000000000000000000, 0.05979076326997821711 ) ) ;
#3242 = ORIENTED_EDGE ( 'NONE', *, *, #2726, .T. ) ;
#3243 = AXIS2_PLACEMENT_3D ( 'NONE', #1845, #1291, #3250 ) ;
#3244 = CARTESIAN_POINT ( 'NONE',  ( -0.05905511811023649721, -0.5222623100665354512, 0.04404273177391562072 ) ) ;
#3245 = ADVANCED_FACE ( 'NONE', ( #2937 ), #2431, .T. ) ;
#3246 =( LENGTH_UNIT ( ) NAMED_UNIT ( * ) SI_UNIT ( $, .METRE. ) );
#3247 = VERTEX_POINT ( 'NONE', #3289 ) ;
#3248 = EDGE_LOOP ( 'NONE', ( #2978, #3422, #3037, #938 ) ) ;
#3249 = AXIS2_PLACEMENT_3D ( 'NONE', #2346, #400, #1780 ) ;
#3250 = DIRECTION ( 'NONE',  ( -0.1123595505618001505, -0.9936676161562024712, 7.796510004390138882E-16 ) ) ;
#3251 = SURFACE_STYLE_FILL_AREA ( #458 ) ;
#3252 = DIRECTION ( 'NONE',  ( 0.0000000000000000000, -1.000000000000000000, 0.0000000000000000000 ) ) ;
#3253 = CARTESIAN_POINT ( 'NONE',  ( -1.417643986442973787E-16, 0.0000000000000000000, 0.06372777114399395815 ) ) ;
#3254 = EDGE_CURVE ( 'NONE', #878, #1462, #2728, .T. ) ;
#3255 = SURFACE_STYLE_FILL_AREA ( #1591 ) ;
#3256 = ORIENTED_EDGE ( 'NONE', *, *, #1290, .F. ) ;
#3257 = CARTESIAN_POINT ( 'NONE',  ( 0.1967203040098422784, -0.3075958649006693135, 0.04404273177391384436 ) ) ;
#3258 = CARTESIAN_POINT ( 'NONE',  ( -1.417643986442973787E-16, 0.0000000000000000000, 0.06372777114399395815 ) ) ;
#3259 = CARTESIAN_POINT ( 'NONE',  ( 0.03884212837853828065, -0.3705683973588059787, -0.006314569787091965300 ) ) ;
#3260 = DIRECTION ( 'NONE',  ( -6.982962677686266711E-15, 0.0000000000000000000, -1.000000000000000000 ) ) ;
#3261 = ADVANCED_FACE ( 'NONE', ( #165 ), #2411, .F. ) ;
#3262 = ORIENTED_EDGE ( 'NONE', *, *, #352, .F. ) ;
#3263 = EDGE_LOOP ( 'NONE', ( #2115, #1713 ) ) ;
#3264 = CARTESIAN_POINT ( 'NONE',  ( -2.792242938743420261E-16, 0.0000000000000000000, 0.04404273177391521132 ) ) ;
#3265 = CARTESIAN_POINT ( 'NONE',  ( -0.3139763779527560139, 0.0000000000000000000, 0.06372777114399615084 ) ) ;
#3266 = CARTESIAN_POINT ( 'NONE',  ( -0.04317699692330771027, -0.3744519609847244968, -0.007138370588289205329 ) ) ;
#3267 = DIRECTION ( 'NONE',  ( 0.0000000000000000000, 1.000000000000000000, 0.0000000000000000000 ) ) ;
#3268 =( NAMED_UNIT ( * ) PLANE_ANGLE_UNIT ( ) SI_UNIT ( $, .RADIAN. ) );
#3269 = ORIENTED_EDGE ( 'NONE', *, *, #2668, .F. ) ;
#3270 = ADVANCED_FACE ( 'NONE', ( #1300 ), #2692, .T. ) ;
#3271 = CARTESIAN_POINT ( 'NONE',  ( 0.03652724072556527007, -0.3684791821242247023, -0.005115126434840341907 ) ) ;
#3272 = B_SPLINE_CURVE_WITH_KNOTS ( 'NONE', 3,
 ( #3197, #1223, #3211, #451, #704, #3171, #958, #1286, #1526, #2976, #671, #3455, #2073, #2643 ),
 .UNSPECIFIED., .F., .F.,
 ( 4, 2, 2, 2, 2, 2, 4 ),
 ( 0.0000000000000000000, 0.2500000000000059952, 0.3750000000000068834, 0.5000000000000077716, 0.6250000000000086597, 0.7500000000000095479, 1.000000000000000000 ),
 .UNSPECIFIED. ) ;
#3273 = ORIENTED_EDGE ( 'NONE', *, *, #2458, .T. ) ;
#3274 = EDGE_LOOP ( 'NONE', ( #2910, #3089, #3044, #656 ) ) ;
#3275 = CARTESIAN_POINT ( 'NONE',  ( 0.1525590551181101040, 0.3597074019655905341, 0.06372777114399288956 ) ) ;
#3276 = TOROIDAL_SURFACE ( 'NONE', #1406, 0.5787401574803149318, 0.01181102362204724393 ) ;
#3277 = DIRECTION ( 'NONE',  ( -0.4111999806667108737, -0.9115451584533245111, 2.870256807225850725E-15 ) ) ;
#3278 = CARTESIAN_POINT ( 'NONE',  ( -0.5787340347112820416, 0.002662132066619420697, 0.1168773774432105977 ) ) ;
#3279 = EDGE_LOOP ( 'NONE', ( #881, #2934, #3102, #3091 ) ) ;
#3280 = CIRCLE ( 'NONE', #830, 0.05511811023622047861 ) ;
#3281 = DIRECTION ( 'NONE',  ( -1.000000000000000000, 0.0000000000000000000, 6.978189126646753508E-15 ) ) ;
#3282 = EDGE_CURVE ( 'NONE', #2250, #2074, #1010, .T. ) ;
#3283 = PRESENTATION_LAYER_ASSIGNMENT (  '', '', ( #950 ) ) ;
#3284 = AXIS2_PLACEMENT_3D ( 'NONE', #1579, #2378, #414 ) ;
#3285 = SURFACE_SIDE_STYLE ('',( #3255 ) ) ;
#3286 = ORIENTED_EDGE ( 'NONE', *, *, #1895, .F. ) ;
#3287 = DIRECTION ( 'NONE',  ( 0.0000000000000000000, 1.000000000000000000, 0.0000000000000000000 ) ) ;
#3288 = AXIS2_PLACEMENT_3D ( 'NONE', #1972, #13, #1985 ) ;
#3289 = CARTESIAN_POINT ( 'NONE',  ( -0.3045892917293701596, 0.2076771653543307283, 0.06372777114399608145 ) ) ;
#3290 = CIRCLE ( 'NONE', #1720, 0.05511811023622047861 ) ;
#3291 = CARTESIAN_POINT ( 'NONE',  ( -1.692563776903062835E-16, 0.0000000000000000000, 0.05979076326997821711 ) ) ;
#3292 = DIRECTION ( 'NONE',  ( 6.982962677686266711E-15, 0.0000000000000000000, 1.000000000000000000 ) ) ;
#3293 = ORIENTED_EDGE ( 'NONE', *, *, #1433, .T. ) ;
#3294 = ORIENTED_EDGE ( 'NONE', *, *, #452, .F. ) ;
#3295 = FILL_AREA_STYLE_COLOUR ( '', #2584 ) ;
#3296 = MECHANICAL_DESIGN_GEOMETRIC_PRESENTATION_REPRESENTATION (  '', ( #1555 ), #784 ) ;
#3297 = AXIS2_PLACEMENT_3D ( 'NONE', #3607, #1898, #2459 ) ;
#3298 = AXIS2_PLACEMENT_3D ( 'NONE', #1350, #1323, #2413 ) ;
#3299 = CARTESIAN_POINT ( 'NONE',  ( -0.1494762095216541076, -0.4941566678305581162, 0.004672653033758778461 ) ) ;
#3300 = EDGE_CURVE ( 'NONE', #889, #2908, #2227, .T. ) ;
#3301 = CARTESIAN_POINT ( 'NONE',  ( 0.1967203040098420008, -0.4773207219098187792, 0.004672653033756358522 ) ) ;
#3302 = PRESENTATION_LAYER_ASSIGNMENT (  '', '', ( #2899 ) ) ;
#3303 = BREP_WITH_VOIDS ( 'NONE', #1107, ( #978, #599, #2424, #2699, #335, #3554, #2924, #1124, #377 ) );
#3304 = DIRECTION ( 'NONE',  ( -6.982962677686266711E-15, 0.0000000000000000000, -1.000000000000000000 ) ) ;
#3305 = FACE_OUTER_BOUND ( 'NONE', #1758, .T. ) ;
#3306 = EDGE_CURVE ( 'NONE', #3434, #1998, #3359, .T. ) ;
#3307 = DIRECTION ( 'NONE',  ( -0.2895314923657954509, -0.9571684882654858395, 2.017391169314938218E-15 ) ) ;
#3308 = ORIENTED_EDGE ( 'NONE', *, *, #2511, .F. ) ;
#3309 = DIRECTION ( 'NONE',  ( 0.0000000000000000000, 1.000000000000000000, 0.0000000000000000000 ) ) ;
#3310 = FACE_OUTER_BOUND ( 'NONE', #3495, .T. ) ;
#3311 = DIRECTION ( 'NONE',  ( -6.982962677686266711E-15, 0.0000000000000000000, -1.000000000000000000 ) ) ;
#3312 = ORIENTED_EDGE ( 'NONE', *, *, #3427, .T. ) ;
#3313 = ORIENTED_EDGE ( 'NONE', *, *, #1573, .F. ) ;
#3314 = CARTESIAN_POINT ( 'NONE',  ( -0.4704724409448820532, 0.0000000000000000000, 0.06372777114399723331 ) ) ;
#3315 = CARTESIAN_POINT ( 'NONE',  ( -0.05905511811023686497, -0.5088865506918140991, -0.004201962701397018649 ) ) ;
#3316 = EDGE_CURVE ( 'NONE', #3326, #388, #3010, .T. ) ;
#3317 = ADVANCED_FACE ( 'NONE', ( #1129 ), #3594, .T. ) ;
#3318 = CARTESIAN_POINT ( 'NONE',  ( 0.04237701779656743994, -0.4240017862688975625, -0.007138370588289817686 ) ) ;
#3319 = DIRECTION ( 'NONE',  ( -0.9999894205215352772, 0.004599874455247162340, 6.982888801582998082E-15 ) ) ;
#3320 = CARTESIAN_POINT ( 'NONE',  ( 0.04317699692330644740, -0.4240017862688977845, -0.007138370588289819421 ) ) ;
#3321 = ORIENTED_EDGE ( 'NONE', *, *, #1538, .T. ) ;
#3322 = CARTESIAN_POINT ( 'NONE',  ( -0.5255905511811026498, 0.0000000000000000000, 0.06372777114399762188 ) ) ;
#3323 = CARTESIAN_POINT ( 'NONE',  ( -5.541440843344312717E-16, 0.0000000000000000000, 0.004672653033757728953 ) ) ;
#3324 = DIRECTION ( 'NONE',  ( -1.000000000000000000, 0.0000000000000000000, 6.982962677686265922E-15 ) ) ;
#3325 = CARTESIAN_POINT ( 'NONE',  ( -0.05905511811023608781, -0.5757192570212599225, 0.1050663538211597248 ) ) ;
#3326 = VERTEX_POINT ( 'NONE', #1074 ) ;
#3327 = ADVANCED_FACE ( 'NONE', ( #1974 ), #2205, .F. ) ;
#3328 = EDGE_LOOP ( 'NONE', ( #953, #3141, #3440, #3136 ) ) ;
#3329 = CARTESIAN_POINT ( 'NONE',  ( -0.1584398459945224880, -0.3388805234486684803, -0.007138370588288404754 ) ) ;
#3330 = ORIENTED_EDGE ( 'NONE', *, *, #271, .F. ) ;
#3331 = FACE_OUTER_BOUND ( 'NONE', #3478, .T. ) ;
#3332 = FACE_OUTER_BOUND ( 'NONE', #2103, .T. ) ;
#3333 = ORIENTED_EDGE ( 'NONE', *, *, #3337, .T. ) ;
#3334 = CARTESIAN_POINT ( 'NONE',  ( -6.366200214724579616E-16, 0.0000000000000000000, -0.007138370588289512375 ) ) ;
#3335 = VECTOR ( 'NONE', #971, 39.37007874015748143 ) ;
#3336 = DIMENSIONAL_EXPONENTS ( 1.000000000000000000, 0.0000000000000000000, 0.0000000000000000000, 0.0000000000000000000, 0.0000000000000000000, 0.0000000000000000000, 0.0000000000000000000 ) ;
#3337 = EDGE_CURVE ( 'NONE', #1298, #1840, #3184, .T. ) ;
#3338 = SURFACE_SIDE_STYLE ('',( #347 ) ) ;
#3339 = VECTOR ( 'NONE', #2611, 39.37007874015748143 ) ;
#3340 = CARTESIAN_POINT ( 'NONE',  ( 0.05905511811023619884, -0.5868173748789419220, 0.07773898141128299244 ) ) ;
#3341 = ADVANCED_FACE ( 'NONE', ( #3310 ), #315, .T. ) ;
#3342 = ORIENTED_EDGE ( 'NONE', *, *, #3474, .F. ) ;
#3343 = AXIS2_PLACEMENT_3D ( 'NONE', #1918, #2460, #240 ) ;
#3344 = LENGTH_MEASURE_WITH_UNIT ( LENGTH_MEASURE( 0.02539999999999999897 ), #1922 );
#3345 = SURFACE_STYLE_FILL_AREA ( #1075 ) ;
#3346 = AXIS2_PLACEMENT_3D ( 'NONE', #551, #1643, #528 ) ;
#3347 = DIRECTION ( 'NONE',  ( -6.982962677686266711E-15, 0.0000000000000000000, -1.000000000000000000 ) ) ;
#3348 = ORIENTED_EDGE ( 'NONE', *, *, #3178, .T. ) ;
#3349 = CARTESIAN_POINT ( 'NONE',  ( 0.05905511811023567842, -0.5128805344321148985, 0.004672653033757318691 ) ) ;
#3350 = CARTESIAN_POINT ( 'NONE',  ( -1.692563776903062835E-16, 0.0000000000000000000, 0.05979076326997821711 ) ) ;
#3351 = LINE ( 'NONE', #851, #2667 ) ;
#3352 = VERTEX_POINT ( 'NONE', #1941 ) ;
#3353 = DIRECTION ( 'NONE',  ( -1.000000000000000000, 0.0000000000000000000, 7.004355167151636431E-15 ) ) ;
#3354 = PRESENTATION_LAYER_ASSIGNMENT (  '', '', ( #2418 ) ) ;
#3355 = AXIS2_PLACEMENT_3D ( 'NONE', #3253, #1613, #2428 ) ;
#3356 = CIRCLE ( 'NONE', #95, 0.3769330499553153468 ) ;
#3357 = DIRECTION ( 'NONE',  ( -6.982962677686266711E-15, 0.0000000000000000000, -1.000000000000000000 ) ) ;
#3358 = PRESENTATION_LAYER_ASSIGNMENT (  '', '', ( #3473 ) ) ;
#3359 = CIRCLE ( 'NONE', #1128, 0.3139763779527559584 ) ;
#3360 = SURFACE_SIDE_STYLE ('',( #1703 ) ) ;
#3361 = VERTEX_POINT ( 'NONE', #2263 ) ;
#3362 = CARTESIAN_POINT ( 'NONE',  ( 0.1849092803877946112, -0.3284616905745356141, -0.007138370588290806479 ) ) ;
#3363 = EDGE_CURVE ( 'NONE', #432, #1762, #796, .T. ) ;
#3364 = CARTESIAN_POINT ( 'NONE',  ( -1.417643986442973787E-16, 0.0000000000000000000, 0.06372777114399395815 ) ) ;
#3365 = PRESENTATION_STYLE_ASSIGNMENT (( #2228 ) ) ;
#3366 =( CONVERSION_BASED_UNIT ( 'INCH', #3113 ) LENGTH_UNIT ( ) NAMED_UNIT ( #390 ) );
#3367 = VERTEX_POINT ( 'NONE', #1349 ) ;
#3368 = DIRECTION ( 'NONE',  ( 6.982962677686266711E-15, 0.0000000000000000000, 1.000000000000000000 ) ) ;
#3369 = CARTESIAN_POINT ( 'NONE',  ( -0.1849092803877959157, -0.4693470688223111420, -0.007138370588288218271 ) ) ;
#3370 = ORIENTED_EDGE ( 'NONE', *, *, #2680, .F. ) ;
#3371 = VERTEX_POINT ( 'NONE', #2191 ) ;
#3372 = FACE_OUTER_BOUND ( 'NONE', #1599, .T. ) ;
#3373 =( NAMED_UNIT ( * ) SI_UNIT ( $, .STERADIAN. ) SOLID_ANGLE_UNIT ( ) );
#3374 = EDGE_CURVE ( 'NONE', #3419, #2068, #2534, .T. ) ;
#3375 = ORIENTED_EDGE ( 'NONE', *, *, #2708, .T. ) ;
#3376 = DIRECTION ( 'NONE',  ( -0.4905626620158011764, -0.8714059184077022069, 3.425608416158911566E-15 ) ) ;
#3377 = DIRECTION ( 'NONE',  ( -6.982962677686266711E-15, 0.0000000000000000000, -1.000000000000000000 ) ) ;
#3378 = DIRECTION ( 'NONE',  ( 1.000000000000000000, 0.0000000000000000000, -7.124757133476171544E-15 ) ) ;
#3379 = SURFACE_STYLE_FILL_AREA ( #1923 ) ;
#3380 = CARTESIAN_POINT ( 'NONE',  ( 0.1849092803877946112, -0.3284616905745275650, -0.007138370588290809948 ) ) ;
#3381 = ORIENTED_EDGE ( 'NONE', *, *, #2948, .F. ) ;
#3382 = CARTESIAN_POINT ( 'NONE',  ( 0.1612872331437001372, -0.4779796453935034606, -0.007138370588290639078 ) ) ;
#3383 = DIRECTION ( 'NONE',  ( -6.982962677686266711E-15, 0.0000000000000000000, -1.000000000000000000 ) ) ;
#3384 = ORIENTED_EDGE ( 'NONE', *, *, #3254, .T. ) ;
#3385 = EDGE_LOOP ( 'NONE', ( #1973, #925, #2734, #1509 ) ) ;
#3386 = DIRECTION ( 'NONE',  ( 6.982962677686265922E-15, 0.0000000000000000000, 1.000000000000000000 ) ) ;
#3387 = CLOSED_SHELL ( 'NONE', ( #2612, #3270, #116, #3579 ) ) ;
#3388 = CARTESIAN_POINT ( 'NONE',  ( -0.05905511811023698293, -0.4687354684956693274, -0.02485490602135996541 ) ) ;
#3389 = SURFACE_SIDE_STYLE ('',( #1175 ) ) ;
#3390 = DIRECTION ( 'NONE',  ( -1.000000000000000000, 0.0000000000000000000, 6.969871108835386098E-15 ) ) ;
#3391 = STYLED_ITEM ( 'NONE', ( #2514 ), #332 ) ;
#3392 = AXIS2_PLACEMENT_3D ( 'NONE', #280, #1393, #3353 ) ;
#3393 =( NAMED_UNIT ( * ) SI_UNIT ( $, .STERADIAN. ) SOLID_ANGLE_UNIT ( ) );
#3394 = CARTESIAN_POINT ( 'NONE',  ( 0.1494762095216532749, -0.4941566678307086624, 0.04404273177391417049 ) ) ;
#3395 = DIRECTION ( 'NONE',  ( -1.000000000000000000, 0.0000000000000000000, 6.982962677686265922E-15 ) ) ;
#3396 = ORIENTED_EDGE ( 'NONE', *, *, #579, .T. ) ;
#3397 =( LENGTH_UNIT ( ) NAMED_UNIT ( * ) SI_UNIT ( $, .METRE. ) );
#3398 = FILL_AREA_STYLE_COLOUR ( '', #2608 ) ;
#3399 = CIRCLE ( 'NONE', #2468, 0.3651220263332680127 ) ;
#3400 = CARTESIAN_POINT ( 'NONE',  ( -0.04317699692330771027, -0.3744519609847244968, -0.007138370588289205329 ) ) ;
#3401 = ORIENTED_EDGE ( 'NONE', *, *, #2444, .F. ) ;
#3402 = ORIENTED_EDGE ( 'NONE', *, *, #2557, .F. ) ;
#3403 = DIRECTION ( 'NONE',  ( -6.982962677686265922E-15, 0.0000000000000000000, -1.000000000000000000 ) ) ;
#3404 = AXIS2_PLACEMENT_3D ( 'NONE', #1877, #641, #1380 ) ;
#3405 = EDGE_CURVE ( 'NONE', #138, #1208, #508, .T. ) ;
#3406 = AXIS2_PLACEMENT_3D ( 'NONE', #3464, #659, #2005 ) ;
#3407 = DIRECTION ( 'NONE',  ( -6.982962677686266711E-15, 0.0000000000000000000, -1.000000000000000000 ) ) ;
#3408 = VERTEX_POINT ( 'NONE', #99 ) ;
#3409 = PLANE ( 'NONE',  #489 ) ;
#3410 = VECTOR ( 'NONE', #227, 39.37007874015748143 ) ;
#3411 = AXIS2_PLACEMENT_3D ( 'NONE', #3216, #1275, #816 ) ;
#3412 = ORIENTED_EDGE ( 'NONE', *, *, #532, .T. ) ;
#3413 = CARTESIAN_POINT ( 'NONE',  ( -0.2066929133858269041, -0.4616432474493692428, 0.06382453738578888758 ) ) ;
#3414 = VECTOR ( 'NONE', #1011, 39.37007874015748143 ) ;
#3415 = CARTESIAN_POINT ( 'NONE',  ( -0.4148255122018111307, -0.2076771653543307283, 0.06372777114399685860 ) ) ;
#3416 = AXIS2_PLACEMENT_3D ( 'NONE', #2364, #977, #375 ) ;
#3417 = FACE_BOUND ( 'NONE', #2023, .T. ) ;
#3418 = CARTESIAN_POINT ( 'NONE',  ( -0.09043579421583392008, -0.5043023969327929956, -0.004118181454617357053 ) ) ;
#3419 = VERTEX_POINT ( 'NONE', #2341 ) ;
#3420 = FACE_OUTER_BOUND ( 'NONE', #2585, .T. ) ;
#3421 = CARTESIAN_POINT ( 'NONE',  ( -0.03829538616868093798, -0.3700743151995854463, -0.006083598242633850468 ) ) ;
#3422 = ORIENTED_EDGE ( 'NONE', *, *, #1646, .F. ) ;
#3423 = EDGE_LOOP ( 'NONE', ( #1429, #2717, #611, #959 ) ) ;
#3424 = CARTESIAN_POINT ( 'NONE',  ( 0.05905511811023567842, -0.5128805344321148985, 0.004672653033757318691 ) ) ;
#3425 =( NAMED_UNIT ( * ) PLANE_ANGLE_UNIT ( ) SI_UNIT ( $, .RADIAN. ) );
#3426 = EDGE_LOOP ( 'NONE', ( #2550, #1569, #1545, #1028 ) ) ;
#3427 = EDGE_CURVE ( 'NONE', #1270, #742, #3530, .T. ) ;
#3428 = ORIENTED_EDGE ( 'NONE', *, *, #1122, .T. ) ;
#3429 = DIRECTION ( 'NONE',  ( 1.000000000000000000, 0.0000000000000000000, -6.982962677686266711E-15 ) ) ;
#3430 = DIRECTION ( 'NONE',  ( 0.0000000000000000000, 1.000000000000000000, 0.0000000000000000000 ) ) ;
#3431 = ADVANCED_FACE ( 'NONE', ( #875 ), #2324, .T. ) ;
#3432 = CARTESIAN_POINT ( 'NONE',  ( 0.08254707566338519154, -0.3677832302431102152, -0.007138370588290092640 ) ) ;
#3433 = PLANE ( 'NONE',  #1471 ) ;
#3434 = VERTEX_POINT ( 'NONE', #2857 ) ;
#3435 = CARTESIAN_POINT ( 'NONE',  ( -0.03136597330126039695, -0.4232516879196850934, 0.004672653033757934518 ) ) ;
#3436 = CARTESIAN_POINT ( 'NONE',  ( 0.2066929133858266820, -0.4711746288366554514, 0.06710018769120534854 ) ) ;
#3437 = ADVANCED_FACE ( 'NONE', ( #3188, #3417, #2042 ), #629, .T. ) ;
#3438 = DIRECTION ( 'NONE',  ( -1.000000000000000000, 0.0000000000000000000, 6.982962677686265922E-15 ) ) ;
#3439 = ORIENTED_EDGE ( 'NONE', *, *, #1986, .F. ) ;
#3440 = ORIENTED_EDGE ( 'NONE', *, *, #1343, .T. ) ;
#3441 = DIRECTION ( 'NONE',  ( -6.982962677686266711E-15, 0.0000000000000000000, -1.000000000000000000 ) ) ;
#3442 = LINE ( 'NONE', #2832, #2241 ) ;
#3443 = ORIENTED_EDGE ( 'NONE', *, *, #246, .F. ) ;
#3444 = ORIENTED_EDGE ( 'NONE', *, *, #696, .F. ) ;
#3445 = DIRECTION ( 'NONE',  ( -6.982962677686265922E-15, 0.0000000000000000000, -1.000000000000000000 ) ) ;
#3446 = CARTESIAN_POINT ( 'NONE',  ( -0.5216535433070860206, 6.388413420748988308E-17, 0.1680584798054149398 ) ) ;
#3447 = LENGTH_MEASURE_WITH_UNIT ( LENGTH_MEASURE( 0.02539999999999999897 ), #2558 );
#3448 = STYLED_ITEM ( 'NONE', ( #3036 ), #222 ) ;
#3449 = CARTESIAN_POINT ( 'NONE',  ( -0.09332361843526455758, -0.3540629355476808127, -0.0001679168662755352694 ) ) ;
#3450 = DIRECTION ( 'NONE',  ( 0.0000000000000000000, 1.000000000000000000, 0.0000000000000000000 ) ) ;
#3451 = ORIENTED_EDGE ( 'NONE', *, *, #1868, .T. ) ;
#3452 = DIRECTION ( 'NONE',  ( 0.0000000000000000000, -1.000000000000000000, 0.0000000000000000000 ) ) ;
#3453 = VECTOR ( 'NONE', #2175, 39.37007874015748143 ) ;
#3454 = CARTESIAN_POINT ( 'NONE',  ( 0.2066929133858266265, -0.4615846011723160336, 0.06397593969669389258 ) ) ;
#3455 = CARTESIAN_POINT ( 'NONE',  ( -0.05905511811023608781, -0.5788457716672429365, 0.1053666796703180281 ) ) ;
#3456 = AXIS2_PLACEMENT_3D ( 'NONE', #2154, #1327, #1679 ) ;
#3457 = ORIENTED_EDGE ( 'NONE', *, *, #2511, .T. ) ;
#3458 = VERTEX_POINT ( 'NONE', #2931 ) ;
#3459 = PLANE ( 'NONE',  #2111 ) ;
#3460 = EDGE_CURVE ( 'NONE', #2134, #28, #2083, .T. ) ;
#3461 = DIRECTION ( 'NONE',  ( 0.0000000000000000000, -1.000000000000000000, 0.0000000000000000000 ) ) ;
#3462 = CIRCLE ( 'NONE', #670, 0.3139763779527559584 ) ;
#3463 =( GEOMETRIC_REPRESENTATION_CONTEXT ( 3 ) GLOBAL_UNCERTAINTY_ASSIGNED_CONTEXT ( ( #1341 ) ) GLOBAL_UNIT_ASSIGNED_CONTEXT ( ( #2331, #142, #741 ) ) REPRESENTATION_CONTEXT ( 'NONE', 'WORKASPACE' ) );
#3464 = CARTESIAN_POINT ( 'NONE',  ( -0.2076771653543308671, 0.3597074019655905341, 0.06372777114399540144 ) ) ;
#3465 = CARTESIAN_POINT ( 'NONE',  ( -0.1849092803877959157, -0.4693470688224409271, -0.007138370588288214802 ) ) ;
#3466 = AXIS2_PLACEMENT_3D ( 'NONE', #3061, #2753, #247 ) ;
#3467 = VECTOR ( 'NONE', #1003, 39.37007874015748143 ) ;
#3468 = CARTESIAN_POINT ( 'NONE',  ( -0.1494762095216538300, -0.4941566678307086624, 0.04404273177391625910 ) ) ;
#3469 = DIRECTION ( 'NONE',  ( -1.000000000000000000, 0.0000000000000000000, 6.982962677686265922E-15 ) ) ;
#3470 = DIRECTION ( 'NONE',  ( -0.9999894205215352772, 0.004599874455247162340, 6.982888801582998082E-15 ) ) ;
#3471 = ORIENTED_EDGE ( 'NONE', *, *, #1605, .T. ) ;
#3472 = CARTESIAN_POINT ( 'NONE',  ( 0.09386158711770233032, -0.3533635974559173887, 0.001252393966463913322 ) ) ;
#3473 = STYLED_ITEM ( 'NONE', ( #429 ), #3235 ) ;
#3474 = EDGE_CURVE ( 'NONE', #1185, #2134, #3140, .T. ) ;
#3475 = CARTESIAN_POINT ( 'NONE',  ( 0.2066929133858267098, -0.4801168239616915301, 0.07596217021282479498 ) ) ;
#3476 = CARTESIAN_POINT ( 'NONE',  ( 0.09435809928543278935, -0.5075731461314961779, 0.04404273177391454519 ) ) ;
#3477 = MECHANICAL_DESIGN_GEOMETRIC_PRESENTATION_REPRESENTATION (  '', ( #326 ), #2425 ) ;
#3478 = EDGE_LOOP ( 'NONE', ( #191, #1984, #1138, #2554 ) ) ;
#3479 = ORIENTED_EDGE ( 'NONE', *, *, #529, .F. ) ;
#3480 = PLANE ( 'NONE',  #261 ) ;
#3481 = EDGE_CURVE ( 'NONE', #587, #236, #2546, .T. ) ;
#3482 = LINE ( 'NONE', #1035, #675 ) ;
#3483 = EDGE_CURVE ( 'NONE', #2497, #2551, #2008, .T. ) ;
#3484 = LINE ( 'NONE', #1202, #2284 ) ;
#3485 = LINE ( 'NONE', #2374, #1886 ) ;
#3486 = LINE ( 'NONE', #2687, #1363 ) ;
#3487 = CARTESIAN_POINT ( 'NONE',  ( -0.08747656321669512736, -0.3615742475958660940, -0.006071272244980613006 ) ) ;
#3488 = CARTESIAN_POINT ( 'NONE',  ( 2.293773184768231202E-16, 0.0000000000000000000, 0.1168773774432065593 ) ) ;
#3489 = VERTEX_POINT ( 'NONE', #3206 ) ;
#3490 = DIRECTION ( 'NONE',  ( -1.000000000000000000, 0.0000000000000000000, 7.124757133476171544E-15 ) ) ;
#3491 = DIRECTION ( 'NONE',  ( -6.982962677686266711E-15, 0.0000000000000000000, -1.000000000000000000 ) ) ;
#3492 = CARTESIAN_POINT ( 'NONE',  ( 0.03997966915125752974, -0.3715918866737341064, -0.006726209878340487502 ) ) ;
#3493 = DIRECTION ( 'NONE',  ( 1.000000000000000000, 0.0000000000000000000, -6.982962677686265922E-15 ) ) ;
#3494 = ORIENTED_EDGE ( 'NONE', *, *, #577, .T. ) ;
#3495 = EDGE_LOOP ( 'NONE', ( #2470, #3269, #960, #229 ) ) ;
#3496 = DIRECTION ( 'NONE',  ( -0.1020408163264970025, -0.9947802128125700083, 7.080503983578804809E-16 ) ) ;
#3497 = EDGE_CURVE ( 'NONE', #60, #1920, #2598, .T. ) ;
#3498 = CARTESIAN_POINT ( 'NONE',  ( 0.1849092803877947222, 2.130364479316929405, 0.004672653033756431380 ) ) ;
#3499 = B_SPLINE_CURVE_WITH_KNOTS ( 'NONE', 3,
 ( #631, #1990, #2822, #861 ),
 .UNSPECIFIED., .F., .F.,
 ( 4, 4 ),
 ( 0.0000000000000000000, 1.000000000000000000 ),
 .UNSPECIFIED. ) ;
#3500 = EDGE_CURVE ( 'NONE', #1687, #3560, #2721, .T. ) ;
#3501 = DIRECTION ( 'NONE',  ( -6.982962677686265922E-15, 0.0000000000000000000, -1.000000000000000000 ) ) ;
#3502 = DIRECTION ( 'NONE',  ( 0.0000000000000000000, 1.000000000000000000, 0.0000000000000000000 ) ) ;
#3503 = ORIENTED_EDGE ( 'NONE', *, *, #2944, .F. ) ;
#3504 =( GEOMETRIC_REPRESENTATION_CONTEXT ( 3 ) GLOBAL_UNCERTAINTY_ASSIGNED_CONTEXT ( ( #1862 ) ) GLOBAL_UNIT_ASSIGNED_CONTEXT ( ( #2749, #3268, #3000 ) ) REPRESENTATION_CONTEXT ( 'NONE', 'WORKASPACE' ) );
#3505 = PLANE ( 'NONE',  #1558 ) ;
#3506 = ORIENTED_EDGE ( 'NONE', *, *, #232, .T. ) ;
#3507 = ORIENTED_EDGE ( 'NONE', *, *, #178, .F. ) ;
#3508 = DIRECTION ( 'NONE',  ( -6.982962677686266711E-15, 0.0000000000000000000, -1.000000000000000000 ) ) ;
#3509 = AXIS2_PLACEMENT_3D ( 'NONE', #2439, #1047, #2156 ) ;
#3510 = CIRCLE ( 'NONE', #832, 0.5649606299212598381 ) ;
#3511 = CARTESIAN_POINT ( 'NONE',  ( 0.3045892917293701596, 0.2076771653543307283, 0.1030978498841493146 ) ) ;
#3512 = CIRCLE ( 'NONE', #3343, 0.05511811023622047861 ) ;
#3513 = EDGE_CURVE ( 'NONE', #1462, #878, #32, .T. ) ;
#3514 = CIRCLE ( 'NONE', #897, 0.5216535433070865757 ) ;
#3515 = PLANE ( 'NONE',  #961 ) ;
#3516 = CIRCLE ( 'NONE', #2714, 0.5162692607295275016 ) ;
#3517 = ADVANCED_FACE ( 'NONE', ( #3518 ), #1021, .T. ) ;
#3518 = FACE_OUTER_BOUND ( 'NONE', #1769, .T. ) ;
#3519 = AXIS2_PLACEMENT_3D ( 'NONE', #2420, #2385, #202 ) ;
#3520 = CARTESIAN_POINT ( 'NONE',  ( -0.3045892917293701596, -0.2076771653543307283, 0.06372777114399608145 ) ) ;
#3521 = ORIENTED_EDGE ( 'NONE', *, *, #2479, .F. ) ;
#3522 = CYLINDRICAL_SURFACE ( 'NONE', #488, 0.05511811023622047861 ) ;
#3523 = CIRCLE ( 'NONE', #387, 0.05511811023622047861 ) ;
#3524 = CARTESIAN_POINT ( 'NONE',  ( 0.03405953243684157333, -0.3662364788395228721, -0.002845860333290161064 ) ) ;
#3525 = DIRECTION ( 'NONE',  ( 0.0000000000000000000, 1.000000000000000000, 0.0000000000000000000 ) ) ;
#3526 = ORIENTED_EDGE ( 'NONE', *, *, #1585, .T. ) ;
#3527 = ORIENTED_EDGE ( 'NONE', *, *, #276, .F. ) ;
#3528 = FACE_OUTER_BOUND ( 'NONE', #182, .T. ) ;
#3529 = CIRCLE ( 'NONE', #850, 0.5255905511811022057 ) ;
#3530 = CIRCLE ( 'NONE', #1141, 0.01181102362204726995 ) ;
#3531 = CARTESIAN_POINT ( 'NONE',  ( -0.2066929133858269318, -0.4574389778984252475, 0.06372777114399540144 ) ) ;
#3532 = CARTESIAN_POINT ( 'NONE',  ( -0.2627952755905510474, 0.3597074019655905341, 0.1030978498841532837 ) ) ;
#3533 = EDGE_CURVE ( 'NONE', #2102, #1574, #2145, .T. ) ;
#3534 = CARTESIAN_POINT ( 'NONE',  ( 0.3045892917293698821, 0.2076771653543307283, 0.06372777114399182097 ) ) ;
#3535 = UNCERTAINTY_MEASURE_WITH_UNIT (LENGTH_MEASURE( 1.000000000000000082E-05 ), #1521, 'distance_accuracy_value', 'NONE');
#3536 = DIRECTION ( 'NONE',  ( 1.000000000000000000, 0.0000000000000000000, -7.011425895934133952E-15 ) ) ;
#3537 = DIRECTION ( 'NONE',  ( 6.982962677686266711E-15, 0.0000000000000000000, 1.000000000000000000 ) ) ;
#3538 = ORIENTED_EDGE ( 'NONE', *, *, #2795, .T. ) ;
#3539 = DIRECTION ( 'NONE',  ( -6.982962677686265922E-15, 0.0000000000000000000, -1.000000000000000000 ) ) ;
#3540 = CARTESIAN_POINT ( 'NONE',  ( 0.03293231030232003642, -0.3652058870217335662, -0.001251813696272581532 ) ) ;
#3541 = DIRECTION ( 'NONE',  ( 0.0000000000000000000, -1.000000000000000000, 0.0000000000000000000 ) ) ;
#3542 = DIRECTION ( 'NONE',  ( -1.000000000000000000, 0.0000000000000000000, 6.982962677686265922E-15 ) ) ;
#3543 = VERTEX_POINT ( 'NONE', #2952 ) ;
#3544 = CARTESIAN_POINT ( 'NONE',  ( -0.1555561773740999632, -0.3370390268132361644, -0.006101234463503918924 ) ) ;
#3545 = EDGE_CURVE ( 'NONE', #1208, #2453, #765, .T. ) ;
#3546 = DIRECTION ( 'NONE',  ( -1.000000000000000000, 0.0000000000000000000, 6.982962677686265922E-15 ) ) ;
#3547 = CARTESIAN_POINT ( 'NONE',  ( -6.778579900414713066E-16, 0.0000000000000000000, -0.01304388239931313608 ) ) ;
#3548 = DIRECTION ( 'NONE',  ( 0.0000000000000000000, 1.000000000000000000, 0.0000000000000000000 ) ) ;
#3549 = DIRECTION ( 'NONE',  ( -6.982962677686265922E-15, 0.0000000000000000000, -1.000000000000000000 ) ) ;
#3550 = FILL_AREA_STYLE ('',( #1455 ) ) ;
#3551 = DIRECTION ( 'NONE',  ( -6.982962677686266711E-15, 0.0000000000000000000, -1.000000000000000000 ) ) ;
#3552 = EDGE_LOOP ( 'NONE', ( #35, #1458, #1111, #251, #168 ) ) ;
#3553 = DIRECTION ( 'NONE',  ( 0.1250000000000026368, -0.9921567416492211855, -8.763967560924495818E-16 ) ) ;
#3554 = ORIENTED_CLOSED_SHELL ( 'NONE', *, #823, .F. );
#3555 = EDGE_CURVE ( 'NONE', #3458, #121, #3486, .T. ) ;
#3556 = PRESENTATION_STYLE_ASSIGNMENT (( #1817 ) ) ;
#3557 = CARTESIAN_POINT ( 'NONE',  ( 0.03518187328131212183, -0.3672568406931645546, -0.004023367025729049015 ) ) ;
#3558 = DIRECTION ( 'NONE',  ( -6.982962677686265922E-15, 0.0000000000000000000, -1.000000000000000000 ) ) ;
#3559 = FACE_OUTER_BOUND ( 'NONE', #1696, .T. ) ;
#3560 = VERTEX_POINT ( 'NONE', #1863 ) ;
#3561 = DIRECTION ( 'NONE',  ( -1.000000000000000000, 0.0000000000000000000, 6.982962677686265922E-15 ) ) ;
#3562 = CIRCLE ( 'NONE', #1993, 0.3651220263332677352 ) ;
#3563 = CARTESIAN_POINT ( 'NONE',  ( -0.05905511811023685803, -0.5041228845278744597, -0.006837742438062130793 ) ) ;
#3564 = EDGE_CURVE ( 'NONE', #477, #60, #2710, .T. ) ;
#3565 = AXIS2_PLACEMENT_3D ( 'NONE', #2786, #3377, #1103 ) ;
#3566 = CARTESIAN_POINT ( 'NONE',  ( 0.03779671930780365702, -0.4237071703557972469, -0.005865115756420668028 ) ) ;
#3567 = AXIS2_PLACEMENT_3D ( 'NONE', #2417, #694, #1227 ) ;
#3568 = ORIENTED_EDGE ( 'NONE', *, *, #744, .F. ) ;
#3569 = UNCERTAINTY_MEASURE_WITH_UNIT (LENGTH_MEASURE( 1.000000000000000082E-05 ), #1552, 'distance_accuracy_value', 'NONE');
#3570 = VECTOR ( 'NONE', #702, 39.37007874015748143 ) ;
#3571 = ORIENTED_EDGE ( 'NONE', *, *, #1618, .F. ) ;
#3572 = CARTESIAN_POINT ( 'NONE',  ( 0.08925342337471391108, -0.3593081601282357429, -0.005079311685206248060 ) ) ;
#3573 = AXIS2_PLACEMENT_3D ( 'NONE', #3334, #2003, #3376 ) ;
#3574 = VECTOR ( 'NONE', #1676, 39.37007874015748143 ) ;
#3575 = DIRECTION ( 'NONE',  ( 1.000000000000000000, 0.0000000000000000000, -7.011425895934133952E-15 ) ) ;
#3576 = CARTESIAN_POINT ( 'NONE',  ( 0.3602362204724408046, 0.0000000000000000000, 0.06372777114399143239 ) ) ;
#3577 = VERTEX_POINT ( 'NONE', #1279 ) ;
#3578 = CARTESIAN_POINT ( 'NONE',  ( -0.1510357877273247607, -0.3341342534967675082, -0.001947733579801356986 ) ) ;
#3579 = ADVANCED_FACE ( 'NONE', ( #2969 ), #158, .F. ) ;
#3580 = PRESENTATION_LAYER_ASSIGNMENT (  '', '', ( #1555 ) ) ;
#3581 = MECHANICAL_DESIGN_GEOMETRIC_PRESENTATION_REPRESENTATION (  '', ( #2418 ), #1311 ) ;
#3582 = DIRECTION ( 'NONE',  ( -1.000000000000000000, 0.0000000000000000000, 6.978189126646753508E-15 ) ) ;
#3583 = AXIS2_PLACEMENT_3D ( 'NONE', #2405, #2114, #1037 ) ;
#3584 = VECTOR ( 'NONE', #1838, 39.37007874015748143 ) ;
#3585 = DIRECTION ( 'NONE',  ( 0.0000000000000000000, -1.000000000000000000, 0.0000000000000000000 ) ) ;
#3586 = PLANE ( 'NONE',  #2401 ) ;
#3587 = EDGE_CURVE ( 'NONE', #1345, #2609, #2357, .T. ) ;
#3588 = AXIS2_PLACEMENT_3D ( 'NONE', #848, #1964, #26 ) ;
#3589 = CARTESIAN_POINT ( 'NONE',  ( -0.08254707566338642666, -2.130462867507086688, 0.004672653033758309218 ) ) ;
#3590 = LINE ( 'NONE', #491, #19 ) ;
#3591 = CARTESIAN_POINT ( 'NONE',  ( -0.1494762095216538300, -0.3331230356801574977, 0.04404273177391625910 ) ) ;
#3592 = ORIENTED_EDGE ( 'NONE', *, *, #3300, .T. ) ;
#3593 = CYLINDRICAL_SURFACE ( 'NONE', #1547, 0.02362204724409448786 ) ;
#3594 = CYLINDRICAL_SURFACE ( 'NONE', #2372, 0.5026578869255905468 ) ;
#3595 =( CONVERSION_BASED_UNIT ( 'INCH', #2206 ) LENGTH_UNIT ( ) NAMED_UNIT ( #1942 ) );
#3596 = DIRECTION ( 'NONE',  ( 1.000000000000000000, 0.0000000000000000000, -6.978447859385525492E-15 ) ) ;
#3597 = EDGE_LOOP ( 'NONE', ( #1532, #2391, #1288, #2436 ) ) ;
#3598 = ORIENTED_EDGE ( 'NONE', *, *, #1125, .F. ) ;
#3599 = PLANE ( 'NONE',  #2651 ) ;
#3600 = CARTESIAN_POINT ( 'NONE',  ( 0.1877220681543617931, -0.4712619571305243227, -0.007138370588290826428 ) ) ;
#3601 = EDGE_CURVE ( 'NONE', #217, #2057, #846, .T. ) ;
#3602 = FACE_OUTER_BOUND ( 'NONE', #3139, .T. ) ;
#3603 = ORIENTED_EDGE ( 'NONE', *, *, #3111, .F. ) ;
#3604 = DIRECTION ( 'NONE',  ( -6.982962677686265922E-15, 0.0000000000000000000, -1.000000000000000000 ) ) ;
#3605 = EDGE_LOOP ( 'NONE', ( #3494, #678, #3158, #379 ) ) ;
#3606 = ADVANCED_FACE ( 'NONE', ( #3218 ), #819, .T. ) ;
#3607 = CARTESIAN_POINT ( 'NONE',  ( -1.417643986442973787E-16, 0.0000000000000000000, 0.06372777114399395815 ) ) ;
#3608 = VERTEX_POINT ( 'NONE', #241 ) ;
#3609 = DIRECTION ( 'NONE',  ( 1.000000000000000000, 0.0000000000000000000, -6.996718019773122999E-15 ) ) ;
#3610 = LENGTH_MEASURE_WITH_UNIT ( LENGTH_MEASURE( 0.02539999999999999897 ), #2161 );
#3611 = ORIENTED_EDGE ( 'NONE', *, *, #1310, .T. ) ;
#3612 = DIRECTION ( 'NONE',  ( -6.982962677686266711E-15, 0.0000000000000000000, -1.000000000000000000 ) ) ;
ENDSEC;
END-ISO-10303-21;
